{
"type": "FeatureCollection",
"name": "adrh_cusec_2023",
"crs": { "type": "name", "properties": { "name": "urn:ogc:def:crs:OGC:1.3:CRS84" } },
"features": [
{ "type": "Feature", "properties": { "CUSEC": "1503001001", "income_mean_household": 40614.0, "income_mean_person": 19700.0, "poverty_fixed_7500eur": 6.3, "poverty_relative_below60pct": 13.8, "affluence_relative_above200pct": 32.6, "child_poverty_relative_below60pct": null, "gini_index": 40.9, "p80p20_ratio": 3.5, "pct_under18": 10.7, "pct_over65": 24.8, "income_source_salary": 57.2, "income_source_pensions": 11.6, "income_source_unemployment": 0.6, "income_source_other_benefits": 1.7, "income_source_other_income": 28.9 }, "geometry": { "type": "MultiPolygon", "coordinates": [ [ [ [ -8.39480665, 43.37158405 ], [ -8.39485023, 43.3712558 ], [ -8.39490049, 43.3708765 ], [ -8.39496446, 43.37039437 ], [ -8.39481699, 43.37030275 ], [ -8.39462584, 43.37018375 ], [ -8.39477191, 43.37007107 ], [ -8.39498708, 43.3699194 ], [ -8.39470674, 43.36980683 ], [ -8.39464365, 43.36982232 ], [ -8.39448815, 43.36979421 ], [ -8.39443812, 43.3697522 ], [ -8.3942905, 43.36970288 ], [ -8.39411749, 43.36970608 ], [ -8.39390476, 43.36969216 ], [ -8.39368465, 43.36966924 ], [ -8.39362095, 43.36968471 ], [ -8.39368046, 43.36948188 ], [ -8.39364467, 43.36943608 ], [ -8.39360407, 43.36938415 ], [ -8.39357836, 43.36935133 ], [ -8.39356534, 43.36935506 ], [ -8.39354653, 43.36936054 ], [ -8.39348378, 43.36928043 ], [ -8.39352825, 43.36926184 ], [ -8.39356525, 43.36924225 ], [ -8.39331512, 43.36891556 ], [ -8.39380528, 43.36874125 ], [ -8.39386925, 43.36864631 ], [ -8.39451664, 43.36837947 ], [ -8.39698504, 43.36847023 ], [ -8.39697753, 43.36857018 ], [ -8.39643174, 43.36858066 ], [ -8.39633699, 43.36858249 ], [ -8.39626736, 43.36960308 ], [ -8.39847539, 43.36981454 ], [ -8.39864668, 43.36991801 ], [ -8.39868101, 43.36998047 ], [ -8.39887575, 43.37033502 ], [ -8.39886116, 43.37044995 ], [ -8.39907806, 43.37042261 ], [ -8.39906414, 43.37056698 ], [ -8.39907026, 43.3707726 ], [ -8.39905971, 43.37079127 ], [ -8.398709, 43.37083355 ], [ -8.39861828, 43.37084442 ], [ -8.3983104, 43.3708625 ], [ -8.39766629, 43.37092134 ], [ -8.39773436, 43.37123685 ], [ -8.39727587, 43.37122976 ], [ -8.39700501, 43.37122818 ], [ -8.39682108, 43.37121286 ], [ -8.39680753, 43.37121171 ], [ -8.39672908, 43.3712052 ], [ -8.39662057, 43.37119617 ], [ -8.39658823, 43.37119346 ], [ -8.3965595, 43.37119117 ], [ -8.39649942, 43.37118605 ], [ -8.39643124, 43.37118039 ], [ -8.39641191, 43.37132508 ], [ -8.39644636, 43.37138254 ], [ -8.39648381, 43.3714203 ], [ -8.39652644, 43.37144202 ], [ -8.39672649, 43.37146838 ], [ -8.39683791, 43.37148312 ], [ -8.39683295, 43.371585 ], [ -8.39678654, 43.37170769 ], [ -8.39674968, 43.37174398 ], [ -8.39672377, 43.37174141 ], [ -8.3965382, 43.37172294 ], [ -8.39642921, 43.37173299 ], [ -8.39630852, 43.37176702 ], [ -8.39620539, 43.37182284 ], [ -8.39618015, 43.37184586 ], [ -8.39614636, 43.3718763 ], [ -8.39596736, 43.37206682 ], [ -8.39594912, 43.37208623 ], [ -8.39591389, 43.37213288 ], [ -8.39588279, 43.37217388 ], [ -8.39570837, 43.371995 ], [ -8.39546948, 43.3718991 ], [ -8.39536044, 43.37184153 ], [ -8.39531818, 43.37181932 ], [ -8.3950714, 43.37170447 ], [ -8.39480665, 43.37158405 ] ] ] ] } },
{ "type": "Feature", "properties": { "CUSEC": "1503001002", "income_mean_household": 46469.0, "income_mean_person": 22515.0, "poverty_fixed_7500eur": 6.2, "poverty_relative_below60pct": 16.5, "affluence_relative_above200pct": 20.2, "child_poverty_relative_below60pct": null, "gini_index": 33.5, "p80p20_ratio": 3.0, "pct_under18": 13.0, "pct_over65": 28.0, "income_source_salary": 58.9, "income_source_pensions": 21.6, "income_source_unemployment": 0.8, "income_source_other_benefits": 2.7, "income_source_other_income": 16.0 }, "geometry": { "type": "MultiPolygon", "coordinates": [ [ [ [ -8.39591389, 43.37213288 ], [ -8.39594912, 43.37208623 ], [ -8.39596736, 43.37206682 ], [ -8.39614636, 43.3718763 ], [ -8.39618015, 43.37184586 ], [ -8.39620539, 43.37182284 ], [ -8.39630852, 43.37176702 ], [ -8.39642921, 43.37173299 ], [ -8.3965382, 43.37172294 ], [ -8.39672377, 43.37174141 ], [ -8.39674968, 43.37174398 ], [ -8.39678654, 43.37170769 ], [ -8.39683295, 43.371585 ], [ -8.39683791, 43.37148312 ], [ -8.39672649, 43.37146838 ], [ -8.39652644, 43.37144202 ], [ -8.39648381, 43.3714203 ], [ -8.39644636, 43.37138254 ], [ -8.39641191, 43.37132508 ], [ -8.39643124, 43.37118039 ], [ -8.39649942, 43.37118605 ], [ -8.3965595, 43.37119117 ], [ -8.39658823, 43.37119346 ], [ -8.39662057, 43.37119617 ], [ -8.39672908, 43.3712052 ], [ -8.39680753, 43.37121171 ], [ -8.39682108, 43.37121286 ], [ -8.39700501, 43.37122818 ], [ -8.39727587, 43.37122976 ], [ -8.39773436, 43.37123685 ], [ -8.39766629, 43.37092134 ], [ -8.3983104, 43.3708625 ], [ -8.39861828, 43.37084442 ], [ -8.398709, 43.37083355 ], [ -8.39905971, 43.37079127 ], [ -8.39902518, 43.37085257 ], [ -8.39902887, 43.37118092 ], [ -8.39900617, 43.37122709 ], [ -8.39902024, 43.37136485 ], [ -8.39907809, 43.37141915 ], [ -8.39922756, 43.37168317 ], [ -8.39925868, 43.37175731 ], [ -8.39892424, 43.37186039 ], [ -8.39825, 43.37206818 ], [ -8.39829931, 43.3724603 ], [ -8.39771184, 43.37250009 ], [ -8.39764917, 43.372001 ], [ -8.39762147, 43.37194611 ], [ -8.39758657, 43.37198842 ], [ -8.3974946, 43.3720998 ], [ -8.3974845, 43.37211556 ], [ -8.39744726, 43.37217339 ], [ -8.39726307, 43.37245892 ], [ -8.39717758, 43.37252151 ], [ -8.3971145, 43.37245795 ], [ -8.39706925, 43.37241253 ], [ -8.39679582, 43.37231627 ], [ -8.3967182, 43.37230306 ], [ -8.39658644, 43.37228057 ], [ -8.39632802, 43.37222816 ], [ -8.39591389, 43.37213288 ] ] ] ] } },
{ "type": "Feature", "properties": { "CUSEC": "1503001003", "income_mean_household": 45323.0, "income_mean_person": 21293.0, "poverty_fixed_7500eur": 5.7, "poverty_relative_below60pct": 15.8, "affluence_relative_above200pct": 21.0, "child_poverty_relative_below60pct": null, "gini_index": 36.5, "p80p20_ratio": 3.1, "pct_under18": 13.8, "pct_over65": 20.1, "income_source_salary": 62.9, "income_source_pensions": 14.5, "income_source_unemployment": 0.9, "income_source_other_benefits": 3.1, "income_source_other_income": 18.6 }, "geometry": { "type": "MultiPolygon", "coordinates": [ [ [ [ -8.39348378, 43.36928043 ], [ -8.39354653, 43.36936054 ], [ -8.39356534, 43.36935506 ], [ -8.39357836, 43.36935133 ], [ -8.39360407, 43.36938415 ], [ -8.39364467, 43.36943608 ], [ -8.39368046, 43.36948188 ], [ -8.39362095, 43.36968471 ], [ -8.39368465, 43.36966924 ], [ -8.39390476, 43.36969216 ], [ -8.39411749, 43.36970608 ], [ -8.3942905, 43.36970288 ], [ -8.39443812, 43.3697522 ], [ -8.39448815, 43.36979421 ], [ -8.39464365, 43.36982232 ], [ -8.39470674, 43.36980683 ], [ -8.39498708, 43.3699194 ], [ -8.39477191, 43.37007107 ], [ -8.39462584, 43.37018375 ], [ -8.39481699, 43.37030275 ], [ -8.39496446, 43.37039437 ], [ -8.39490049, 43.3708765 ], [ -8.39485023, 43.3712558 ], [ -8.39480665, 43.37158405 ], [ -8.39444272, 43.3714185 ], [ -8.3940326, 43.37124093 ], [ -8.39383682, 43.37146609 ], [ -8.39366054, 43.37166875 ], [ -8.3935066, 43.37173357 ], [ -8.39335219, 43.3717439 ], [ -8.39317691, 43.37174327 ], [ -8.3920031, 43.37150608 ], [ -8.39212391, 43.37117559 ], [ -8.3921015, 43.37117145 ], [ -8.39210634, 43.37115761 ], [ -8.39212501, 43.37110466 ], [ -8.39214829, 43.371109 ], [ -8.39215666, 43.37108628 ], [ -8.39220236, 43.37109491 ], [ -8.39221825, 43.3709372 ], [ -8.39222806, 43.37087101 ], [ -8.39225994, 43.37065722 ], [ -8.39231879, 43.37018927 ], [ -8.3923451, 43.37007641 ], [ -8.39238764, 43.36993312 ], [ -8.3923261, 43.36990406 ], [ -8.39227523, 43.36989417 ], [ -8.39250992, 43.3697614 ], [ -8.39283577, 43.36957711 ], [ -8.39301612, 43.36947516 ], [ -8.39348378, 43.36928043 ] ] ] ] } },
{ "type": "Feature", "properties": { "CUSEC": "1503001004", "income_mean_household": 46914.0, "income_mean_person": 23322.0, "poverty_fixed_7500eur": 6.6, "poverty_relative_below60pct": 13.8, "affluence_relative_above200pct": 27.1, "child_poverty_relative_below60pct": null, "gini_index": 35.6, "p80p20_ratio": 3.1, "pct_under18": 11.7, "pct_over65": 25.9, "income_source_salary": 55.3, "income_source_pensions": 20.4, "income_source_unemployment": 0.8, "income_source_other_benefits": 2.6, "income_source_other_income": 20.9 }, "geometry": { "type": "MultiPolygon", "coordinates": [ [ [ [ -8.40722884, 43.36768702 ], [ -8.40807578, 43.36774701 ], [ -8.40811213, 43.36777585 ], [ -8.40810931, 43.36777724 ], [ -8.4081071, 43.36779688 ], [ -8.40811349, 43.36783153 ], [ -8.40816448, 43.36789071 ], [ -8.40855858, 43.36826327 ], [ -8.40868842, 43.36838606 ], [ -8.40877469, 43.36855549 ], [ -8.40875616, 43.36944134 ], [ -8.40856037, 43.36963269 ], [ -8.40806535, 43.36975521 ], [ -8.40731248, 43.37016901 ], [ -8.40603155, 43.37116603 ], [ -8.40567962, 43.37154977 ], [ -8.40440382, 43.37065534 ], [ -8.40431306, 43.37058778 ], [ -8.40419432, 43.37048809 ], [ -8.40405563, 43.37037173 ], [ -8.40402977, 43.37031093 ], [ -8.40401288, 43.37027141 ], [ -8.40384287, 43.3701241 ], [ -8.40381972, 43.37010986 ], [ -8.40351763, 43.37029254 ], [ -8.40320708, 43.37047161 ], [ -8.40303954, 43.37057006 ], [ -8.40290041, 43.37065763 ], [ -8.40281351, 43.37074511 ], [ -8.40267388, 43.37086368 ], [ -8.40247172, 43.370955 ], [ -8.40237828, 43.37097658 ], [ -8.40225442, 43.37079601 ], [ -8.40225033, 43.370758 ], [ -8.40205915, 43.37051955 ], [ -8.40209635, 43.37050082 ], [ -8.4023102, 43.37039399 ], [ -8.40268155, 43.37018513 ], [ -8.4029121, 43.37003567 ], [ -8.40303971, 43.36995295 ], [ -8.40331766, 43.36975127 ], [ -8.40346816, 43.36963293 ], [ -8.40366547, 43.36947448 ], [ -8.40369681, 43.36944923 ], [ -8.40395772, 43.36923981 ], [ -8.40399366, 43.36920912 ], [ -8.4041983, 43.3690346 ], [ -8.40443603, 43.36883186 ], [ -8.40454182, 43.36877982 ], [ -8.40488489, 43.36861099 ], [ -8.40517572, 43.36846781 ], [ -8.40532201, 43.36839569 ], [ -8.40555612, 43.36829006 ], [ -8.40564238, 43.36825103 ], [ -8.40603947, 43.36807175 ], [ -8.40637897, 43.36795095 ], [ -8.40658453, 43.36790115 ], [ -8.40658463, 43.36790112 ], [ -8.40722884, 43.36768702 ] ] ] ] } },
{ "type": "Feature", "properties": { "CUSEC": "1503001005", "income_mean_household": 50641.0, "income_mean_person": 22899.0, "poverty_fixed_7500eur": 4.9, "poverty_relative_below60pct": 9.9, "affluence_relative_above200pct": 22.7, "child_poverty_relative_below60pct": null, "gini_index": 33.2, "p80p20_ratio": 2.5, "pct_under18": 12.9, "pct_over65": 27.1, "income_source_salary": 55.9, "income_source_pensions": 21.0, "income_source_unemployment": 0.7, "income_source_other_benefits": 2.5, "income_source_other_income": 19.9 }, "geometry": { "type": "MultiPolygon", "coordinates": [ [ [ [ -8.39698504, 43.36847023 ], [ -8.39451664, 43.36837947 ], [ -8.39386925, 43.36864631 ], [ -8.39380528, 43.36874125 ], [ -8.39331512, 43.36891556 ], [ -8.39356525, 43.36924225 ], [ -8.39352825, 43.36926184 ], [ -8.39348378, 43.36928043 ], [ -8.39301612, 43.36947516 ], [ -8.39283577, 43.36957711 ], [ -8.39250992, 43.3697614 ], [ -8.39227523, 43.36989417 ], [ -8.3923261, 43.36990406 ], [ -8.39238764, 43.36993312 ], [ -8.3923451, 43.37007641 ], [ -8.39231879, 43.37018927 ], [ -8.39225994, 43.37065722 ], [ -8.39222806, 43.37087101 ], [ -8.39221825, 43.3709372 ], [ -8.39220236, 43.37109491 ], [ -8.39215666, 43.37108628 ], [ -8.39214829, 43.371109 ], [ -8.39212501, 43.37110466 ], [ -8.39210634, 43.37115761 ], [ -8.3921015, 43.37117145 ], [ -8.39212391, 43.37117559 ], [ -8.3920031, 43.37150608 ], [ -8.39317691, 43.37174327 ], [ -8.39335219, 43.3717439 ], [ -8.3935066, 43.37173357 ], [ -8.39366054, 43.37166875 ], [ -8.39383682, 43.37146609 ], [ -8.3940326, 43.37124093 ], [ -8.39444272, 43.3714185 ], [ -8.39480665, 43.37158405 ], [ -8.3950714, 43.37170447 ], [ -8.39531818, 43.37181932 ], [ -8.39536044, 43.37184153 ], [ -8.39546948, 43.3718991 ], [ -8.39570837, 43.371995 ], [ -8.39588279, 43.37217388 ], [ -8.39586311, 43.37219985 ], [ -8.39584371, 43.37223865 ], [ -8.39583415, 43.37229191 ], [ -8.39582457, 43.37260828 ], [ -8.39620526, 43.37270673 ], [ -8.39647406, 43.37277623 ], [ -8.39626497, 43.37318575 ], [ -8.39618638, 43.37315822 ], [ -8.39563866, 43.37301305 ], [ -8.39561228, 43.37299527 ], [ -8.39509042, 43.3731056 ], [ -8.39493461, 43.37303336 ], [ -8.39486716, 43.37311183 ], [ -8.39459591, 43.37343183 ], [ -8.39461388, 43.37352073 ], [ -8.39441094, 43.37374794 ], [ -8.39430427, 43.37351323 ], [ -8.3940505, 43.37358599 ], [ -8.39380317, 43.37365689 ], [ -8.39311962, 43.37385293 ], [ -8.39291984, 43.37395576 ], [ -8.3928731, 43.37399892 ], [ -8.3928365, 43.37407932 ], [ -8.39259172, 43.37461736 ], [ -8.39251125, 43.37468708 ], [ -8.39227107, 43.37476146 ], [ -8.39206808, 43.37469904 ], [ -8.39197601, 43.37449635 ], [ -8.39167786, 43.37447444 ], [ -8.39143787, 43.3741347 ], [ -8.3910402, 43.37396443 ], [ -8.39048083, 43.3729466 ], [ -8.39026272, 43.37174161 ], [ -8.38984713, 43.37123013 ], [ -8.38931972, 43.37084992 ], [ -8.38964084, 43.36988051 ], [ -8.38957929, 43.36960434 ], [ -8.38941319, 43.36954016 ], [ -8.38937621, 43.36926286 ], [ -8.3888029, 43.36892085 ], [ -8.38882401, 43.36804661 ], [ -8.38899278, 43.36772359 ], [ -8.38957939, 43.36765983 ], [ -8.38980603, 43.36743304 ], [ -8.38911589, 43.36633139 ], [ -8.38883808, 43.36639852 ], [ -8.38862632, 43.36623749 ], [ -8.38832751, 43.36620661 ], [ -8.38816808, 43.36607909 ], [ -8.38777647, 43.36611559 ], [ -8.38706368, 43.36587019 ], [ -8.38698751, 43.36556774 ], [ -8.38721531, 43.3652149 ], [ -8.38749276, 43.3652828 ], [ -8.38773298, 43.36520845 ], [ -8.38792521, 43.36528935 ], [ -8.38833981, 43.36523374 ], [ -8.3883597, 43.36545788 ], [ -8.38867803, 43.36556887 ], [ -8.38890036, 43.36543232 ], [ -8.38942994, 43.36556034 ], [ -8.3896203, 43.36575838 ], [ -8.38961375, 43.36637985 ], [ -8.38994337, 43.36689542 ], [ -8.39030609, 43.36695028 ], [ -8.39041196, 43.36717034 ], [ -8.39065696, 43.36714978 ], [ -8.39138872, 43.36733122 ], [ -8.39131398, 43.36773985 ], [ -8.39109519, 43.3677772 ], [ -8.39085536, 43.36771653 ], [ -8.39072577, 43.36778567 ], [ -8.39093874, 43.36809967 ], [ -8.39109451, 43.36804732 ], [ -8.39126701, 43.36818319 ], [ -8.39139898, 43.36814096 ], [ -8.39160084, 43.36832945 ], [ -8.3917328, 43.36828721 ], [ -8.39188978, 43.36838782 ], [ -8.39179867, 43.36847315 ], [ -8.39208652, 43.36865759 ], [ -8.39274574, 43.3687164 ], [ -8.39300061, 43.36866837 ], [ -8.39304133, 43.36843235 ], [ -8.39417423, 43.36840579 ], [ -8.39451299, 43.36819172 ], [ -8.3969945, 43.3683443 ], [ -8.39698504, 43.36847023 ] ] ] ] } },
{ "type": "Feature", "properties": { "CUSEC": "1503001006", "income_mean_household": 48422.0, "income_mean_person": 21510.0, "poverty_fixed_7500eur": 3.3, "poverty_relative_below60pct": 11.8, "affluence_relative_above200pct": 24.1, "child_poverty_relative_below60pct": null, "gini_index": 31.5, "p80p20_ratio": 2.6, "pct_under18": 14.9, "pct_over65": 27.2, "income_source_salary": 62.5, "income_source_pensions": 20.3, "income_source_unemployment": 0.9, "income_source_other_benefits": 3.2, "income_source_other_income": 13.1 }, "geometry": { "type": "MultiPolygon", "coordinates": [ [ [ [ -8.39647406, 43.37277623 ], [ -8.39620526, 43.37270673 ], [ -8.39582457, 43.37260828 ], [ -8.39583415, 43.37229191 ], [ -8.39584371, 43.37223865 ], [ -8.39586311, 43.37219985 ], [ -8.39588279, 43.37217388 ], [ -8.39591389, 43.37213288 ], [ -8.39632802, 43.37222816 ], [ -8.39658644, 43.37228057 ], [ -8.3967182, 43.37230306 ], [ -8.39679582, 43.37231627 ], [ -8.39706925, 43.37241253 ], [ -8.3971145, 43.37245795 ], [ -8.39717758, 43.37252151 ], [ -8.39726307, 43.37245892 ], [ -8.39744726, 43.37217339 ], [ -8.3974845, 43.37211556 ], [ -8.3974946, 43.3720998 ], [ -8.39758657, 43.37198842 ], [ -8.39762147, 43.37194611 ], [ -8.39764917, 43.372001 ], [ -8.39771184, 43.37250009 ], [ -8.39829931, 43.3724603 ], [ -8.39825, 43.37206818 ], [ -8.39892424, 43.37186039 ], [ -8.39925868, 43.37175731 ], [ -8.39932933, 43.37186261 ], [ -8.39943032, 43.3720129 ], [ -8.39948594, 43.37206504 ], [ -8.39955896, 43.37213358 ], [ -8.39940752, 43.37229459 ], [ -8.39936678, 43.37239543 ], [ -8.39903236, 43.37265983 ], [ -8.39891847, 43.37272102 ], [ -8.39877874, 43.37275973 ], [ -8.39843947, 43.37285375 ], [ -8.39781925, 43.37298791 ], [ -8.39767566, 43.37301471 ], [ -8.39745668, 43.37305552 ], [ -8.39687751, 43.3728937 ], [ -8.39680847, 43.37286002 ], [ -8.3967129, 43.37283602 ], [ -8.39647406, 43.37277623 ] ] ] ] } },
{ "type": "Feature", "properties": { "CUSEC": "1503001007", "income_mean_household": 41913.0, "income_mean_person": 20732.0, "poverty_fixed_7500eur": 7.3, "poverty_relative_below60pct": 15.3, "affluence_relative_above200pct": 20.3, "child_poverty_relative_below60pct": null, "gini_index": 33.0, "p80p20_ratio": 2.9, "pct_under18": 9.6, "pct_over65": 33.8, "income_source_salary": 50.1, "income_source_pensions": 30.5, "income_source_unemployment": 0.9, "income_source_other_benefits": 2.3, "income_source_other_income": 16.1 }, "geometry": { "type": "MultiPolygon", "coordinates": [ [ [ [ -8.40287917, 43.37272189 ], [ -8.40277741, 43.37264992 ], [ -8.40262282, 43.37249052 ], [ -8.40233116, 43.37218517 ], [ -8.40219671, 43.37203195 ], [ -8.40209448, 43.37191056 ], [ -8.40204462, 43.37182717 ], [ -8.40202089, 43.37178066 ], [ -8.40163397, 43.37135807 ], [ -8.40188579, 43.37123137 ], [ -8.40237828, 43.37097658 ], [ -8.40247172, 43.370955 ], [ -8.40267388, 43.37086368 ], [ -8.40281351, 43.37074511 ], [ -8.40290041, 43.37065763 ], [ -8.40303954, 43.37057006 ], [ -8.40320708, 43.37047161 ], [ -8.40351763, 43.37029254 ], [ -8.40381972, 43.37010986 ], [ -8.40384287, 43.3701241 ], [ -8.40401288, 43.37027141 ], [ -8.40402977, 43.37031093 ], [ -8.40405563, 43.37037173 ], [ -8.40419432, 43.37048809 ], [ -8.40431306, 43.37058778 ], [ -8.40440382, 43.37065534 ], [ -8.40567962, 43.37154977 ], [ -8.40491803, 43.37238011 ], [ -8.40459128, 43.37288233 ], [ -8.40287917, 43.37272189 ] ] ] ] } },
{ "type": "Feature", "properties": { "CUSEC": "1503001008", "income_mean_household": 44404.0, "income_mean_person": 21828.0, "poverty_fixed_7500eur": 5.4, "poverty_relative_below60pct": 10.8, "affluence_relative_above200pct": 24.7, "child_poverty_relative_below60pct": null, "gini_index": 30.9, "p80p20_ratio": 2.6, "pct_under18": 10.6, "pct_over65": 28.3, "income_source_salary": 54.1, "income_source_pensions": 26.3, "income_source_unemployment": 1.0, "income_source_other_benefits": 3.6, "income_source_other_income": 15.1 }, "geometry": { "type": "MultiPolygon", "coordinates": [ [ [ [ -8.39936678, 43.37239543 ], [ -8.39940752, 43.37229459 ], [ -8.39955896, 43.37213358 ], [ -8.39948594, 43.37206504 ], [ -8.39943032, 43.3720129 ], [ -8.39932933, 43.37186261 ], [ -8.39925868, 43.37175731 ], [ -8.39922756, 43.37168317 ], [ -8.39907809, 43.37141915 ], [ -8.39902024, 43.37136485 ], [ -8.39900617, 43.37122709 ], [ -8.39902887, 43.37118092 ], [ -8.39902518, 43.37085257 ], [ -8.39905971, 43.37079127 ], [ -8.39907026, 43.3707726 ], [ -8.39906414, 43.37056698 ], [ -8.39907806, 43.37042261 ], [ -8.39925298, 43.37032269 ], [ -8.39954731, 43.37053758 ], [ -8.39962954, 43.37058717 ], [ -8.39969123, 43.37063755 ], [ -8.3997285, 43.37065197 ], [ -8.39976094, 43.37066457 ], [ -8.40014007, 43.37097011 ], [ -8.40057266, 43.37130184 ], [ -8.40064823, 43.37125764 ], [ -8.40087206, 43.37141597 ], [ -8.40092643, 43.37145838 ], [ -8.4009415, 43.37148438 ], [ -8.40110963, 43.3716345 ], [ -8.40132615, 43.37151956 ], [ -8.40156649, 43.37139206 ], [ -8.40163397, 43.37135807 ], [ -8.40202089, 43.37178066 ], [ -8.40204462, 43.37182717 ], [ -8.40209448, 43.37191056 ], [ -8.40219671, 43.37203195 ], [ -8.40233116, 43.37218517 ], [ -8.40262282, 43.37249052 ], [ -8.40277741, 43.37264992 ], [ -8.40287917, 43.37272189 ], [ -8.40288851, 43.37273198 ], [ -8.4028217, 43.3727446 ], [ -8.40151237, 43.37299267 ], [ -8.40045504, 43.37319291 ], [ -8.40043907, 43.37314635 ], [ -8.40021648, 43.37249597 ], [ -8.40018553, 43.37240573 ], [ -8.40007362, 43.37242901 ], [ -8.39999117, 43.37241159 ], [ -8.399817, 43.37225289 ], [ -8.39973794, 43.37223152 ], [ -8.39949142, 43.37235935 ], [ -8.39936678, 43.37239543 ] ] ] ] } },
{ "type": "Feature", "properties": { "CUSEC": "1503001009", "income_mean_household": 47554.0, "income_mean_person": 21707.0, "poverty_fixed_7500eur": 7.9, "poverty_relative_below60pct": 15.4, "affluence_relative_above200pct": 26.0, "child_poverty_relative_below60pct": null, "gini_index": 36.8, "p80p20_ratio": 3.2, "pct_under18": 15.0, "pct_over65": 21.2, "income_source_salary": 59.6, "income_source_pensions": 16.8, "income_source_unemployment": 0.9, "income_source_other_benefits": 1.9, "income_source_other_income": 20.8 }, "geometry": { "type": "MultiPolygon", "coordinates": [ [ [ [ -8.39907806, 43.37042261 ], [ -8.39886116, 43.37044995 ], [ -8.39887575, 43.37033502 ], [ -8.39868101, 43.36998047 ], [ -8.39864668, 43.36991801 ], [ -8.39847539, 43.36981454 ], [ -8.39859468, 43.36982596 ], [ -8.39867184, 43.36875102 ], [ -8.39744017, 43.36863831 ], [ -8.39749156, 43.36838379 ], [ -8.3992492, 43.36844463 ], [ -8.40190998, 43.36703984 ], [ -8.40216805, 43.3672332 ], [ -8.40235815, 43.36713125 ], [ -8.40276253, 43.36737819 ], [ -8.40293713, 43.36748491 ], [ -8.40320436, 43.36764811 ], [ -8.40338806, 43.36775939 ], [ -8.40329536, 43.36784561 ], [ -8.40301958, 43.36805252 ], [ -8.40293066, 43.36814321 ], [ -8.40261999, 43.36845963 ], [ -8.40215565, 43.36880234 ], [ -8.40211745, 43.36883052 ], [ -8.40213327, 43.36891848 ], [ -8.4024891, 43.36921016 ], [ -8.40250596, 43.36922413 ], [ -8.40260972, 43.3692326 ], [ -8.40270367, 43.36929093 ], [ -8.40291781, 43.36945484 ], [ -8.40314851, 43.36963145 ], [ -8.40322836, 43.36969262 ], [ -8.40331766, 43.36975127 ], [ -8.40303971, 43.36995295 ], [ -8.4029121, 43.37003567 ], [ -8.40268155, 43.37018513 ], [ -8.4023102, 43.37039399 ], [ -8.40209635, 43.37050082 ], [ -8.40205915, 43.37051955 ], [ -8.40225033, 43.370758 ], [ -8.40225442, 43.37079601 ], [ -8.40237828, 43.37097658 ], [ -8.40188579, 43.37123137 ], [ -8.40163397, 43.37135807 ], [ -8.40156649, 43.37139206 ], [ -8.40132615, 43.37151956 ], [ -8.40110963, 43.3716345 ], [ -8.4009415, 43.37148438 ], [ -8.40092643, 43.37145838 ], [ -8.40087206, 43.37141597 ], [ -8.40064823, 43.37125764 ], [ -8.40057266, 43.37130184 ], [ -8.40014007, 43.37097011 ], [ -8.39976094, 43.37066457 ], [ -8.3997285, 43.37065197 ], [ -8.39969123, 43.37063755 ], [ -8.39962954, 43.37058717 ], [ -8.39954731, 43.37053758 ], [ -8.39925298, 43.37032269 ], [ -8.39907806, 43.37042261 ] ] ] ] } },
{ "type": "Feature", "properties": { "CUSEC": "1503001012", "income_mean_household": 65731.0, "income_mean_person": 30733.0, "poverty_fixed_7500eur": 5.0, "poverty_relative_below60pct": 11.3, "affluence_relative_above200pct": 31.5, "child_poverty_relative_below60pct": null, "gini_index": 43.4, "p80p20_ratio": 3.2, "pct_under18": 12.1, "pct_over65": 26.9, "income_source_salary": 62.6, "income_source_pensions": 13.5, "income_source_unemployment": 0.5, "income_source_other_benefits": 1.9, "income_source_other_income": 21.6 }, "geometry": { "type": "MultiPolygon", "coordinates": [ [ [ [ -8.40190998, 43.36703984 ], [ -8.40207773, 43.36695127 ], [ -8.40217287, 43.36483118 ], [ -8.39940589, 43.36493525 ], [ -8.39932695, 43.3640478 ], [ -8.40421312, 43.36376496 ], [ -8.4042305, 43.36377265 ], [ -8.40426226, 43.3637873 ], [ -8.40433296, 43.36381929 ], [ -8.40438644, 43.36384504 ], [ -8.4044963, 43.36389741 ], [ -8.4051002, 43.36418333 ], [ -8.40517171, 43.36421696 ], [ -8.40517379, 43.3642174 ], [ -8.40517932, 43.36418616 ], [ -8.40518968, 43.36419806 ], [ -8.40527882, 43.36429926 ], [ -8.40540386, 43.36444123 ], [ -8.40552343, 43.36457786 ], [ -8.40553072, 43.36460838 ], [ -8.40558363, 43.36466844 ], [ -8.40562877, 43.36471967 ], [ -8.40566607, 43.36476203 ], [ -8.40571611, 43.36481885 ], [ -8.40571671, 43.36481899 ], [ -8.40571038, 43.36482196 ], [ -8.40563715, 43.3648563 ], [ -8.40551084, 43.36491553 ], [ -8.40542194, 43.36495721 ], [ -8.40534005, 43.36499563 ], [ -8.40527815, 43.36502465 ], [ -8.40527295, 43.36502709 ], [ -8.40526449, 43.36503105 ], [ -8.40526203, 43.36503216 ], [ -8.40518407, 43.36501248 ], [ -8.40508537, 43.36498755 ], [ -8.40504982, 43.36497858 ], [ -8.40503723, 43.3649754 ], [ -8.40503345, 43.3649746 ], [ -8.40502882, 43.36499499 ], [ -8.40497784, 43.36522042 ], [ -8.40496235, 43.3652849 ], [ -8.40495014, 43.36533224 ], [ -8.40489121, 43.36556096 ], [ -8.40486831, 43.36564977 ], [ -8.40480981, 43.36587682 ], [ -8.40478087, 43.36598889 ], [ -8.40477384, 43.36601094 ], [ -8.40492154, 43.36605339 ], [ -8.40502506, 43.36617166 ], [ -8.40508113, 43.36623569 ], [ -8.40502844, 43.36626119 ], [ -8.40510776, 43.36634683 ], [ -8.40522806, 43.36647983 ], [ -8.40532871, 43.36659106 ], [ -8.40538795, 43.36665658 ], [ -8.4055657, 43.36685319 ], [ -8.4056977, 43.36699922 ], [ -8.40577403, 43.36708365 ], [ -8.40600209, 43.36733571 ], [ -8.40610895, 43.3674539 ], [ -8.40612406, 43.36747064 ], [ -8.4061247, 43.36747131 ], [ -8.40615199, 43.36748182 ], [ -8.40619807, 43.36749955 ], [ -8.40622277, 43.36750903 ], [ -8.40623413, 43.3675134 ], [ -8.40626707, 43.36754985 ], [ -8.40635966, 43.3676523 ], [ -8.40645809, 43.36776122 ], [ -8.40652653, 43.36783692 ], [ -8.40656886, 43.36788377 ], [ -8.40657872, 43.3678947 ], [ -8.40658463, 43.36790112 ], [ -8.40658453, 43.36790115 ], [ -8.40637897, 43.36795095 ], [ -8.40603947, 43.36807175 ], [ -8.40564238, 43.36825103 ], [ -8.40555612, 43.36829006 ], [ -8.40532201, 43.36839569 ], [ -8.40517572, 43.36846781 ], [ -8.40488489, 43.36861099 ], [ -8.40454182, 43.36877982 ], [ -8.40443603, 43.36883186 ], [ -8.4041983, 43.3690346 ], [ -8.40399366, 43.36920912 ], [ -8.40395772, 43.36923981 ], [ -8.40369681, 43.36944923 ], [ -8.40366547, 43.36947448 ], [ -8.40346816, 43.36963293 ], [ -8.40331766, 43.36975127 ], [ -8.40322836, 43.36969262 ], [ -8.40314851, 43.36963145 ], [ -8.40291781, 43.36945484 ], [ -8.40270367, 43.36929093 ], [ -8.40260972, 43.3692326 ], [ -8.40250596, 43.36922413 ], [ -8.4024891, 43.36921016 ], [ -8.40213327, 43.36891848 ], [ -8.40211745, 43.36883052 ], [ -8.40215565, 43.36880234 ], [ -8.40261999, 43.36845963 ], [ -8.40293066, 43.36814321 ], [ -8.40301958, 43.36805252 ], [ -8.40329536, 43.36784561 ], [ -8.40338806, 43.36775939 ], [ -8.40320436, 43.36764811 ], [ -8.40293713, 43.36748491 ], [ -8.40276253, 43.36737819 ], [ -8.40235815, 43.36713125 ], [ -8.40216805, 43.3672332 ], [ -8.40190998, 43.36703984 ] ] ] ] } },
{ "type": "Feature", "properties": { "CUSEC": "1503002001", "income_mean_household": 41444.0, "income_mean_person": 19211.0, "poverty_fixed_7500eur": 8.8, "poverty_relative_below60pct": 16.5, "affluence_relative_above200pct": 17.3, "child_poverty_relative_below60pct": null, "gini_index": 34.9, "p80p20_ratio": 2.9, "pct_under18": 14.7, "pct_over65": 26.2, "income_source_salary": 58.2, "income_source_pensions": 22.9, "income_source_unemployment": 1.0, "income_source_other_benefits": 2.7, "income_source_other_income": 15.2 }, "geometry": { "type": "MultiPolygon", "coordinates": [ [ [ [ -8.39701061, 43.3739737 ], [ -8.39682624, 43.37376551 ], [ -8.39671265, 43.37365769 ], [ -8.39670485, 43.37364943 ], [ -8.39626497, 43.37318575 ], [ -8.39647406, 43.37277623 ], [ -8.3967129, 43.37283602 ], [ -8.39680847, 43.37286002 ], [ -8.39687751, 43.3728937 ], [ -8.39745668, 43.37305552 ], [ -8.39767566, 43.37301471 ], [ -8.39781925, 43.37298791 ], [ -8.39843947, 43.37285375 ], [ -8.39860574, 43.37327903 ], [ -8.39871493, 43.37355862 ], [ -8.39862912, 43.37355883 ], [ -8.3984844, 43.37359083 ], [ -8.39845161, 43.37359814 ], [ -8.3985741, 43.37402101 ], [ -8.39859985, 43.37410993 ], [ -8.39869691, 43.37444496 ], [ -8.39871263, 43.37449289 ], [ -8.39892806, 43.37459917 ], [ -8.39916001, 43.3746989 ], [ -8.39899201, 43.37489773 ], [ -8.3989583, 43.37492143 ], [ -8.39887393, 43.37498066 ], [ -8.39873114, 43.375054 ], [ -8.3986688, 43.37507855 ], [ -8.39809547, 43.37529635 ], [ -8.39776488, 43.37486452 ], [ -8.3976373, 43.37469779 ], [ -8.39753322, 43.37456193 ], [ -8.39736355, 43.37434026 ], [ -8.39713435, 43.37410221 ], [ -8.39701061, 43.3739737 ] ] ] ] } },
{ "type": "Feature", "properties": { "CUSEC": "1503002002", "income_mean_household": 34057.0, "income_mean_person": 16438.0, "poverty_fixed_7500eur": 7.6, "poverty_relative_below60pct": 19.5, "affluence_relative_above200pct": 11.8, "child_poverty_relative_below60pct": null, "gini_index": 30.0, "p80p20_ratio": 2.8, "pct_under18": 12.0, "pct_over65": 27.4, "income_source_salary": 60.6, "income_source_pensions": 25.7, "income_source_unemployment": 1.2, "income_source_other_benefits": 2.5, "income_source_other_income": 10.0 }, "geometry": { "type": "MultiPolygon", "coordinates": [ [ [ [ -8.39820578, 43.37687044 ], [ -8.39818654, 43.37652225 ], [ -8.39817744, 43.37635885 ], [ -8.39816378, 43.37611197 ], [ -8.39817303, 43.37586818 ], [ -8.39817686, 43.37576717 ], [ -8.39815191, 43.37557133 ], [ -8.39814045, 43.37548179 ], [ -8.39812097, 43.3753296 ], [ -8.39809547, 43.37529635 ], [ -8.3986688, 43.37507855 ], [ -8.39873114, 43.375054 ], [ -8.39887393, 43.37498066 ], [ -8.3989583, 43.37492143 ], [ -8.39899201, 43.37489773 ], [ -8.39916001, 43.3746989 ], [ -8.39892806, 43.37459917 ], [ -8.39871263, 43.37449289 ], [ -8.39879098, 43.37450264 ], [ -8.39941603, 43.37439752 ], [ -8.40062585, 43.3749443 ], [ -8.40066743, 43.37499969 ], [ -8.40102014, 43.3748817 ], [ -8.40104671, 43.37491389 ], [ -8.40099227, 43.37496583 ], [ -8.40086702, 43.37502253 ], [ -8.40076911, 43.37509093 ], [ -8.40068771, 43.37519458 ], [ -8.40049832, 43.37551199 ], [ -8.39998749, 43.37636816 ], [ -8.3999006, 43.37651357 ], [ -8.39959991, 43.3770177 ], [ -8.39934649, 43.37694066 ], [ -8.39906583, 43.37692343 ], [ -8.39870263, 43.37690097 ], [ -8.39820578, 43.37687044 ] ] ] ] } },
{ "type": "Feature", "properties": { "CUSEC": "1503002003", "income_mean_household": 59836.0, "income_mean_person": 25858.0, "poverty_fixed_7500eur": 3.4, "poverty_relative_below60pct": 6.8, "affluence_relative_above200pct": 35.4, "child_poverty_relative_below60pct": null, "gini_index": 31.9, "p80p20_ratio": 2.4, "pct_under18": 17.3, "pct_over65": 28.4, "income_source_salary": 55.3, "income_source_pensions": 23.1, "income_source_unemployment": 0.5, "income_source_other_benefits": 2.4, "income_source_other_income": 18.8 }, "geometry": { "type": "MultiPolygon", "coordinates": [ [ [ [ -8.40049832, 43.37551199 ], [ -8.40068771, 43.37519458 ], [ -8.40076911, 43.37509093 ], [ -8.40086702, 43.37502253 ], [ -8.40099227, 43.37496583 ], [ -8.40104671, 43.37491389 ], [ -8.40102014, 43.3748817 ], [ -8.40066743, 43.37499969 ], [ -8.40062585, 43.3749443 ], [ -8.39941603, 43.37439752 ], [ -8.39879098, 43.37450264 ], [ -8.39871263, 43.37449289 ], [ -8.39869691, 43.37444496 ], [ -8.39859985, 43.37410993 ], [ -8.3985741, 43.37402101 ], [ -8.39845161, 43.37359814 ], [ -8.3984844, 43.37359083 ], [ -8.39862912, 43.37355883 ], [ -8.39871493, 43.37355862 ], [ -8.39860574, 43.37327903 ], [ -8.39843947, 43.37285375 ], [ -8.39877874, 43.37275973 ], [ -8.39891847, 43.37272102 ], [ -8.39903236, 43.37265983 ], [ -8.39936678, 43.37239543 ], [ -8.39949142, 43.37235935 ], [ -8.39973794, 43.37223152 ], [ -8.399817, 43.37225289 ], [ -8.39999117, 43.37241159 ], [ -8.40007362, 43.37242901 ], [ -8.40018553, 43.37240573 ], [ -8.40021648, 43.37249597 ], [ -8.40043907, 43.37314635 ], [ -8.40045504, 43.37319291 ], [ -8.40151237, 43.37299267 ], [ -8.4028217, 43.3727446 ], [ -8.40288851, 43.37273198 ], [ -8.40287917, 43.37272189 ], [ -8.40459128, 43.37288233 ], [ -8.40438615, 43.37319753 ], [ -8.40433914, 43.37405501 ], [ -8.4045593, 43.37486376 ], [ -8.40429065, 43.37517358 ], [ -8.40440782, 43.37551912 ], [ -8.40461575, 43.37558489 ], [ -8.40345056, 43.37596079 ], [ -8.40321551, 43.37595049 ], [ -8.4028541, 43.37593393 ], [ -8.40248174, 43.37591675 ], [ -8.40242818, 43.37592838 ], [ -8.40232368, 43.37608739 ], [ -8.40049832, 43.37551199 ] ] ] ] } },
{ "type": "Feature", "properties": { "CUSEC": "1503002004", "income_mean_household": 34259.0, "income_mean_person": 16634.0, "poverty_fixed_7500eur": 11.1, "poverty_relative_below60pct": 21.6, "affluence_relative_above200pct": 12.5, "child_poverty_relative_below60pct": null, "gini_index": 33.7, "p80p20_ratio": 2.9, "pct_under18": 12.7, "pct_over65": 24.7, "income_source_salary": 60.4, "income_source_pensions": 23.0, "income_source_unemployment": 1.3, "income_source_other_benefits": 3.7, "income_source_other_income": 11.7 }, "geometry": { "type": "MultiPolygon", "coordinates": [ [ [ [ -8.39441094, 43.37374794 ], [ -8.39461388, 43.37352073 ], [ -8.39459591, 43.37343183 ], [ -8.39486716, 43.37311183 ], [ -8.39493461, 43.37303336 ], [ -8.39509042, 43.3731056 ], [ -8.39561228, 43.37299527 ], [ -8.39563866, 43.37301305 ], [ -8.39618638, 43.37315822 ], [ -8.39626497, 43.37318575 ], [ -8.39670485, 43.37364943 ], [ -8.39671265, 43.37365769 ], [ -8.39682624, 43.37376551 ], [ -8.39701061, 43.3739737 ], [ -8.39670066, 43.37407209 ], [ -8.39661498, 43.37409938 ], [ -8.39648311, 43.37414127 ], [ -8.3956604, 43.37440267 ], [ -8.39546149, 43.37424575 ], [ -8.39531586, 43.37416473 ], [ -8.39526137, 43.37418437 ], [ -8.39521667, 43.37417476 ], [ -8.39482229, 43.37408991 ], [ -8.39479186, 43.37408344 ], [ -8.39478054, 43.37407662 ], [ -8.39469551, 43.37402539 ], [ -8.39457468, 43.37399975 ], [ -8.39451998, 43.3739881 ], [ -8.39443277, 43.37379628 ], [ -8.39441094, 43.37374794 ] ] ] ] } },
{ "type": "Feature", "properties": { "CUSEC": "1503002005", "income_mean_household": 34683.0, "income_mean_person": 16449.0, "poverty_fixed_7500eur": 7.9, "poverty_relative_below60pct": 17.5, "affluence_relative_above200pct": 8.7, "child_poverty_relative_below60pct": null, "gini_index": 28.9, "p80p20_ratio": 2.4, "pct_under18": 13.1, "pct_over65": 26.7, "income_source_salary": 60.5, "income_source_pensions": 25.0, "income_source_unemployment": 1.2, "income_source_other_benefits": 4.3, "income_source_other_income": 9.0 }, "geometry": { "type": "MultiPolygon", "coordinates": [ [ [ [ -8.3956604, 43.37440267 ], [ -8.39648311, 43.37414127 ], [ -8.39661498, 43.37409938 ], [ -8.39670066, 43.37407209 ], [ -8.39701061, 43.3739737 ], [ -8.39713435, 43.37410221 ], [ -8.39736355, 43.37434026 ], [ -8.39753322, 43.37456193 ], [ -8.3976373, 43.37469779 ], [ -8.39776488, 43.37486452 ], [ -8.39809547, 43.37529635 ], [ -8.3977143, 43.3754582 ], [ -8.3974324, 43.37549076 ], [ -8.39686063, 43.37555673 ], [ -8.39677052, 43.37556713 ], [ -8.39668574, 43.37557697 ], [ -8.39618188, 43.37563509 ], [ -8.39607672, 43.37543472 ], [ -8.39596677, 43.37522497 ], [ -8.3960262, 43.37507813 ], [ -8.39604317, 43.37503617 ], [ -8.39597344, 43.37479603 ], [ -8.39572657, 43.37479814 ], [ -8.39564085, 43.37476689 ], [ -8.39566924, 43.37469229 ], [ -8.39567901, 43.37452847 ], [ -8.3956604, 43.37440267 ] ] ] ] } },
{ "type": "Feature", "properties": { "CUSEC": "1503002006", "income_mean_household": 33131.0, "income_mean_person": 15547.0, "poverty_fixed_7500eur": 8.6, "poverty_relative_below60pct": 20.2, "affluence_relative_above200pct": 9.0, "child_poverty_relative_below60pct": null, "gini_index": 29.8, "p80p20_ratio": 2.6, "pct_under18": 12.2, "pct_over65": 28.7, "income_source_salary": 56.5, "income_source_pensions": 29.8, "income_source_unemployment": 1.7, "income_source_other_benefits": 3.3, "income_source_other_income": 8.6 }, "geometry": { "type": "MultiPolygon", "coordinates": [ [ [ [ -8.39644039, 43.37660784 ], [ -8.39645625, 43.37634972 ], [ -8.39646802, 43.37615688 ], [ -8.39641548, 43.3760561 ], [ -8.39631993, 43.37588066 ], [ -8.39629714, 43.37583893 ], [ -8.39626354, 43.37579078 ], [ -8.39618188, 43.37563509 ], [ -8.39668574, 43.37557697 ], [ -8.39677052, 43.37556713 ], [ -8.39686063, 43.37555673 ], [ -8.3974324, 43.37549076 ], [ -8.3977143, 43.3754582 ], [ -8.39809547, 43.37529635 ], [ -8.39812097, 43.3753296 ], [ -8.39814045, 43.37548179 ], [ -8.39815191, 43.37557133 ], [ -8.39817686, 43.37576717 ], [ -8.39817303, 43.37586818 ], [ -8.39816378, 43.37611197 ], [ -8.39817744, 43.37635885 ], [ -8.39818654, 43.37652225 ], [ -8.39820578, 43.37687044 ], [ -8.39821763, 43.37708391 ], [ -8.39824939, 43.37765624 ], [ -8.39830218, 43.37861065 ], [ -8.39830562, 43.37867199 ], [ -8.39832386, 43.37900165 ], [ -8.39817653, 43.37904716 ], [ -8.39786418, 43.37860834 ], [ -8.3978536, 43.37859343 ], [ -8.39742309, 43.37798856 ], [ -8.39701048, 43.37740884 ], [ -8.39667219, 43.37693353 ], [ -8.39651061, 43.37670659 ], [ -8.39644039, 43.37660784 ] ] ] ] } },
{ "type": "Feature", "properties": { "CUSEC": "1503002007", "income_mean_household": 40147.0, "income_mean_person": 18276.0, "poverty_fixed_7500eur": 6.2, "poverty_relative_below60pct": 14.0, "affluence_relative_above200pct": 16.1, "child_poverty_relative_below60pct": null, "gini_index": 29.3, "p80p20_ratio": 2.5, "pct_under18": 14.8, "pct_over65": 28.1, "income_source_salary": 56.5, "income_source_pensions": 27.6, "income_source_unemployment": 1.1, "income_source_other_benefits": 4.1, "income_source_other_income": 10.7 }, "geometry": { "type": "MultiPolygon", "coordinates": [ [ [ [ -8.39338399, 43.37625775 ], [ -8.39323397, 43.37559816 ], [ -8.39260115, 43.37542104 ], [ -8.39263359, 43.37523045 ], [ -8.39304663, 43.3751569 ], [ -8.39337856, 43.37444799 ], [ -8.39304982, 43.37422049 ], [ -8.39259172, 43.37461736 ], [ -8.3928365, 43.37407932 ], [ -8.3928731, 43.37399892 ], [ -8.39291984, 43.37395576 ], [ -8.39311962, 43.37385293 ], [ -8.39380317, 43.37365689 ], [ -8.3940505, 43.37358599 ], [ -8.39430427, 43.37351323 ], [ -8.39441094, 43.37374794 ], [ -8.39443277, 43.37379628 ], [ -8.39451998, 43.3739881 ], [ -8.39457468, 43.37399975 ], [ -8.39469551, 43.37402539 ], [ -8.39478054, 43.37407662 ], [ -8.39479186, 43.37408344 ], [ -8.39482229, 43.37408991 ], [ -8.39521667, 43.37417476 ], [ -8.39526137, 43.37418437 ], [ -8.39531586, 43.37416473 ], [ -8.39546149, 43.37424575 ], [ -8.3956604, 43.37440267 ], [ -8.39567901, 43.37452847 ], [ -8.39566924, 43.37469229 ], [ -8.39564085, 43.37476689 ], [ -8.39572657, 43.37479814 ], [ -8.39597344, 43.37479603 ], [ -8.39604317, 43.37503617 ], [ -8.3960262, 43.37507813 ], [ -8.39596677, 43.37522497 ], [ -8.39607672, 43.37543472 ], [ -8.39618188, 43.37563509 ], [ -8.39626354, 43.37579078 ], [ -8.39629714, 43.37583893 ], [ -8.39631993, 43.37588066 ], [ -8.39641548, 43.3760561 ], [ -8.39646802, 43.37615688 ], [ -8.39645625, 43.37634972 ], [ -8.39644039, 43.37660784 ], [ -8.3964161, 43.37657371 ], [ -8.3961753, 43.3763483 ], [ -8.39606584, 43.37624578 ], [ -8.39545298, 43.37567212 ], [ -8.39536005, 43.37594475 ], [ -8.39532466, 43.37595039 ], [ -8.39531023, 43.37595267 ], [ -8.39529563, 43.37595503 ], [ -8.39525585, 43.37596131 ], [ -8.395194, 43.37597116 ], [ -8.39515045, 43.37597801 ], [ -8.39338399, 43.37625775 ] ] ] ] } },
{ "type": "Feature", "properties": { "CUSEC": "1503002008", "income_mean_household": 39904.0, "income_mean_person": 17207.0, "poverty_fixed_7500eur": 10.2, "poverty_relative_below60pct": 18.4, "affluence_relative_above200pct": 14.7, "child_poverty_relative_below60pct": null, "gini_index": 32.2, "p80p20_ratio": 2.9, "pct_under18": 16.0, "pct_over65": 21.1, "income_source_salary": 64.8, "income_source_pensions": 20.3, "income_source_unemployment": 1.2, "income_source_other_benefits": 4.3, "income_source_other_income": 9.5 }, "geometry": { "type": "MultiPolygon", "coordinates": [ [ [ [ -8.39338399, 43.37625775 ], [ -8.39515045, 43.37597801 ], [ -8.395194, 43.37597116 ], [ -8.39525585, 43.37596131 ], [ -8.39529563, 43.37595503 ], [ -8.39531023, 43.37595267 ], [ -8.39532466, 43.37595039 ], [ -8.39536005, 43.37594475 ], [ -8.39545298, 43.37567212 ], [ -8.39606584, 43.37624578 ], [ -8.3961753, 43.3763483 ], [ -8.3964161, 43.37657371 ], [ -8.39644039, 43.37660784 ], [ -8.39651061, 43.37670659 ], [ -8.39667219, 43.37693353 ], [ -8.39701048, 43.37740884 ], [ -8.39742309, 43.37798856 ], [ -8.3978536, 43.37859343 ], [ -8.39786418, 43.37860834 ], [ -8.39817653, 43.37904716 ], [ -8.3983617, 43.37930738 ], [ -8.3983719, 43.37932174 ], [ -8.39843392, 43.37946742 ], [ -8.39834107, 43.37950645 ], [ -8.39820371, 43.37996369 ], [ -8.39816417, 43.38000795 ], [ -8.39813973, 43.38016392 ], [ -8.3969503, 43.38064823 ], [ -8.39667327, 43.38071217 ], [ -8.39586369, 43.37991189 ], [ -8.39553456, 43.37981943 ], [ -8.39536395, 43.37956643 ], [ -8.39523708, 43.37952743 ], [ -8.39495138, 43.37909083 ], [ -8.3943368, 43.37884083 ], [ -8.39414945, 43.37839956 ], [ -8.39394996, 43.378238 ], [ -8.39387228, 43.37750346 ], [ -8.39343087, 43.37711925 ], [ -8.39318915, 43.37648252 ], [ -8.39339605, 43.37631067 ], [ -8.39338399, 43.37625775 ] ] ] ] } },
{ "type": "Feature", "properties": { "CUSEC": "1503002009", "income_mean_household": 34820.0, "income_mean_person": 16339.0, "poverty_fixed_7500eur": 7.6, "poverty_relative_below60pct": 18.0, "affluence_relative_above200pct": 9.7, "child_poverty_relative_below60pct": null, "gini_index": 29.4, "p80p20_ratio": 2.5, "pct_under18": 13.5, "pct_over65": 23.2, "income_source_salary": 62.4, "income_source_pensions": 24.1, "income_source_unemployment": 1.3, "income_source_other_benefits": 3.5, "income_source_other_income": 8.8 }, "geometry": { "type": "MultiPolygon", "coordinates": [ [ [ [ -8.39817653, 43.37904716 ], [ -8.39832386, 43.37900165 ], [ -8.39830562, 43.37867199 ], [ -8.39830218, 43.37861065 ], [ -8.39824939, 43.37765624 ], [ -8.39821763, 43.37708391 ], [ -8.39820578, 43.37687044 ], [ -8.39870263, 43.37690097 ], [ -8.39906583, 43.37692343 ], [ -8.39934649, 43.37694066 ], [ -8.39959991, 43.3770177 ], [ -8.40002929, 43.37714846 ], [ -8.40009706, 43.37714855 ], [ -8.40068058, 43.37714969 ], [ -8.40073963, 43.37715705 ], [ -8.40134931, 43.37723315 ], [ -8.40111543, 43.37841731 ], [ -8.4010744, 43.37862501 ], [ -8.40100501, 43.37897646 ], [ -8.40095191, 43.37899267 ], [ -8.40110926, 43.37926901 ], [ -8.3991177, 43.37941668 ], [ -8.39843392, 43.37946742 ], [ -8.3983719, 43.37932174 ], [ -8.3983617, 43.37930738 ], [ -8.39817653, 43.37904716 ] ] ] ] } },
{ "type": "Feature", "properties": { "CUSEC": "1503002010", "income_mean_household": 34485.0, "income_mean_person": 15707.0, "poverty_fixed_7500eur": 8.4, "poverty_relative_below60pct": 20.1, "affluence_relative_above200pct": 12.4, "child_poverty_relative_below60pct": null, "gini_index": 31.6, "p80p20_ratio": 2.6, "pct_under18": 13.6, "pct_over65": 21.9, "income_source_salary": 65.8, "income_source_pensions": 21.2, "income_source_unemployment": 1.3, "income_source_other_benefits": 3.3, "income_source_other_income": 8.5 }, "geometry": { "type": "MultiPolygon", "coordinates": [ [ [ [ -8.39959991, 43.3770177 ], [ -8.3999006, 43.37651357 ], [ -8.40207985, 43.3765276 ], [ -8.40212021, 43.37654014 ], [ -8.40230011, 43.37659655 ], [ -8.40198783, 43.37731287 ], [ -8.40201919, 43.37732248 ], [ -8.40234203, 43.37742131 ], [ -8.40208584, 43.37804094 ], [ -8.4018432, 43.37862776 ], [ -8.40159177, 43.37923605 ], [ -8.40140527, 43.37924831 ], [ -8.40125606, 43.37925815 ], [ -8.40112398, 43.37926802 ], [ -8.40110926, 43.37926901 ], [ -8.40095191, 43.37899267 ], [ -8.40100501, 43.37897646 ], [ -8.4010744, 43.37862501 ], [ -8.40111543, 43.37841731 ], [ -8.40134931, 43.37723315 ], [ -8.40073963, 43.37715705 ], [ -8.40068058, 43.37714969 ], [ -8.40009706, 43.37714855 ], [ -8.40002929, 43.37714846 ], [ -8.39959991, 43.3770177 ] ] ] ] } },
{ "type": "Feature", "properties": { "CUSEC": "1503002011", "income_mean_household": 40319.0, "income_mean_person": 19635.0, "poverty_fixed_7500eur": 8.4, "poverty_relative_below60pct": 16.2, "affluence_relative_above200pct": 18.6, "child_poverty_relative_below60pct": null, "gini_index": 33.0, "p80p20_ratio": 2.8, "pct_under18": 10.7, "pct_over65": 26.7, "income_source_salary": 58.6, "income_source_pensions": 22.6, "income_source_unemployment": 1.0, "income_source_other_benefits": 2.6, "income_source_other_income": 15.2 }, "geometry": { "type": "MultiPolygon", "coordinates": [ [ [ [ -8.40417838, 43.37667406 ], [ -8.40326603, 43.37638542 ], [ -8.40285107, 43.37625412 ], [ -8.4023774, 43.37610431 ], [ -8.40236249, 43.37612984 ], [ -8.40235293, 43.37614598 ], [ -8.40233576, 43.37617487 ], [ -8.4023301, 43.3761845 ], [ -8.40230573, 43.37622587 ], [ -8.40230011, 43.37623546 ], [ -8.40228743, 43.37625683 ], [ -8.40228177, 43.37626646 ], [ -8.40225292, 43.37631547 ], [ -8.40224727, 43.37632495 ], [ -8.40223108, 43.37635236 ], [ -8.40222551, 43.37636163 ], [ -8.40222012, 43.37637093 ], [ -8.40221488, 43.37637983 ], [ -8.40217807, 43.37644221 ], [ -8.40217255, 43.37645145 ], [ -8.40216705, 43.37646071 ], [ -8.40216166, 43.37646994 ], [ -8.40215611, 43.3764792 ], [ -8.40215111, 43.37648774 ], [ -8.40214556, 43.37649723 ], [ -8.40213781, 43.37651034 ], [ -8.40212021, 43.37654014 ], [ -8.40207985, 43.3765276 ], [ -8.3999006, 43.37651357 ], [ -8.39998749, 43.37636816 ], [ -8.40049832, 43.37551199 ], [ -8.40232368, 43.37608739 ], [ -8.40242818, 43.37592838 ], [ -8.40248174, 43.37591675 ], [ -8.4028541, 43.37593393 ], [ -8.40321551, 43.37595049 ], [ -8.40345056, 43.37596079 ], [ -8.40461575, 43.37558489 ], [ -8.40537297, 43.37582444 ], [ -8.40569011, 43.37578241 ], [ -8.4059233, 43.37590641 ], [ -8.40639508, 43.37593804 ], [ -8.40663383, 43.37612476 ], [ -8.40687371, 43.37618542 ], [ -8.40689434, 43.37620341 ], [ -8.40643074, 43.37678446 ], [ -8.40593634, 43.37658415 ], [ -8.40516545, 43.37639531 ], [ -8.40503225, 43.37636263 ], [ -8.40501484, 43.37635822 ], [ -8.40499981, 43.37639434 ], [ -8.40480094, 43.3768709 ], [ -8.40417838, 43.37667406 ] ] ] ] } },
{ "type": "Feature", "properties": { "CUSEC": "1503002012", "income_mean_household": 37339.0, "income_mean_person": 17569.0, "poverty_fixed_7500eur": 5.8, "poverty_relative_below60pct": 16.7, "affluence_relative_above200pct": 13.2, "child_poverty_relative_below60pct": null, "gini_index": 30.1, "p80p20_ratio": 2.5, "pct_under18": 12.7, "pct_over65": 23.9, "income_source_salary": 64.1, "income_source_pensions": 21.5, "income_source_unemployment": 1.7, "income_source_other_benefits": 3.4, "income_source_other_income": 9.4 }, "geometry": { "type": "MultiPolygon", "coordinates": [ [ [ [ -8.40234203, 43.37742131 ], [ -8.40201919, 43.37732248 ], [ -8.40198783, 43.37731287 ], [ -8.40230011, 43.37659655 ], [ -8.40212021, 43.37654014 ], [ -8.40213781, 43.37651034 ], [ -8.40214556, 43.37649723 ], [ -8.40215111, 43.37648774 ], [ -8.40215611, 43.3764792 ], [ -8.40216166, 43.37646994 ], [ -8.40216705, 43.37646071 ], [ -8.40217255, 43.37645145 ], [ -8.40217807, 43.37644221 ], [ -8.40221488, 43.37637983 ], [ -8.40222012, 43.37637093 ], [ -8.40222551, 43.37636163 ], [ -8.40223108, 43.37635236 ], [ -8.40224727, 43.37632495 ], [ -8.40225292, 43.37631547 ], [ -8.40228177, 43.37626646 ], [ -8.40228743, 43.37625683 ], [ -8.40230011, 43.37623546 ], [ -8.40230573, 43.37622587 ], [ -8.4023301, 43.3761845 ], [ -8.40233576, 43.37617487 ], [ -8.40235293, 43.37614598 ], [ -8.40236249, 43.37612984 ], [ -8.4023774, 43.37610431 ], [ -8.40285107, 43.37625412 ], [ -8.40326603, 43.37638542 ], [ -8.40417838, 43.37667406 ], [ -8.40392846, 43.37711193 ], [ -8.40356623, 43.37763391 ], [ -8.40376375, 43.37773239 ], [ -8.4041334, 43.3779168 ], [ -8.40441436, 43.37805695 ], [ -8.40388275, 43.37860355 ], [ -8.40358547, 43.37835342 ], [ -8.40337367, 43.37807502 ], [ -8.40296583, 43.37777828 ], [ -8.40285373, 43.37774303 ], [ -8.40283646, 43.37773212 ], [ -8.40257585, 43.37756832 ], [ -8.40234203, 43.37742131 ] ] ] ] } },
{ "type": "Feature", "properties": { "CUSEC": "1503002013", "income_mean_household": 35361.0, "income_mean_person": 16593.0, "poverty_fixed_7500eur": 7.8, "poverty_relative_below60pct": 20.3, "affluence_relative_above200pct": 10.1, "child_poverty_relative_below60pct": null, "gini_index": 32.2, "p80p20_ratio": 2.9, "pct_under18": 15.0, "pct_over65": 19.7, "income_source_salary": 68.1, "income_source_pensions": 18.9, "income_source_unemployment": 1.6, "income_source_other_benefits": 3.0, "income_source_other_income": 8.4 }, "geometry": { "type": "MultiPolygon", "coordinates": [ [ [ [ -8.40234203, 43.37742131 ], [ -8.40257585, 43.37756832 ], [ -8.40283646, 43.37773212 ], [ -8.40285373, 43.37774303 ], [ -8.40296583, 43.37777828 ], [ -8.40337367, 43.37807502 ], [ -8.40358547, 43.37835342 ], [ -8.40388275, 43.37860355 ], [ -8.40392609, 43.37864006 ], [ -8.4040528, 43.3787468 ], [ -8.40379607, 43.37903307 ], [ -8.40378407, 43.37911172 ], [ -8.40332295, 43.37912957 ], [ -8.4030628, 43.37914496 ], [ -8.40282253, 43.37915919 ], [ -8.40217409, 43.3791976 ], [ -8.40159177, 43.37923605 ], [ -8.4018432, 43.37862776 ], [ -8.40208584, 43.37804094 ], [ -8.40234203, 43.37742131 ] ] ] ] } },
{ "type": "Feature", "properties": { "CUSEC": "1503002014", "income_mean_household": 37954.0, "income_mean_person": 17233.0, "poverty_fixed_7500eur": 7.6, "poverty_relative_below60pct": 16.6, "affluence_relative_above200pct": 16.2, "child_poverty_relative_below60pct": null, "gini_index": 34.1, "p80p20_ratio": 2.7, "pct_under18": 10.9, "pct_over65": 27.9, "income_source_salary": 55.9, "income_source_pensions": 25.9, "income_source_unemployment": 1.4, "income_source_other_benefits": 3.4, "income_source_other_income": 13.5 }, "geometry": { "type": "MultiPolygon", "coordinates": [ [ [ [ -8.4072398, 43.37829368 ], [ -8.4068876, 43.37812876 ], [ -8.40687605, 43.37812332 ], [ -8.40626632, 43.37788748 ], [ -8.40622435, 43.37787394 ], [ -8.40571616, 43.37770488 ], [ -8.40456126, 43.37732179 ], [ -8.40459432, 43.37739019 ], [ -8.40436396, 43.37765348 ], [ -8.4041334, 43.3779168 ], [ -8.40376375, 43.37773239 ], [ -8.40356623, 43.37763391 ], [ -8.40392846, 43.37711193 ], [ -8.40417838, 43.37667406 ], [ -8.40480094, 43.3768709 ], [ -8.40499981, 43.37639434 ], [ -8.40501484, 43.37635822 ], [ -8.40503225, 43.37636263 ], [ -8.40516545, 43.37639531 ], [ -8.40593634, 43.37658415 ], [ -8.40643074, 43.37678446 ], [ -8.40689434, 43.37620341 ], [ -8.40767657, 43.37688552 ], [ -8.40802026, 43.37741838 ], [ -8.40816864, 43.37811349 ], [ -8.40805471, 43.37849699 ], [ -8.4079702, 43.37863524 ], [ -8.4072398, 43.37829368 ] ] ] ] } },
{ "type": "Feature", "properties": { "CUSEC": "1503002015", "income_mean_household": 29786.0, "income_mean_person": 13599.0, "poverty_fixed_7500eur": 8.4, "poverty_relative_below60pct": 22.3, "affluence_relative_above200pct": 4.5, "child_poverty_relative_below60pct": null, "gini_index": 26.9, "p80p20_ratio": 2.4, "pct_under18": 12.1, "pct_over65": 27.2, "income_source_salary": 59.0, "income_source_pensions": 28.3, "income_source_unemployment": 2.1, "income_source_other_benefits": 4.0, "income_source_other_income": 6.7 }, "geometry": { "type": "MultiPolygon", "coordinates": [ [ [ [ -8.40378407, 43.37911172 ], [ -8.40379607, 43.37903307 ], [ -8.4040528, 43.3787468 ], [ -8.40392609, 43.37864006 ], [ -8.40388275, 43.37860355 ], [ -8.40441436, 43.37805695 ], [ -8.4041334, 43.3779168 ], [ -8.40436396, 43.37765348 ], [ -8.40459432, 43.37739019 ], [ -8.40456126, 43.37732179 ], [ -8.40571616, 43.37770488 ], [ -8.40622435, 43.37787394 ], [ -8.40626235, 43.37807861 ], [ -8.40614695, 43.37820374 ], [ -8.40613811, 43.37825807 ], [ -8.40574401, 43.37864944 ], [ -8.40569213, 43.37870096 ], [ -8.40558893, 43.37864872 ], [ -8.40515309, 43.37842817 ], [ -8.40498448, 43.3786455 ], [ -8.40478958, 43.37889661 ], [ -8.40470641, 43.3788797 ], [ -8.40460444, 43.37908989 ], [ -8.40450373, 43.37916632 ], [ -8.40439853, 43.37940548 ], [ -8.40422557, 43.37975885 ], [ -8.40378096, 43.37976984 ], [ -8.4037768, 43.37915867 ], [ -8.40378407, 43.37911172 ] ] ] ] } },
{ "type": "Feature", "properties": { "CUSEC": "1503002016", "income_mean_household": 28252.0, "income_mean_person": 12894.0, "poverty_fixed_7500eur": 10.0, "poverty_relative_below60pct": 23.4, "affluence_relative_above200pct": 2.9, "child_poverty_relative_below60pct": null, "gini_index": 26.8, "p80p20_ratio": 2.3, "pct_under18": 12.2, "pct_over65": 27.7, "income_source_salary": 56.6, "income_source_pensions": 29.5, "income_source_unemployment": 2.5, "income_source_other_benefits": 3.7, "income_source_other_income": 7.7 }, "geometry": { "type": "MultiPolygon", "coordinates": [ [ [ [ -8.40333779, 43.38115023 ], [ -8.40336883, 43.38086755 ], [ -8.40330068, 43.38074595 ], [ -8.40320309, 43.38052572 ], [ -8.40302286, 43.38011923 ], [ -8.4030973, 43.3800554 ], [ -8.40312257, 43.3800122 ], [ -8.40344618, 43.38000031 ], [ -8.40366064, 43.37997912 ], [ -8.40400449, 43.37991076 ], [ -8.40405275, 43.37989186 ], [ -8.40417115, 43.37987002 ], [ -8.40422557, 43.37975885 ], [ -8.40439853, 43.37940548 ], [ -8.40450373, 43.37916632 ], [ -8.40460444, 43.37908989 ], [ -8.40470641, 43.3788797 ], [ -8.40478958, 43.37889661 ], [ -8.40498448, 43.3786455 ], [ -8.40515309, 43.37842817 ], [ -8.40558893, 43.37864872 ], [ -8.40569213, 43.37870096 ], [ -8.40574401, 43.37864944 ], [ -8.40613811, 43.37825807 ], [ -8.40614695, 43.37820374 ], [ -8.40626235, 43.37807861 ], [ -8.40622435, 43.37787394 ], [ -8.40626632, 43.37788748 ], [ -8.40687605, 43.37812332 ], [ -8.4068876, 43.37812876 ], [ -8.4072398, 43.37829368 ], [ -8.40692763, 43.37865559 ], [ -8.40652508, 43.37912235 ], [ -8.4062595, 43.37943028 ], [ -8.40600318, 43.37972762 ], [ -8.40609607, 43.37979159 ], [ -8.40638779, 43.38002862 ], [ -8.40638374, 43.38003096 ], [ -8.40664705, 43.38025938 ], [ -8.40666785, 43.38027741 ], [ -8.40649587, 43.38061174 ], [ -8.40589853, 43.38102076 ], [ -8.40591419, 43.38103196 ], [ -8.40550756, 43.3812032 ], [ -8.40479639, 43.38128455 ], [ -8.40380115, 43.38116443 ], [ -8.40364776, 43.38111813 ], [ -8.40339057, 43.3811448 ], [ -8.40333779, 43.38115023 ] ] ] ] } },
{ "type": "Feature", "properties": { "CUSEC": "1503002017", "income_mean_household": 33057.0, "income_mean_person": 14455.0, "poverty_fixed_7500eur": 8.5, "poverty_relative_below60pct": 18.5, "affluence_relative_above200pct": 4.9, "child_poverty_relative_below60pct": null, "gini_index": 27.6, "p80p20_ratio": 2.2, "pct_under18": 13.8, "pct_over65": 22.6, "income_source_salary": 63.2, "income_source_pensions": 23.5, "income_source_unemployment": 1.9, "income_source_other_benefits": 5.2, "income_source_other_income": 6.3 }, "geometry": { "type": "MultiPolygon", "coordinates": [ [ [ [ -8.40171223, 43.3805458 ], [ -8.40135983, 43.37968731 ], [ -8.40112398, 43.37926802 ], [ -8.40125606, 43.37925815 ], [ -8.40140527, 43.37924831 ], [ -8.40159177, 43.37923605 ], [ -8.40217409, 43.3791976 ], [ -8.40282253, 43.37915919 ], [ -8.4030628, 43.37914496 ], [ -8.40332295, 43.37912957 ], [ -8.40378407, 43.37911172 ], [ -8.4037768, 43.37915867 ], [ -8.40378096, 43.37976984 ], [ -8.40422557, 43.37975885 ], [ -8.40417115, 43.37987002 ], [ -8.40405275, 43.37989186 ], [ -8.40400449, 43.37991076 ], [ -8.40366064, 43.37997912 ], [ -8.40344618, 43.38000031 ], [ -8.40312257, 43.3800122 ], [ -8.4030973, 43.3800554 ], [ -8.40302286, 43.38011923 ], [ -8.40320309, 43.38052572 ], [ -8.40330068, 43.38074595 ], [ -8.40336883, 43.38086755 ], [ -8.40333779, 43.38115023 ], [ -8.40333742, 43.38115026 ], [ -8.40333305, 43.38114951 ], [ -8.40284893, 43.38106605 ], [ -8.40280379, 43.38106862 ], [ -8.40274414, 43.38107207 ], [ -8.40269279, 43.38107506 ], [ -8.40256728, 43.38108222 ], [ -8.40221685, 43.38117971 ], [ -8.40199745, 43.38124072 ], [ -8.40184965, 43.38088038 ], [ -8.40171223, 43.3805458 ] ] ] ] } },
{ "type": "Feature", "properties": { "CUSEC": "1503002018", "income_mean_household": 32297.0, "income_mean_person": 14881.0, "poverty_fixed_7500eur": 10.1, "poverty_relative_below60pct": 23.4, "affluence_relative_above200pct": 7.6, "child_poverty_relative_below60pct": null, "gini_index": 31.2, "p80p20_ratio": 2.7, "pct_under18": 14.6, "pct_over65": 20.2, "income_source_salary": 64.7, "income_source_pensions": 20.1, "income_source_unemployment": 2.0, "income_source_other_benefits": 3.6, "income_source_other_income": 9.7 }, "geometry": { "type": "MultiPolygon", "coordinates": [ [ [ [ -8.39843392, 43.37946742 ], [ -8.3991177, 43.37941668 ], [ -8.40110926, 43.37926901 ], [ -8.40112398, 43.37926802 ], [ -8.40135983, 43.37968731 ], [ -8.40171223, 43.3805458 ], [ -8.40162646, 43.38053037 ], [ -8.40115867, 43.38063375 ], [ -8.40071623, 43.38073146 ], [ -8.4004594, 43.3807882 ], [ -8.40040327, 43.38087263 ], [ -8.40035742, 43.38094166 ], [ -8.400331, 43.38098157 ], [ -8.40032534, 43.38098991 ], [ -8.40031969, 43.38099855 ], [ -8.4003139, 43.38100707 ], [ -8.40030138, 43.381026 ], [ -8.40020815, 43.38116645 ], [ -8.40019502, 43.38118619 ], [ -8.40014879, 43.38125571 ], [ -8.39993136, 43.3812807 ], [ -8.3998298, 43.38115409 ], [ -8.3995935, 43.38086856 ], [ -8.399096, 43.38026754 ], [ -8.39843392, 43.37946742 ] ] ] ] } },
{ "type": "Feature", "properties": { "CUSEC": "1503002019", "income_mean_household": 29346.0, "income_mean_person": 13349.0, "poverty_fixed_7500eur": 10.6, "poverty_relative_below60pct": 25.8, "affluence_relative_above200pct": 3.4, "child_poverty_relative_below60pct": null, "gini_index": 27.4, "p80p20_ratio": 2.5, "pct_under18": 12.9, "pct_over65": 26.8, "income_source_salary": 58.2, "income_source_pensions": 30.7, "income_source_unemployment": 2.3, "income_source_other_benefits": 3.9, "income_source_other_income": 4.9 }, "geometry": { "type": "MultiPolygon", "coordinates": [ [ [ [ -8.39993136, 43.3812807 ], [ -8.40014879, 43.38125571 ], [ -8.40019502, 43.38118619 ], [ -8.40020815, 43.38116645 ], [ -8.40030138, 43.381026 ], [ -8.4003139, 43.38100707 ], [ -8.40031969, 43.38099855 ], [ -8.40032534, 43.38098991 ], [ -8.400331, 43.38098157 ], [ -8.40035742, 43.38094166 ], [ -8.40040327, 43.38087263 ], [ -8.4004594, 43.3807882 ], [ -8.40071623, 43.38073146 ], [ -8.40115867, 43.38063375 ], [ -8.40162646, 43.38053037 ], [ -8.40171223, 43.3805458 ], [ -8.40184965, 43.38088038 ], [ -8.40199745, 43.38124072 ], [ -8.40149897, 43.3813793 ], [ -8.40144162, 43.38139519 ], [ -8.40098525, 43.38152212 ], [ -8.40075394, 43.38157943 ], [ -8.40027271, 43.3817063 ], [ -8.39993136, 43.3812807 ] ] ] ] } },
{ "type": "Feature", "properties": { "CUSEC": "1503002020", "income_mean_household": 33327.0, "income_mean_person": 15179.0, "poverty_fixed_7500eur": 6.4, "poverty_relative_below60pct": 18.4, "affluence_relative_above200pct": 6.1, "child_poverty_relative_below60pct": null, "gini_index": 26.6, "p80p20_ratio": 2.4, "pct_under18": 13.2, "pct_over65": 31.7, "income_source_salary": 57.7, "income_source_pensions": 30.7, "income_source_unemployment": 1.5, "income_source_other_benefits": 2.5, "income_source_other_income": 7.6 }, "geometry": { "type": "MultiPolygon", "coordinates": [ [ [ [ -8.40664705, 43.38025938 ], [ -8.40638374, 43.38003096 ], [ -8.40638779, 43.38002862 ], [ -8.40609607, 43.37979159 ], [ -8.40600318, 43.37972762 ], [ -8.4062595, 43.37943028 ], [ -8.40652508, 43.37912235 ], [ -8.40692763, 43.37865559 ], [ -8.4072398, 43.37829368 ], [ -8.4079702, 43.37863524 ], [ -8.40783927, 43.37884933 ], [ -8.408053, 43.37889319 ], [ -8.40888752, 43.37828646 ], [ -8.40933154, 43.37828341 ], [ -8.41010435, 43.37850781 ], [ -8.41024106, 43.37893342 ], [ -8.41042668, 43.37907764 ], [ -8.41033439, 43.37970318 ], [ -8.41048797, 43.37990295 ], [ -8.41075167, 43.37995343 ], [ -8.41079877, 43.38008266 ], [ -8.40942113, 43.38068519 ], [ -8.40911377, 43.38045961 ], [ -8.40902272, 43.38053917 ], [ -8.40898142, 43.38055022 ], [ -8.40842639, 43.38069835 ], [ -8.40821189, 43.38063143 ], [ -8.40748802, 43.38015612 ], [ -8.40737485, 43.38011628 ], [ -8.40705261, 43.3799473 ], [ -8.40704024, 43.37994788 ], [ -8.40692926, 43.37994838 ], [ -8.40683382, 43.37997673 ], [ -8.40675874, 43.38001363 ], [ -8.40671178, 43.38007302 ], [ -8.4066699, 43.38018934 ], [ -8.40664705, 43.38025938 ] ] ] ] } },
{ "type": "Feature", "properties": { "CUSEC": "1503002021", "income_mean_household": 46621.0, "income_mean_person": 20380.0, "poverty_fixed_7500eur": 5.4, "poverty_relative_below60pct": 10.2, "affluence_relative_above200pct": 23.2, "child_poverty_relative_below60pct": null, "gini_index": 30.4, "p80p20_ratio": 2.6, "pct_under18": 17.1, "pct_over65": 18.6, "income_source_salary": 68.9, "income_source_pensions": 14.9, "income_source_unemployment": 1.1, "income_source_other_benefits": 2.8, "income_source_other_income": 12.2 }, "geometry": { "type": "MultiPolygon", "coordinates": [ [ [ [ -8.4067508, 43.38369477 ], [ -8.40653381, 43.38297033 ], [ -8.40613169, 43.3828933 ], [ -8.40554804, 43.38294003 ], [ -8.40482299, 43.38301251 ], [ -8.40462999, 43.38172593 ], [ -8.403249, 43.38161989 ], [ -8.40333305, 43.38114951 ], [ -8.40333742, 43.38115026 ], [ -8.40333779, 43.38115023 ], [ -8.40339057, 43.3811448 ], [ -8.40364776, 43.38111813 ], [ -8.40380115, 43.38116443 ], [ -8.40479639, 43.38128455 ], [ -8.40550756, 43.3812032 ], [ -8.40591419, 43.38103196 ], [ -8.40589853, 43.38102076 ], [ -8.40649587, 43.38061174 ], [ -8.40666785, 43.38027741 ], [ -8.40664705, 43.38025938 ], [ -8.4066699, 43.38018934 ], [ -8.40671178, 43.38007302 ], [ -8.40675874, 43.38001363 ], [ -8.40683382, 43.37997673 ], [ -8.40692926, 43.37994838 ], [ -8.40704024, 43.37994788 ], [ -8.40705261, 43.3799473 ], [ -8.40737485, 43.38011628 ], [ -8.40748802, 43.38015612 ], [ -8.40821189, 43.38063143 ], [ -8.40842639, 43.38069835 ], [ -8.40898142, 43.38055022 ], [ -8.40902272, 43.38053917 ], [ -8.40911377, 43.38045961 ], [ -8.40942113, 43.38068519 ], [ -8.41079877, 43.38008266 ], [ -8.41099676, 43.38062599 ], [ -8.41069344, 43.38109952 ], [ -8.41081601, 43.38122874 ], [ -8.41097659, 43.38123015 ], [ -8.41116118, 43.38150041 ], [ -8.4114473, 43.38138781 ], [ -8.41166606, 43.38176454 ], [ -8.41200218, 43.38165854 ], [ -8.41210024, 43.38178894 ], [ -8.41189519, 43.3822578 ], [ -8.41183977, 43.38288159 ], [ -8.41149318, 43.38328514 ], [ -8.41104832, 43.38327928 ], [ -8.41088912, 43.38301674 ], [ -8.41075204, 43.3831403 ], [ -8.41052412, 43.38321409 ], [ -8.41048421, 43.38345904 ], [ -8.4108011, 43.38355204 ], [ -8.41131773, 43.38408566 ], [ -8.41158284, 43.38387507 ], [ -8.41182143, 43.38378271 ], [ -8.41188362, 43.38420287 ], [ -8.41211687, 43.38432682 ], [ -8.41182529, 43.38465575 ], [ -8.41188293, 43.38488707 ], [ -8.41162534, 43.38504336 ], [ -8.41084274, 43.38512549 ], [ -8.41028754, 43.38498982 ], [ -8.41002822, 43.38443494 ], [ -8.40923583, 43.38413049 ], [ -8.40904457, 43.38392351 ], [ -8.40852194, 43.38387629 ], [ -8.40815642, 43.38392961 ], [ -8.40787917, 43.38372672 ], [ -8.40747832, 43.38379974 ], [ -8.40698059, 43.3836163 ], [ -8.4067508, 43.38369477 ] ] ] ] } },
{ "type": "Feature", "properties": { "CUSEC": "1503002022", "income_mean_household": 44172.0, "income_mean_person": 18619.0, "poverty_fixed_7500eur": 3.0, "poverty_relative_below60pct": 8.4, "affluence_relative_above200pct": 14.2, "child_poverty_relative_below60pct": null, "gini_index": 26.3, "p80p20_ratio": 2.3, "pct_under18": 9.4, "pct_over65": 29.9, "income_source_salary": 56.4, "income_source_pensions": 29.8, "income_source_unemployment": 1.4, "income_source_other_benefits": 2.7, "income_source_other_income": 9.8 }, "geometry": { "type": "MultiPolygon", "coordinates": [ [ [ [ -8.39666032, 43.38220582 ], [ -8.39672808, 43.38230855 ], [ -8.39678793, 43.38239908 ], [ -8.39682369, 43.38245331 ], [ -8.39688812, 43.38243197 ], [ -8.39699959, 43.382395 ], [ -8.39730057, 43.3822962 ], [ -8.39728442, 43.38231898 ], [ -8.39728186, 43.38232767 ], [ -8.39727882, 43.38234693 ], [ -8.3972797, 43.38235683 ], [ -8.39729402, 43.38237944 ], [ -8.39731834, 43.38240675 ], [ -8.39736543, 43.38245159 ], [ -8.39742793, 43.3824964 ], [ -8.39752103, 43.38254638 ], [ -8.3975864, 43.38257882 ], [ -8.39769066, 43.38262049 ], [ -8.39788508, 43.38267347 ], [ -8.3977922, 43.38279942 ], [ -8.39777155, 43.3828174 ], [ -8.39774462, 43.38284454 ], [ -8.39772095, 43.38287739 ], [ -8.39770267, 43.38291429 ], [ -8.39769047, 43.38295133 ], [ -8.39767154, 43.38298003 ], [ -8.39764268, 43.38301192 ], [ -8.39761529, 43.38305177 ], [ -8.39759711, 43.38308077 ], [ -8.39757773, 43.38311635 ], [ -8.39758506, 43.38313789 ], [ -8.39757093, 43.38316573 ], [ -8.39754967, 43.38318335 ], [ -8.39751475, 43.38327781 ], [ -8.39748182, 43.38336659 ], [ -8.39752593, 43.38348733 ], [ -8.39755062, 43.38352164 ], [ -8.39755436, 43.38356645 ], [ -8.39757495, 43.38359643 ], [ -8.39759074, 43.38361056 ], [ -8.39760669, 43.38361994 ], [ -8.3976047, 43.38367061 ], [ -8.39762659, 43.38370405 ], [ -8.39765393, 43.38373552 ], [ -8.39767532, 43.38375654 ], [ -8.39774371, 43.38380928 ], [ -8.39775231, 43.38384093 ], [ -8.39776801, 43.38385857 ], [ -8.39777765, 43.38386943 ], [ -8.39780759, 43.38388944 ], [ -8.39801042, 43.38395224 ], [ -8.3982486, 43.38402852 ], [ -8.39845819, 43.38409046 ], [ -8.39852701, 43.384112 ], [ -8.39855918, 43.38413064 ], [ -8.39855291, 43.38421219 ], [ -8.39853872, 43.38428729 ], [ -8.39847644, 43.38448075 ], [ -8.39846729, 43.38450943 ], [ -8.39845964, 43.3845417 ], [ -8.39845768, 43.38460852 ], [ -8.39845891, 43.38469305 ], [ -8.39844057, 43.3848239 ], [ -8.39841395, 43.38495883 ], [ -8.39829922, 43.38519775 ], [ -8.39821222, 43.38519469 ], [ -8.39818462, 43.38519958 ], [ -8.39815627, 43.38520709 ], [ -8.39811989, 43.3852187 ], [ -8.39809526, 43.38522595 ], [ -8.39808543, 43.3852419 ], [ -8.39809243, 43.38526004 ], [ -8.39808873, 43.38528633 ], [ -8.39807873, 43.38531151 ], [ -8.39806371, 43.38533329 ], [ -8.39804287, 43.38536273 ], [ -8.39803273, 43.38538193 ], [ -8.39802478, 43.38540888 ], [ -8.39801276, 43.38543541 ], [ -8.39799512, 43.38546124 ], [ -8.39797958, 43.3854841 ], [ -8.39796654, 43.38550377 ], [ -8.39796549, 43.3855207 ], [ -8.39796271, 43.38554248 ], [ -8.39795833, 43.38555146 ], [ -8.39794758, 43.3855639 ], [ -8.39793212, 43.38557831 ], [ -8.39791093, 43.38559886 ], [ -8.39783226, 43.38574945 ], [ -8.39779816, 43.38581443 ], [ -8.39778558, 43.38583791 ], [ -8.39791164, 43.38589518 ], [ -8.39640292, 43.38718266 ], [ -8.39593533, 43.38682232 ], [ -8.3953144, 43.38677969 ], [ -8.3949108, 43.38696083 ], [ -8.39462238, 43.38663238 ], [ -8.39370052, 43.386676 ], [ -8.3934566, 43.38657052 ], [ -8.39309506, 43.38666865 ], [ -8.39284362, 43.38661753 ], [ -8.39285466, 43.38646394 ], [ -8.39265194, 43.3862665 ], [ -8.39276727, 43.38603597 ], [ -8.39250195, 43.38596751 ], [ -8.39237491, 43.38564942 ], [ -8.39197476, 43.3854523 ], [ -8.39246583, 43.38500597 ], [ -8.39260287, 43.38460339 ], [ -8.3922616, 43.38409738 ], [ -8.39247173, 43.3839614 ], [ -8.39278104, 43.38410882 ], [ -8.39312918, 43.38413735 ], [ -8.39326801, 43.38431086 ], [ -8.39371436, 43.38405567 ], [ -8.39345507, 43.3832217 ], [ -8.39353084, 43.38240791 ], [ -8.39399918, 43.38184561 ], [ -8.39449321, 43.38184926 ], [ -8.39485479, 43.3817511 ], [ -8.39544278, 43.38184034 ], [ -8.39657414, 43.3822099 ], [ -8.39666032, 43.38220582 ] ] ] ] } },
{ "type": "Feature", "properties": { "CUSEC": "1503002023", "income_mean_household": 33219.0, "income_mean_person": 15305.0, "poverty_fixed_7500eur": 7.0, "poverty_relative_below60pct": 14.3, "affluence_relative_above200pct": 7.6, "child_poverty_relative_below60pct": null, "gini_index": 26.4, "p80p20_ratio": 2.3, "pct_under18": 9.0, "pct_over65": 36.6, "income_source_salary": 54.3, "income_source_pensions": 34.5, "income_source_unemployment": 0.9, "income_source_other_benefits": 3.5, "income_source_other_income": 6.8 }, "geometry": { "type": "MultiPolygon", "coordinates": [ [ [ [ -8.39640292, 43.38718266 ], [ -8.39791164, 43.38589518 ], [ -8.39778558, 43.38583791 ], [ -8.39779816, 43.38581443 ], [ -8.39783226, 43.38574945 ], [ -8.39791093, 43.38559886 ], [ -8.39793212, 43.38557831 ], [ -8.39794758, 43.3855639 ], [ -8.39795833, 43.38555146 ], [ -8.39796271, 43.38554248 ], [ -8.39796549, 43.3855207 ], [ -8.39796654, 43.38550377 ], [ -8.39797958, 43.3854841 ], [ -8.39799512, 43.38546124 ], [ -8.39801276, 43.38543541 ], [ -8.39802478, 43.38540888 ], [ -8.39803273, 43.38538193 ], [ -8.39804287, 43.38536273 ], [ -8.39806371, 43.38533329 ], [ -8.39807873, 43.38531151 ], [ -8.39808873, 43.38528633 ], [ -8.39809243, 43.38526004 ], [ -8.39808543, 43.3852419 ], [ -8.39809526, 43.38522595 ], [ -8.39811989, 43.3852187 ], [ -8.39815627, 43.38520709 ], [ -8.39818462, 43.38519958 ], [ -8.39821222, 43.38519469 ], [ -8.39829922, 43.38519775 ], [ -8.39841395, 43.38495883 ], [ -8.39844057, 43.3848239 ], [ -8.39845891, 43.38469305 ], [ -8.39845768, 43.38460852 ], [ -8.39845964, 43.3845417 ], [ -8.39846729, 43.38450943 ], [ -8.39847644, 43.38448075 ], [ -8.39853872, 43.38428729 ], [ -8.39855291, 43.38421219 ], [ -8.39855918, 43.38413064 ], [ -8.39852701, 43.384112 ], [ -8.39845819, 43.38409046 ], [ -8.3982486, 43.38402852 ], [ -8.39801042, 43.38395224 ], [ -8.39780759, 43.38388944 ], [ -8.39777765, 43.38386943 ], [ -8.39776801, 43.38385857 ], [ -8.39775231, 43.38384093 ], [ -8.39774371, 43.38380928 ], [ -8.39767532, 43.38375654 ], [ -8.39765393, 43.38373552 ], [ -8.39762659, 43.38370405 ], [ -8.3976047, 43.38367061 ], [ -8.39760669, 43.38361994 ], [ -8.39759074, 43.38361056 ], [ -8.39757495, 43.38359643 ], [ -8.39755436, 43.38356645 ], [ -8.39755062, 43.38352164 ], [ -8.39752593, 43.38348733 ], [ -8.39748182, 43.38336659 ], [ -8.39751475, 43.38327781 ], [ -8.39754967, 43.38318335 ], [ -8.39757093, 43.38316573 ], [ -8.39758506, 43.38313789 ], [ -8.39757773, 43.38311635 ], [ -8.39759711, 43.38308077 ], [ -8.39761529, 43.38305177 ], [ -8.39764268, 43.38301192 ], [ -8.39767154, 43.38298003 ], [ -8.39769047, 43.38295133 ], [ -8.39770267, 43.38291429 ], [ -8.39772095, 43.38287739 ], [ -8.39774462, 43.38284454 ], [ -8.39777155, 43.3828174 ], [ -8.3977922, 43.38279942 ], [ -8.39788508, 43.38267347 ], [ -8.39769066, 43.38262049 ], [ -8.3975864, 43.38257882 ], [ -8.39752103, 43.38254638 ], [ -8.39742793, 43.3824964 ], [ -8.39736543, 43.38245159 ], [ -8.39731834, 43.38240675 ], [ -8.39729402, 43.38237944 ], [ -8.3972797, 43.38235683 ], [ -8.39727882, 43.38234693 ], [ -8.39728186, 43.38232767 ], [ -8.39728442, 43.38231898 ], [ -8.39730057, 43.3822962 ], [ -8.39699959, 43.382395 ], [ -8.39688812, 43.38243197 ], [ -8.39682369, 43.38245331 ], [ -8.39678793, 43.38239908 ], [ -8.39672808, 43.38230855 ], [ -8.39666032, 43.38220582 ], [ -8.39707806, 43.38218603 ], [ -8.39742919, 43.38197133 ], [ -8.39738628, 43.3817663 ], [ -8.39693726, 43.3814365 ], [ -8.39749465, 43.38132009 ], [ -8.3974795, 43.38114975 ], [ -8.39693267, 43.38096857 ], [ -8.39667327, 43.38071217 ], [ -8.3969503, 43.38064823 ], [ -8.39813973, 43.38016392 ], [ -8.39816417, 43.38000795 ], [ -8.39820371, 43.37996369 ], [ -8.39834107, 43.37950645 ], [ -8.39843392, 43.37946742 ], [ -8.399096, 43.38026754 ], [ -8.3995935, 43.38086856 ], [ -8.3998298, 43.38115409 ], [ -8.39993136, 43.3812807 ], [ -8.40027271, 43.3817063 ], [ -8.40075394, 43.38157943 ], [ -8.40098525, 43.38152212 ], [ -8.40144162, 43.38139519 ], [ -8.40149897, 43.3813793 ], [ -8.40199745, 43.38124072 ], [ -8.40221685, 43.38117971 ], [ -8.40256728, 43.38108222 ], [ -8.40269279, 43.38107506 ], [ -8.40274414, 43.38107207 ], [ -8.40280379, 43.38106862 ], [ -8.40284893, 43.38106605 ], [ -8.40333305, 43.38114951 ], [ -8.403249, 43.38161989 ], [ -8.40462999, 43.38172593 ], [ -8.40482299, 43.38301251 ], [ -8.40554804, 43.38294003 ], [ -8.40613169, 43.3828933 ], [ -8.40653381, 43.38297033 ], [ -8.4067508, 43.38369477 ], [ -8.40670515, 43.38371039 ], [ -8.40658514, 43.3838871 ], [ -8.40674029, 43.38410482 ], [ -8.4068971, 43.38418323 ], [ -8.40692115, 43.38419527 ], [ -8.40698122, 43.38445347 ], [ -8.40718186, 43.38448899 ], [ -8.40744764, 43.38470145 ], [ -8.40779418, 43.38471202 ], [ -8.40789383, 43.38486032 ], [ -8.40844341, 43.38493327 ], [ -8.40876688, 43.38537706 ], [ -8.40901508, 43.38539227 ], [ -8.40916869, 43.38559201 ], [ -8.40962907, 43.38563318 ], [ -8.40987187, 43.38586474 ], [ -8.40983438, 43.3861366 ], [ -8.41007425, 43.38661134 ], [ -8.40960725, 43.3873267 ], [ -8.40893395, 43.38725061 ], [ -8.40896385, 43.38744724 ], [ -8.40908483, 43.38755854 ], [ -8.40877805, 43.38771714 ], [ -8.40769373, 43.38787658 ], [ -8.40624743, 43.38757609 ], [ -8.40559681, 43.38761595 ], [ -8.4052874, 43.38746858 ], [ -8.40324937, 43.38759218 ], [ -8.40324609, 43.38797047 ], [ -8.40291181, 43.38795929 ], [ -8.40258085, 43.38756986 ], [ -8.40217714, 43.38747195 ], [ -8.40065256, 43.38670697 ], [ -8.40021164, 43.38674586 ], [ -8.40028637, 43.3870304 ], [ -8.40074243, 43.38716184 ], [ -8.40116957, 43.38738466 ], [ -8.40116766, 43.3875018 ], [ -8.40071049, 43.38749645 ], [ -8.40051176, 43.38734382 ], [ -8.40031426, 43.38734418 ], [ -8.40021037, 43.38728607 ], [ -8.4000506, 43.38729364 ], [ -8.39991807, 43.38719189 ], [ -8.39961509, 43.38711623 ], [ -8.39960491, 43.38727875 ], [ -8.40065082, 43.38779633 ], [ -8.40087284, 43.38779483 ], [ -8.40150325, 43.38835911 ], [ -8.40195163, 43.38895904 ], [ -8.40211613, 43.38941938 ], [ -8.40156774, 43.38949934 ], [ -8.40103311, 43.38931765 ], [ -8.40125633, 43.38988322 ], [ -8.40114138, 43.3899787 ], [ -8.40088198, 43.38983796 ], [ -8.40054466, 43.38937679 ], [ -8.40019299, 43.38944745 ], [ -8.39966632, 43.3893554 ], [ -8.39900433, 43.38899063 ], [ -8.39863205, 43.38910729 ], [ -8.39814742, 43.3889322 ], [ -8.39801364, 43.38867745 ], [ -8.39764524, 43.38855984 ], [ -8.39769661, 43.38830536 ], [ -8.3974765, 43.38818976 ], [ -8.39750687, 43.38783722 ], [ -8.39727522, 43.38773113 ], [ -8.39690726, 43.3877576 ], [ -8.39668239, 43.38758819 ], [ -8.39658468, 43.38732275 ], [ -8.39640292, 43.38718266 ] ] ] ] } },
{ "type": "Feature", "properties": { "CUSEC": "1503003001", "income_mean_household": 104774.0, "income_mean_person": 36918.0, "poverty_fixed_7500eur": 3.6, "poverty_relative_below60pct": 6.5, "affluence_relative_above200pct": 50.7, "child_poverty_relative_below60pct": null, "gini_index": 44.2, "p80p20_ratio": 3.4, "pct_under18": 11.0, "pct_over65": 32.6, "income_source_salary": 59.3, "income_source_pensions": 10.9, "income_source_unemployment": 0.2, "income_source_other_benefits": 1.2, "income_source_other_income": 28.5 }, "geometry": { "type": "MultiPolygon", "coordinates": [ [ [ [ -8.40645809, 43.36776122 ], [ -8.40635966, 43.3676523 ], [ -8.40626707, 43.36754985 ], [ -8.40623413, 43.3675134 ], [ -8.40622277, 43.36750903 ], [ -8.40619807, 43.36749955 ], [ -8.40615199, 43.36748182 ], [ -8.4061247, 43.36747131 ], [ -8.40612406, 43.36747064 ], [ -8.40610895, 43.3674539 ], [ -8.40600209, 43.36733571 ], [ -8.40577403, 43.36708365 ], [ -8.4056977, 43.36699922 ], [ -8.4055657, 43.36685319 ], [ -8.40538795, 43.36665658 ], [ -8.40532871, 43.36659106 ], [ -8.40522806, 43.36647983 ], [ -8.40510776, 43.36634683 ], [ -8.40502844, 43.36626119 ], [ -8.40508113, 43.36623569 ], [ -8.40502506, 43.36617166 ], [ -8.40492154, 43.36605339 ], [ -8.40477384, 43.36601094 ], [ -8.40478087, 43.36598889 ], [ -8.40480981, 43.36587682 ], [ -8.40486831, 43.36564977 ], [ -8.40489121, 43.36556096 ], [ -8.40495014, 43.36533224 ], [ -8.40496235, 43.3652849 ], [ -8.40497784, 43.36522042 ], [ -8.40502882, 43.36499499 ], [ -8.40503345, 43.3649746 ], [ -8.40503723, 43.3649754 ], [ -8.40504982, 43.36497858 ], [ -8.40508537, 43.36498755 ], [ -8.40518407, 43.36501248 ], [ -8.40526203, 43.36503216 ], [ -8.40526449, 43.36503105 ], [ -8.40527295, 43.36502709 ], [ -8.40527815, 43.36502465 ], [ -8.40534005, 43.36499563 ], [ -8.40542194, 43.36495721 ], [ -8.40551084, 43.36491553 ], [ -8.40563715, 43.3648563 ], [ -8.40571038, 43.36482196 ], [ -8.40571671, 43.36481899 ], [ -8.40574163, 43.36482474 ], [ -8.40574427, 43.36482771 ], [ -8.40574514, 43.364829 ], [ -8.40574532, 43.36482892 ], [ -8.40602275, 43.36514409 ], [ -8.40641543, 43.36559023 ], [ -8.40664749, 43.36585411 ], [ -8.40664944, 43.36589075 ], [ -8.40694839, 43.36623069 ], [ -8.40699892, 43.36625301 ], [ -8.40725086, 43.36653969 ], [ -8.40800594, 43.36740217 ], [ -8.40801503, 43.36739908 ], [ -8.40801209, 43.36742875 ], [ -8.40820476, 43.36761254 ], [ -8.40811426, 43.36776927 ], [ -8.40811743, 43.36777325 ], [ -8.40811213, 43.36777585 ], [ -8.40807578, 43.36774701 ], [ -8.40722884, 43.36768702 ], [ -8.40658463, 43.36790112 ], [ -8.40657872, 43.3678947 ], [ -8.40656886, 43.36788377 ], [ -8.40652653, 43.36783692 ], [ -8.40645809, 43.36776122 ] ] ] ] } },
{ "type": "Feature", "properties": { "CUSEC": "1503003002", "income_mean_household": 78924.0, "income_mean_person": 33339.0, "poverty_fixed_7500eur": 5.5, "poverty_relative_below60pct": 9.1, "affluence_relative_above200pct": 44.1, "child_poverty_relative_below60pct": null, "gini_index": 40.9, "p80p20_ratio": 3.1, "pct_under18": 13.4, "pct_over65": 28.8, "income_source_salary": 54.2, "income_source_pensions": 14.4, "income_source_unemployment": 0.3, "income_source_other_benefits": 1.8, "income_source_other_income": 29.3 }, "geometry": { "type": "MultiPolygon", "coordinates": [ [ [ [ -8.40801209, 43.36742875 ], [ -8.40801503, 43.36739908 ], [ -8.40800594, 43.36740217 ], [ -8.40725086, 43.36653969 ], [ -8.40699892, 43.36625301 ], [ -8.40694839, 43.36623069 ], [ -8.40664944, 43.36589075 ], [ -8.40664749, 43.36585411 ], [ -8.40641543, 43.36559023 ], [ -8.40707669, 43.36525969 ], [ -8.40730094, 43.36515053 ], [ -8.40783462, 43.36489083 ], [ -8.40814563, 43.36473952 ], [ -8.4082516, 43.36515562 ], [ -8.40846974, 43.36601284 ], [ -8.40852748, 43.36623997 ], [ -8.40912124, 43.36615552 ], [ -8.40967951, 43.36607619 ], [ -8.41003405, 43.36602575 ], [ -8.41038378, 43.36608538 ], [ -8.41036384, 43.36610177 ], [ -8.41032303, 43.36613479 ], [ -8.4093588, 43.36688341 ], [ -8.40921342, 43.36699629 ], [ -8.40911232, 43.36705818 ], [ -8.40879577, 43.36713377 ], [ -8.40881065, 43.36724172 ], [ -8.4088028, 43.36728528 ], [ -8.4087778, 43.36732939 ], [ -8.40867164, 43.36740876 ], [ -8.40831184, 43.36767769 ], [ -8.40811743, 43.36777325 ], [ -8.40811426, 43.36776927 ], [ -8.40820476, 43.36761254 ], [ -8.40801209, 43.36742875 ] ] ] ] } },
{ "type": "Feature", "properties": { "CUSEC": "1503003003", "income_mean_household": 60779.0, "income_mean_person": 26744.0, "poverty_fixed_7500eur": 4.4, "poverty_relative_below60pct": 6.7, "affluence_relative_above200pct": 37.3, "child_poverty_relative_below60pct": null, "gini_index": 29.9, "p80p20_ratio": 2.3, "pct_under18": 14.8, "pct_over65": 35.1, "income_source_salary": 44.8, "income_source_pensions": 26.2, "income_source_unemployment": 0.4, "income_source_other_benefits": 2.8, "income_source_other_income": 25.8 }, "geometry": { "type": "MultiPolygon", "coordinates": [ [ [ [ -8.40814563, 43.36473952 ], [ -8.40841433, 43.36462351 ], [ -8.40913969, 43.364256 ], [ -8.40919099, 43.36422996 ], [ -8.40921878, 43.36426817 ], [ -8.40924775, 43.36430823 ], [ -8.40970714, 43.36494074 ], [ -8.4097484, 43.36498939 ], [ -8.40978502, 43.36501562 ], [ -8.40982906, 43.36503195 ], [ -8.40990263, 43.36504593 ], [ -8.41010119, 43.36508351 ], [ -8.41032926, 43.36512243 ], [ -8.41045349, 43.36516699 ], [ -8.41047121, 43.36517331 ], [ -8.41059898, 43.36524564 ], [ -8.41061103, 43.36525246 ], [ -8.41102046, 43.36556659 ], [ -8.41038378, 43.36608538 ], [ -8.41003405, 43.36602575 ], [ -8.40967951, 43.36607619 ], [ -8.40912124, 43.36615552 ], [ -8.40852748, 43.36623997 ], [ -8.40846974, 43.36601284 ], [ -8.4082516, 43.36515562 ], [ -8.40814563, 43.36473952 ] ] ] ] } },
{ "type": "Feature", "properties": { "CUSEC": "1503003004", "income_mean_household": 42120.0, "income_mean_person": 19706.0, "poverty_fixed_7500eur": 5.1, "poverty_relative_below60pct": 12.8, "affluence_relative_above200pct": 19.9, "child_poverty_relative_below60pct": null, "gini_index": 31.2, "p80p20_ratio": 2.7, "pct_under18": 14.0, "pct_over65": 22.5, "income_source_salary": 64.4, "income_source_pensions": 18.9, "income_source_unemployment": 1.0, "income_source_other_benefits": 3.8, "income_source_other_income": 11.9 }, "geometry": { "type": "MultiPolygon", "coordinates": [ [ [ [ -8.41039658, 43.36376676 ], [ -8.41041841, 43.36375741 ], [ -8.41043081, 43.3637502 ], [ -8.41044202, 43.36374215 ], [ -8.41045211, 43.36373321 ], [ -8.41046071, 43.36372358 ], [ -8.41046798, 43.36371336 ], [ -8.41047376, 43.3637027 ], [ -8.41047789, 43.36369155 ], [ -8.41048047, 43.3636802 ], [ -8.41048054, 43.36367251 ], [ -8.41048117, 43.36367252 ], [ -8.4104914, 43.3636727 ], [ -8.41064584, 43.36367331 ], [ -8.41095058, 43.36367454 ], [ -8.41119299, 43.36367552 ], [ -8.41150486, 43.36367678 ], [ -8.41175789, 43.36367778 ], [ -8.41202402, 43.36367885 ], [ -8.41222536, 43.36367963 ], [ -8.41256457, 43.36368099 ], [ -8.41261795, 43.36368139 ], [ -8.41266396, 43.36368676 ], [ -8.41275106, 43.36369697 ], [ -8.41289316, 43.36371375 ], [ -8.41280617, 43.36382839 ], [ -8.41276189, 43.36389121 ], [ -8.41252713, 43.36421397 ], [ -8.41248693, 43.36424656 ], [ -8.41248688, 43.3642466 ], [ -8.41230971, 43.36440322 ], [ -8.41148288, 43.3651721 ], [ -8.41137092, 43.36527628 ], [ -8.41135512, 43.36528977 ], [ -8.41128047, 43.36517124 ], [ -8.41090186, 43.36456958 ], [ -8.41039658, 43.36376676 ] ] ] ] } },
{ "type": "Feature", "properties": { "CUSEC": "1503003005", "income_mean_household": 67105.0, "income_mean_person": 27224.0, "poverty_fixed_7500eur": 2.9, "poverty_relative_below60pct": 5.9, "affluence_relative_above200pct": 42.8, "child_poverty_relative_below60pct": null, "gini_index": 30.7, "p80p20_ratio": 2.3, "pct_under18": 17.6, "pct_over65": 28.6, "income_source_salary": 58.1, "income_source_pensions": 21.9, "income_source_unemployment": 0.3, "income_source_other_benefits": 1.8, "income_source_other_income": 17.8 }, "geometry": { "type": "MultiPolygon", "coordinates": [ [ [ [ -8.40803692, 43.3629494 ], [ -8.40896929, 43.36292667 ], [ -8.40901817, 43.36296366 ], [ -8.40915152, 43.36303527 ], [ -8.40936057, 43.36314758 ], [ -8.40944864, 43.36310626 ], [ -8.40987196, 43.36291266 ], [ -8.4102869, 43.362723 ], [ -8.4103466, 43.36269576 ], [ -8.41042319, 43.36263899 ], [ -8.4104234, 43.36263823 ], [ -8.41042453, 43.36264717 ], [ -8.41042745, 43.362665 ], [ -8.41043698, 43.36272306 ], [ -8.41044841, 43.36279272 ], [ -8.41046569, 43.36289778 ], [ -8.41045855, 43.36294215 ], [ -8.41044892, 43.36300107 ], [ -8.41043049, 43.36311385 ], [ -8.41041719, 43.3631952 ], [ -8.41040159, 43.36329082 ], [ -8.41038471, 43.36339424 ], [ -8.41036361, 43.36352328 ], [ -8.41036012, 43.36354459 ], [ -8.41035762, 43.36355989 ], [ -8.41036304, 43.36356055 ], [ -8.41036867, 43.36356168 ], [ -8.41037549, 43.36356304 ], [ -8.41037884, 43.36356377 ], [ -8.41038301, 43.36356497 ], [ -8.41039271, 43.36356775 ], [ -8.41039438, 43.36356836 ], [ -8.41040066, 43.36357073 ], [ -8.41040688, 43.36357309 ], [ -8.41040863, 43.36357393 ], [ -8.41041982, 43.36357935 ], [ -8.41042876, 43.36358461 ], [ -8.41043279, 43.36358703 ], [ -8.4104378, 43.36359076 ], [ -8.41044343, 43.36359492 ], [ -8.41044684, 43.36359804 ], [ -8.41045333, 43.36360398 ], [ -8.41045769, 43.36360898 ], [ -8.41046183, 43.36361378 ], [ -8.41046535, 43.36361888 ], [ -8.41046877, 43.36362388 ], [ -8.41047194, 43.36362996 ], [ -8.41047443, 43.36363484 ], [ -8.41047597, 43.36363914 ], [ -8.4104783, 43.3636457 ], [ -8.41047925, 43.36365019 ], [ -8.41048058, 43.3636566 ], [ -8.41048094, 43.36366062 ], [ -8.41048146, 43.36366874 ], [ -8.41048117, 43.36367252 ], [ -8.41048054, 43.36367251 ], [ -8.41048047, 43.3636802 ], [ -8.41047789, 43.36369155 ], [ -8.41047376, 43.3637027 ], [ -8.41046798, 43.36371336 ], [ -8.41046071, 43.36372358 ], [ -8.41045211, 43.36373321 ], [ -8.41044202, 43.36374215 ], [ -8.41043081, 43.3637502 ], [ -8.41041841, 43.36375741 ], [ -8.41039658, 43.36376676 ], [ -8.41037975, 43.36377182 ], [ -8.41036146, 43.36377558 ], [ -8.41034056, 43.36377755 ], [ -8.41032343, 43.36377765 ], [ -8.41030641, 43.3637763 ], [ -8.410291, 43.36377386 ], [ -8.41027523, 43.36377009 ], [ -8.41025876, 43.36376443 ], [ -8.41023982, 43.3637556 ], [ -8.41022792, 43.36374823 ], [ -8.41021668, 43.36373981 ], [ -8.4102043, 43.3637276 ], [ -8.40919099, 43.36422996 ], [ -8.40913969, 43.364256 ], [ -8.40841433, 43.36462351 ], [ -8.40814563, 43.36473952 ], [ -8.40812367, 43.36465326 ], [ -8.40807714, 43.36374019 ], [ -8.4080417, 43.36304422 ], [ -8.40803692, 43.3629494 ] ] ] ] } },
{ "type": "Feature", "properties": { "CUSEC": "1503003006", "income_mean_household": 68835.0, "income_mean_person": 29575.0, "poverty_fixed_7500eur": 4.0, "poverty_relative_below60pct": 9.3, "affluence_relative_above200pct": 37.4, "child_poverty_relative_below60pct": null, "gini_index": 39.7, "p80p20_ratio": 3.2, "pct_under18": 15.4, "pct_over65": 26.4, "income_source_salary": 59.0, "income_source_pensions": 14.8, "income_source_unemployment": 0.3, "income_source_other_benefits": 2.2, "income_source_other_income": 23.7 }, "geometry": { "type": "MultiPolygon", "coordinates": [ [ [ [ -8.40574163, 43.36482474 ], [ -8.4057518, 43.36482002 ], [ -8.4058626, 43.36476768 ], [ -8.40599878, 43.36470331 ], [ -8.40614522, 43.36463412 ], [ -8.40641271, 43.3645077 ], [ -8.40650541, 43.36446387 ], [ -8.40643898, 43.36438959 ], [ -8.40643571, 43.36425836 ], [ -8.40643421, 43.36419748 ], [ -8.406426, 43.36386907 ], [ -8.40642368, 43.36377666 ], [ -8.40641605, 43.36347084 ], [ -8.40641322, 43.36335707 ], [ -8.40640641, 43.36308392 ], [ -8.40640323, 43.36295518 ], [ -8.40639743, 43.36272239 ], [ -8.40639322, 43.36255187 ], [ -8.40638865, 43.36236923 ], [ -8.40638715, 43.36230846 ], [ -8.40638426, 43.36219289 ], [ -8.40705719, 43.36218207 ], [ -8.40747171, 43.36217548 ], [ -8.40799415, 43.36216956 ], [ -8.40802595, 43.3627362 ], [ -8.40803453, 43.36290337 ], [ -8.40803692, 43.3629494 ], [ -8.4080417, 43.36304422 ], [ -8.40807714, 43.36374019 ], [ -8.40812367, 43.36465326 ], [ -8.40814563, 43.36473952 ], [ -8.40783462, 43.36489083 ], [ -8.40730094, 43.36515053 ], [ -8.40707669, 43.36525969 ], [ -8.40641543, 43.36559023 ], [ -8.40602275, 43.36514409 ], [ -8.40574532, 43.36482892 ], [ -8.40574514, 43.364829 ], [ -8.40574427, 43.36482771 ], [ -8.40574163, 43.36482474 ] ] ] ] } },
{ "type": "Feature", "properties": { "CUSEC": "1503003007", "income_mean_household": 87473.0, "income_mean_person": 36383.0, "poverty_fixed_7500eur": 2.9, "poverty_relative_below60pct": 7.1, "affluence_relative_above200pct": 44.4, "child_poverty_relative_below60pct": null, "gini_index": 40.7, "p80p20_ratio": 2.8, "pct_under18": 15.0, "pct_over65": 33.2, "income_source_salary": 50.6, "income_source_pensions": 15.6, "income_source_unemployment": 0.3, "income_source_other_benefits": 1.2, "income_source_other_income": 32.2 }, "geometry": { "type": "MultiPolygon", "coordinates": [ [ [ [ -8.40571671, 43.36481899 ], [ -8.40571611, 43.36481885 ], [ -8.40566607, 43.36476203 ], [ -8.40562877, 43.36471967 ], [ -8.40558363, 43.36466844 ], [ -8.40553072, 43.36460838 ], [ -8.40552343, 43.36457786 ], [ -8.40540386, 43.36444123 ], [ -8.40527882, 43.36429926 ], [ -8.40518968, 43.36419806 ], [ -8.40517932, 43.36418616 ], [ -8.40517379, 43.3642174 ], [ -8.40517171, 43.36421696 ], [ -8.4051002, 43.36418333 ], [ -8.4044963, 43.36389741 ], [ -8.40438644, 43.36384504 ], [ -8.40433296, 43.36381929 ], [ -8.40426226, 43.3637873 ], [ -8.4042305, 43.36377265 ], [ -8.40421312, 43.36376496 ], [ -8.40421551, 43.36376483 ], [ -8.40447032, 43.36375008 ], [ -8.40437688, 43.36131483 ], [ -8.40276485, 43.35969882 ], [ -8.40193833, 43.35972651 ], [ -8.40294414, 43.35926713 ], [ -8.40301704, 43.35932851 ], [ -8.40309258, 43.35938832 ], [ -8.40371032, 43.35992317 ], [ -8.40380907, 43.3600087 ], [ -8.40390288, 43.36009265 ], [ -8.40399585, 43.36017823 ], [ -8.40408166, 43.36026269 ], [ -8.40409057, 43.36027147 ], [ -8.4041878, 43.36037164 ], [ -8.40425242, 43.3604433 ], [ -8.40433738, 43.36053677 ], [ -8.40441666, 43.36063345 ], [ -8.40446701, 43.36069468 ], [ -8.40450699, 43.360748 ], [ -8.4047086, 43.36102928 ], [ -8.40473844, 43.36107094 ], [ -8.40481062, 43.36117163 ], [ -8.40482365, 43.36118969 ], [ -8.40483436, 43.36120472 ], [ -8.40490305, 43.36131067 ], [ -8.40492081, 43.36133818 ], [ -8.40497276, 43.3614281 ], [ -8.40497223, 43.36125612 ], [ -8.40496111, 43.36098988 ], [ -8.4049633, 43.36090885 ], [ -8.40496349, 43.36089804 ], [ -8.40496386, 43.36088625 ], [ -8.40496406, 43.36087574 ], [ -8.40496722, 43.36075562 ], [ -8.40497624, 43.3607057 ], [ -8.40513823, 43.36084735 ], [ -8.40521981, 43.36089776 ], [ -8.40531102, 43.36093282 ], [ -8.4054168, 43.36094624 ], [ -8.40624578, 43.360931 ], [ -8.40634302, 43.36092989 ], [ -8.40637779, 43.36212138 ], [ -8.40638426, 43.36219289 ], [ -8.40638715, 43.36230846 ], [ -8.40638865, 43.36236923 ], [ -8.40639322, 43.36255187 ], [ -8.40639743, 43.36272239 ], [ -8.40640323, 43.36295518 ], [ -8.40640641, 43.36308392 ], [ -8.40641322, 43.36335707 ], [ -8.40641605, 43.36347084 ], [ -8.40642368, 43.36377666 ], [ -8.406426, 43.36386907 ], [ -8.40643421, 43.36419748 ], [ -8.40643571, 43.36425836 ], [ -8.40643898, 43.36438959 ], [ -8.40650541, 43.36446387 ], [ -8.40641271, 43.3645077 ], [ -8.40614522, 43.36463412 ], [ -8.40599878, 43.36470331 ], [ -8.4058626, 43.36476768 ], [ -8.4057518, 43.36482002 ], [ -8.40574163, 43.36482474 ], [ -8.40571671, 43.36481899 ] ] ] ] } },
{ "type": "Feature", "properties": { "CUSEC": "1503003009", "income_mean_household": 63387.0, "income_mean_person": 27220.0, "poverty_fixed_7500eur": 2.0, "poverty_relative_below60pct": 6.4, "affluence_relative_above200pct": 34.4, "child_poverty_relative_below60pct": null, "gini_index": 33.3, "p80p20_ratio": 2.3, "pct_under18": 13.1, "pct_over65": 36.9, "income_source_salary": 44.7, "income_source_pensions": 27.2, "income_source_unemployment": 0.5, "income_source_other_benefits": 3.1, "income_source_other_income": 24.6 }, "geometry": { "type": "MultiPolygon", "coordinates": [ [ [ [ -8.40803692, 43.3629494 ], [ -8.40803453, 43.36290337 ], [ -8.40802595, 43.3627362 ], [ -8.40799415, 43.36216956 ], [ -8.40799028, 43.36210002 ], [ -8.40799314, 43.36197252 ], [ -8.40887151, 43.36187704 ], [ -8.4091631, 43.36184538 ], [ -8.40966665, 43.36179062 ], [ -8.40981326, 43.36177688 ], [ -8.41071523, 43.36169213 ], [ -8.41071199, 43.36170201 ], [ -8.41069976, 43.36173914 ], [ -8.4106804, 43.36179803 ], [ -8.41065254, 43.36188269 ], [ -8.41062547, 43.36196491 ], [ -8.41060454, 43.36202853 ], [ -8.41059209, 43.36206639 ], [ -8.41057101, 43.3621304 ], [ -8.41055369, 43.36218322 ], [ -8.41054419, 43.36221641 ], [ -8.41051611, 43.36231445 ], [ -8.41050133, 43.36236605 ], [ -8.41047876, 43.36244489 ], [ -8.41046233, 43.36250228 ], [ -8.4104437, 43.36256739 ], [ -8.41044059, 43.36257819 ], [ -8.4104234, 43.36263823 ], [ -8.41042319, 43.36263899 ], [ -8.4103466, 43.36269576 ], [ -8.4102869, 43.362723 ], [ -8.40987196, 43.36291266 ], [ -8.40944864, 43.36310626 ], [ -8.40936057, 43.36314758 ], [ -8.40915152, 43.36303527 ], [ -8.40901817, 43.36296366 ], [ -8.40896929, 43.36292667 ], [ -8.40803692, 43.3629494 ] ] ] ] } },
{ "type": "Feature", "properties": { "CUSEC": "1503003010", "income_mean_household": 46376.0, "income_mean_person": 20974.0, "poverty_fixed_7500eur": 6.7, "poverty_relative_below60pct": 14.3, "affluence_relative_above200pct": 26.5, "child_poverty_relative_below60pct": null, "gini_index": 32.4, "p80p20_ratio": 3.0, "pct_under18": 14.7, "pct_over65": 26.5, "income_source_salary": 52.2, "income_source_pensions": 27.9, "income_source_unemployment": 0.8, "income_source_other_benefits": 2.6, "income_source_other_income": 16.5 }, "geometry": { "type": "MultiPolygon", "coordinates": [ [ [ [ -8.40842395, 43.36108653 ], [ -8.40910105, 43.36065761 ], [ -8.40911667, 43.36064771 ], [ -8.40917508, 43.36061075 ], [ -8.40919446, 43.3605985 ], [ -8.40970079, 43.3606607 ], [ -8.41000215, 43.36069775 ], [ -8.41001371, 43.36066224 ], [ -8.41006886, 43.36050161 ], [ -8.41011485, 43.3603403 ], [ -8.41030967, 43.36045945 ], [ -8.41077687, 43.36066637 ], [ -8.41080636, 43.36067939 ], [ -8.41086256, 43.36072246 ], [ -8.41101314, 43.36087369 ], [ -8.41100773, 43.36088475 ], [ -8.41100228, 43.36089793 ], [ -8.4108925, 43.36116473 ], [ -8.41086538, 43.36123581 ], [ -8.41071542, 43.36169155 ], [ -8.41071523, 43.36169213 ], [ -8.40981326, 43.36177688 ], [ -8.40966665, 43.36179062 ], [ -8.4091631, 43.36184538 ], [ -8.40887151, 43.36187704 ], [ -8.40799314, 43.36197252 ], [ -8.40799517, 43.3618795 ], [ -8.40783543, 43.36155282 ], [ -8.40863234, 43.36133299 ], [ -8.40853947, 43.36118339 ], [ -8.40842395, 43.36108653 ] ] ] ] } },
{ "type": "Feature", "properties": { "CUSEC": "1503003011", "income_mean_household": 45337.0, "income_mean_person": 20519.0, "poverty_fixed_7500eur": 5.5, "poverty_relative_below60pct": 13.5, "affluence_relative_above200pct": 26.9, "child_poverty_relative_below60pct": null, "gini_index": 33.9, "p80p20_ratio": 2.7, "pct_under18": 14.2, "pct_over65": 27.7, "income_source_salary": 52.1, "income_source_pensions": 22.8, "income_source_unemployment": 0.6, "income_source_other_benefits": 2.5, "income_source_other_income": 22.0 }, "geometry": { "type": "MultiPolygon", "coordinates": [ [ [ [ -8.40638426, 43.36219289 ], [ -8.40637779, 43.36212138 ], [ -8.40634302, 43.36092989 ], [ -8.40684193, 43.36092392 ], [ -8.4069912, 43.3608764 ], [ -8.40724052, 43.360648 ], [ -8.40748156, 43.36042715 ], [ -8.40755405, 43.36035842 ], [ -8.4079043, 43.36065155 ], [ -8.40813503, 43.36084472 ], [ -8.40842395, 43.36108653 ], [ -8.40853947, 43.36118339 ], [ -8.40863234, 43.36133299 ], [ -8.40783543, 43.36155282 ], [ -8.40799517, 43.3618795 ], [ -8.40799314, 43.36197252 ], [ -8.40799028, 43.36210002 ], [ -8.40799415, 43.36216956 ], [ -8.40747171, 43.36217548 ], [ -8.40705719, 43.36218207 ], [ -8.40638426, 43.36219289 ] ] ] ] } },
{ "type": "Feature", "properties": { "CUSEC": "1503003012", "income_mean_household": 38140.0, "income_mean_person": 16044.0, "poverty_fixed_7500eur": 5.6, "poverty_relative_below60pct": 23.6, "affluence_relative_above200pct": 11.3, "child_poverty_relative_below60pct": null, "gini_index": 31.1, "p80p20_ratio": 3.0, "pct_under18": 12.8, "pct_over65": 19.7, "income_source_salary": 65.9, "income_source_pensions": 20.5, "income_source_unemployment": 1.0, "income_source_other_benefits": 3.3, "income_source_other_income": 9.3 }, "geometry": { "type": "MultiPolygon", "coordinates": [ [ [ [ -8.40755405, 43.36035842 ], [ -8.40789374, 43.36003576 ], [ -8.40733735, 43.35978676 ], [ -8.40723315, 43.35968178 ], [ -8.40810519, 43.35946002 ], [ -8.40899628, 43.35985542 ], [ -8.40918163, 43.35993578 ], [ -8.40937822, 43.360021 ], [ -8.41011485, 43.3603403 ], [ -8.41006886, 43.36050161 ], [ -8.41001371, 43.36066224 ], [ -8.41000215, 43.36069775 ], [ -8.40970079, 43.3606607 ], [ -8.40919446, 43.3605985 ], [ -8.40917508, 43.36061075 ], [ -8.40911667, 43.36064771 ], [ -8.40910105, 43.36065761 ], [ -8.40842395, 43.36108653 ], [ -8.40813503, 43.36084472 ], [ -8.4079043, 43.36065155 ], [ -8.40755405, 43.36035842 ] ] ] ] } },
{ "type": "Feature", "properties": { "CUSEC": "1503003013", "income_mean_household": 37869.0, "income_mean_person": 17343.0, "poverty_fixed_7500eur": 6.1, "poverty_relative_below60pct": 18.1, "affluence_relative_above200pct": 14.5, "child_poverty_relative_below60pct": null, "gini_index": 31.0, "p80p20_ratio": 2.7, "pct_under18": 13.5, "pct_over65": 24.2, "income_source_salary": 58.9, "income_source_pensions": 23.2, "income_source_unemployment": 1.0, "income_source_other_benefits": 4.1, "income_source_other_income": 12.8 }, "geometry": { "type": "MultiPolygon", "coordinates": [ [ [ [ -8.40723315, 43.35968178 ], [ -8.40673794, 43.35923341 ], [ -8.40671099, 43.35925071 ], [ -8.40669151, 43.35926323 ], [ -8.40652981, 43.35936703 ], [ -8.40634087, 43.35928878 ], [ -8.40641727, 43.35909882 ], [ -8.40645269, 43.35898611 ], [ -8.40649583, 43.35880379 ], [ -8.40652277, 43.35880674 ], [ -8.40722887, 43.35889213 ], [ -8.40781617, 43.35896325 ], [ -8.40840014, 43.35873676 ], [ -8.40850351, 43.3588142 ], [ -8.40919068, 43.35900172 ], [ -8.40953602, 43.35909595 ], [ -8.40999957, 43.35897796 ], [ -8.41012222, 43.35912096 ], [ -8.41045359, 43.35915479 ], [ -8.41011485, 43.3603403 ], [ -8.40937822, 43.360021 ], [ -8.40918163, 43.35993578 ], [ -8.40899628, 43.35985542 ], [ -8.40810519, 43.35946002 ], [ -8.40723315, 43.35968178 ] ] ] ] } },
{ "type": "Feature", "properties": { "CUSEC": "1503003014", "income_mean_household": 43873.0, "income_mean_person": 19533.0, "poverty_fixed_7500eur": 5.6, "poverty_relative_below60pct": 11.4, "affluence_relative_above200pct": 21.3, "child_poverty_relative_below60pct": null, "gini_index": 29.9, "p80p20_ratio": 2.5, "pct_under18": 14.8, "pct_over65": 23.2, "income_source_salary": 61.6, "income_source_pensions": 22.5, "income_source_unemployment": 0.9, "income_source_other_benefits": 2.4, "income_source_other_income": 12.7 }, "geometry": { "type": "MultiPolygon", "coordinates": [ [ [ [ -8.40634302, 43.36092989 ], [ -8.40634214, 43.3608574 ], [ -8.40633716, 43.36064342 ], [ -8.40633219, 43.36043261 ], [ -8.40612943, 43.36012747 ], [ -8.40506458, 43.36001387 ], [ -8.40505236, 43.36006415 ], [ -8.40504549, 43.36011103 ], [ -8.40493793, 43.36006716 ], [ -8.40491656, 43.36005838 ], [ -8.40462067, 43.35993764 ], [ -8.40446171, 43.35987271 ], [ -8.40434376, 43.35982309 ], [ -8.40425212, 43.35977707 ], [ -8.40420885, 43.35975197 ], [ -8.40416455, 43.35972157 ], [ -8.40411795, 43.35968055 ], [ -8.40406732, 43.35963047 ], [ -8.40402755, 43.35958254 ], [ -8.40398922, 43.35952916 ], [ -8.40395261, 43.35946384 ], [ -8.4039284, 43.3594016 ], [ -8.40391316, 43.35935785 ], [ -8.40389499, 43.35927131 ], [ -8.40389027, 43.35923642 ], [ -8.40388879, 43.35916125 ], [ -8.40391135, 43.35888618 ], [ -8.40391144, 43.35888507 ], [ -8.40393966, 43.35888915 ], [ -8.40405327, 43.35890207 ], [ -8.40412735, 43.35890942 ], [ -8.40418207, 43.35890817 ], [ -8.4042797, 43.35890408 ], [ -8.40428933, 43.35891546 ], [ -8.40431888, 43.35894973 ], [ -8.40434224, 43.35896852 ], [ -8.40438903, 43.3590065 ], [ -8.40440784, 43.35902742 ], [ -8.40443846, 43.35906145 ], [ -8.40447073, 43.35904648 ], [ -8.40449565, 43.35905812 ], [ -8.40463187, 43.3591161 ], [ -8.40479804, 43.35918689 ], [ -8.40495354, 43.35925277 ], [ -8.40511775, 43.35932229 ], [ -8.40526654, 43.35938578 ], [ -8.40547234, 43.35947368 ], [ -8.4055144, 43.35949335 ], [ -8.40551913, 43.3594929 ], [ -8.4055191, 43.35949279 ], [ -8.40551978, 43.35949 ], [ -8.405521, 43.35948498 ], [ -8.40552943, 43.35945023 ], [ -8.40555582, 43.35934145 ], [ -8.40558855, 43.35920647 ], [ -8.40560125, 43.3591541 ], [ -8.40563116, 43.3590308 ], [ -8.40566484, 43.35889198 ], [ -8.40567666, 43.35884319 ], [ -8.40568822, 43.35879566 ], [ -8.40594609, 43.35874341 ], [ -8.40649583, 43.35880379 ], [ -8.40645269, 43.35898611 ], [ -8.40641727, 43.35909882 ], [ -8.40634087, 43.35928878 ], [ -8.40652981, 43.35936703 ], [ -8.40669151, 43.35926323 ], [ -8.40671099, 43.35925071 ], [ -8.40673794, 43.35923341 ], [ -8.40723315, 43.35968178 ], [ -8.40733735, 43.35978676 ], [ -8.40789374, 43.36003576 ], [ -8.40755405, 43.36035842 ], [ -8.40748156, 43.36042715 ], [ -8.40724052, 43.360648 ], [ -8.4069912, 43.3608764 ], [ -8.40684193, 43.36092392 ], [ -8.40634302, 43.36092989 ] ] ] ] } },
{ "type": "Feature", "properties": { "CUSEC": "1503003015", "income_mean_household": 62422.0, "income_mean_person": 26619.0, "poverty_fixed_7500eur": 3.4, "poverty_relative_below60pct": 6.8, "affluence_relative_above200pct": 37.1, "child_poverty_relative_below60pct": null, "gini_index": 33.1, "p80p20_ratio": 2.9, "pct_under18": 14.9, "pct_over65": 31.2, "income_source_salary": 50.6, "income_source_pensions": 21.5, "income_source_unemployment": 0.5, "income_source_other_benefits": 2.2, "income_source_other_income": 25.2 }, "geometry": { "type": "MultiPolygon", "coordinates": [ [ [ [ -8.40294414, 43.35926713 ], [ -8.40298621, 43.35908603 ], [ -8.40302025, 43.3589993 ], [ -8.40302616, 43.35898871 ], [ -8.40305992, 43.35894497 ], [ -8.40311246, 43.3588957 ], [ -8.4034446, 43.358628 ], [ -8.40375381, 43.35837866 ], [ -8.40377746, 43.35835961 ], [ -8.40386132, 43.35828692 ], [ -8.40390378, 43.3582397 ], [ -8.40393466, 43.35819889 ], [ -8.40395821, 43.35816415 ], [ -8.40397687, 43.35813057 ], [ -8.40416885, 43.35793583 ], [ -8.40415455, 43.35798662 ], [ -8.40407234, 43.3582627 ], [ -8.40403787, 43.35838014 ], [ -8.4039734, 43.35859914 ], [ -8.40394501, 43.35869177 ], [ -8.40392893, 43.35876829 ], [ -8.40391357, 43.35885978 ], [ -8.40391144, 43.35888507 ], [ -8.40391135, 43.35888618 ], [ -8.40388879, 43.35916125 ], [ -8.40389027, 43.35923642 ], [ -8.40389499, 43.35927131 ], [ -8.40391316, 43.35935785 ], [ -8.4039284, 43.3594016 ], [ -8.40395261, 43.35946384 ], [ -8.40398922, 43.35952916 ], [ -8.40402755, 43.35958254 ], [ -8.40406732, 43.35963047 ], [ -8.40411795, 43.35968055 ], [ -8.40416455, 43.35972157 ], [ -8.40420885, 43.35975197 ], [ -8.40425212, 43.35977707 ], [ -8.40434376, 43.35982309 ], [ -8.40446171, 43.35987271 ], [ -8.40462067, 43.35993764 ], [ -8.40491656, 43.36005838 ], [ -8.40493793, 43.36006716 ], [ -8.40504549, 43.36011103 ], [ -8.40505236, 43.36006415 ], [ -8.40506458, 43.36001387 ], [ -8.40612943, 43.36012747 ], [ -8.40633219, 43.36043261 ], [ -8.40633716, 43.36064342 ], [ -8.40634214, 43.3608574 ], [ -8.40634302, 43.36092989 ], [ -8.40624578, 43.360931 ], [ -8.4054168, 43.36094624 ], [ -8.40531102, 43.36093282 ], [ -8.40521981, 43.36089776 ], [ -8.40513823, 43.36084735 ], [ -8.40497624, 43.3607057 ], [ -8.40496722, 43.36075562 ], [ -8.40496406, 43.36087574 ], [ -8.40496386, 43.36088625 ], [ -8.40496349, 43.36089804 ], [ -8.4049633, 43.36090885 ], [ -8.40496111, 43.36098988 ], [ -8.40497223, 43.36125612 ], [ -8.40497276, 43.3614281 ], [ -8.40492081, 43.36133818 ], [ -8.40490305, 43.36131067 ], [ -8.40483436, 43.36120472 ], [ -8.40482365, 43.36118969 ], [ -8.40481062, 43.36117163 ], [ -8.40473844, 43.36107094 ], [ -8.4047086, 43.36102928 ], [ -8.40450699, 43.360748 ], [ -8.40446701, 43.36069468 ], [ -8.40441666, 43.36063345 ], [ -8.40433738, 43.36053677 ], [ -8.40425242, 43.3604433 ], [ -8.4041878, 43.36037164 ], [ -8.40409057, 43.36027147 ], [ -8.40408166, 43.36026269 ], [ -8.40399585, 43.36017823 ], [ -8.40390288, 43.36009265 ], [ -8.40380907, 43.3600087 ], [ -8.40371032, 43.35992317 ], [ -8.40309258, 43.35938832 ], [ -8.40301704, 43.35932851 ], [ -8.40294414, 43.35926713 ] ] ] ] } },
{ "type": "Feature", "properties": { "CUSEC": "1503003016", "income_mean_household": 56953.0, "income_mean_person": 24129.0, "poverty_fixed_7500eur": 3.9, "poverty_relative_below60pct": 7.6, "affluence_relative_above200pct": 32.9, "child_poverty_relative_below60pct": null, "gini_index": 32.4, "p80p20_ratio": 2.6, "pct_under18": 12.5, "pct_over65": 32.3, "income_source_salary": 52.1, "income_source_pensions": 24.3, "income_source_unemployment": 0.6, "income_source_other_benefits": 2.3, "income_source_other_income": 20.8 }, "geometry": { "type": "MultiPolygon", "coordinates": [ [ [ [ -8.40391144, 43.35888507 ], [ -8.40391357, 43.35885978 ], [ -8.40392893, 43.35876829 ], [ -8.40394501, 43.35869177 ], [ -8.4039734, 43.35859914 ], [ -8.40403787, 43.35838014 ], [ -8.40407234, 43.3582627 ], [ -8.40415455, 43.35798662 ], [ -8.40416885, 43.35793583 ], [ -8.40397687, 43.35813057 ], [ -8.40395821, 43.35816415 ], [ -8.40393466, 43.35819889 ], [ -8.40390378, 43.3582397 ], [ -8.40386132, 43.35828692 ], [ -8.40377746, 43.35835961 ], [ -8.40375381, 43.35837866 ], [ -8.4034446, 43.358628 ], [ -8.40305413, 43.3583751 ], [ -8.40302665, 43.35835732 ], [ -8.40256059, 43.35805547 ], [ -8.40254598, 43.35804604 ], [ -8.40213508, 43.35776962 ], [ -8.40214198, 43.35776404 ], [ -8.40198812, 43.35765167 ], [ -8.40251445, 43.35727906 ], [ -8.40252451, 43.35726633 ], [ -8.40260871, 43.35720118 ], [ -8.40269219, 43.35714238 ], [ -8.40304087, 43.3569087 ], [ -8.40339341, 43.35667247 ], [ -8.40343508, 43.35657652 ], [ -8.40388658, 43.35618836 ], [ -8.40437756, 43.35649417 ], [ -8.40449752, 43.3565707 ], [ -8.40454984, 43.35660413 ], [ -8.40444838, 43.3569472 ], [ -8.40442836, 43.35701463 ], [ -8.40431945, 43.35740138 ], [ -8.40459494, 43.35744441 ], [ -8.4046658, 43.35745755 ], [ -8.40473483, 43.35747321 ], [ -8.4047618, 43.35748091 ], [ -8.40480948, 43.35749864 ], [ -8.40484797, 43.35751857 ], [ -8.40487726, 43.35753617 ], [ -8.40493351, 43.35757799 ], [ -8.40495381, 43.35759683 ], [ -8.40499508, 43.35764043 ], [ -8.40507338, 43.35773772 ], [ -8.40514442, 43.35782923 ], [ -8.4051758, 43.35786081 ], [ -8.4052204, 43.35789653 ], [ -8.40526857, 43.35792714 ], [ -8.40531831, 43.35795225 ], [ -8.40536529, 43.35797104 ], [ -8.4053973, 43.35797974 ], [ -8.40541576, 43.35798482 ], [ -8.40546209, 43.35799125 ], [ -8.40553124, 43.35799577 ], [ -8.40554109, 43.35795961 ], [ -8.40565559, 43.35797512 ], [ -8.40567259, 43.3579774 ], [ -8.40574211, 43.35798688 ], [ -8.40568822, 43.35879566 ], [ -8.40567666, 43.35884319 ], [ -8.40566484, 43.35889198 ], [ -8.40563116, 43.3590308 ], [ -8.40560125, 43.3591541 ], [ -8.40558855, 43.35920647 ], [ -8.40555582, 43.35934145 ], [ -8.40552943, 43.35945023 ], [ -8.405521, 43.35948498 ], [ -8.40551978, 43.35949 ], [ -8.4055191, 43.35949279 ], [ -8.40551913, 43.3594929 ], [ -8.4055144, 43.35949335 ], [ -8.40547234, 43.35947368 ], [ -8.40526654, 43.35938578 ], [ -8.40511775, 43.35932229 ], [ -8.40495354, 43.35925277 ], [ -8.40479804, 43.35918689 ], [ -8.40463187, 43.3591161 ], [ -8.40449565, 43.35905812 ], [ -8.40447073, 43.35904648 ], [ -8.40443846, 43.35906145 ], [ -8.40440784, 43.35902742 ], [ -8.40438903, 43.3590065 ], [ -8.40434224, 43.35896852 ], [ -8.40431888, 43.35894973 ], [ -8.40428933, 43.35891546 ], [ -8.4042797, 43.35890408 ], [ -8.40418207, 43.35890817 ], [ -8.40412735, 43.35890942 ], [ -8.40405327, 43.35890207 ], [ -8.40393966, 43.35888915 ], [ -8.40391144, 43.35888507 ] ] ] ] } },
{ "type": "Feature", "properties": { "CUSEC": "1503003017", "income_mean_household": 44111.0, "income_mean_person": 19861.0, "poverty_fixed_7500eur": 6.4, "poverty_relative_below60pct": 12.1, "affluence_relative_above200pct": 21.6, "child_poverty_relative_below60pct": null, "gini_index": 31.3, "p80p20_ratio": 2.8, "pct_under18": 11.8, "pct_over65": 32.7, "income_source_salary": 54.7, "income_source_pensions": 28.7, "income_source_unemployment": 1.1, "income_source_other_benefits": 2.9, "income_source_other_income": 12.7 }, "geometry": { "type": "MultiPolygon", "coordinates": [ [ [ [ -8.40388658, 43.35618836 ], [ -8.40378946, 43.35612788 ], [ -8.40335048, 43.35585447 ], [ -8.40319438, 43.35575724 ], [ -8.40321164, 43.35574307 ], [ -8.40328077, 43.35568666 ], [ -8.40339363, 43.35559466 ], [ -8.40352308, 43.35548917 ], [ -8.4036727, 43.35536724 ], [ -8.40378436, 43.35527623 ], [ -8.40384029, 43.35523079 ], [ -8.40391581, 43.35517942 ], [ -8.40398695, 43.35513102 ], [ -8.40407392, 43.35508968 ], [ -8.40410739, 43.35508358 ], [ -8.40421066, 43.35506443 ], [ -8.40419592, 43.35501801 ], [ -8.40415649, 43.354894 ], [ -8.40412578, 43.35479743 ], [ -8.40417383, 43.35478059 ], [ -8.40416838, 43.35473523 ], [ -8.40416014, 43.35466712 ], [ -8.40414993, 43.35458671 ], [ -8.40425672, 43.3545134 ], [ -8.40429843, 43.35450514 ], [ -8.40437951, 43.35448813 ], [ -8.40446808, 43.35446955 ], [ -8.40461412, 43.3544389 ], [ -8.40476692, 43.35440682 ], [ -8.40488761, 43.3543815 ], [ -8.40498917, 43.35436019 ], [ -8.40513749, 43.35432906 ], [ -8.40527675, 43.35429984 ], [ -8.40536296, 43.35428174 ], [ -8.40544337, 43.35426485 ], [ -8.40549564, 43.35425404 ], [ -8.40551663, 43.35425821 ], [ -8.40557985, 43.35427072 ], [ -8.40567385, 43.35428932 ], [ -8.40570096, 43.35429508 ], [ -8.40571181, 43.35429003 ], [ -8.40575987, 43.35426766 ], [ -8.40582716, 43.35423633 ], [ -8.40589777, 43.35420348 ], [ -8.40593277, 43.35418719 ], [ -8.40597155, 43.35416898 ], [ -8.40598648, 43.354161 ], [ -8.40601122, 43.35414715 ], [ -8.40602307, 43.35413958 ], [ -8.40604074, 43.3541283 ], [ -8.40607112, 43.35410577 ], [ -8.40613609, 43.35413591 ], [ -8.40628597, 43.35420558 ], [ -8.40683214, 43.3544593 ], [ -8.40674536, 43.35451988 ], [ -8.40670191, 43.35456046 ], [ -8.40667924, 43.35458563 ], [ -8.40666149, 43.35460705 ], [ -8.40664248, 43.35463225 ], [ -8.40662403, 43.3546628 ], [ -8.40661322, 43.35468417 ], [ -8.40660274, 43.35470744 ], [ -8.40659273, 43.35473293 ], [ -8.40658081, 43.35477835 ], [ -8.40647659, 43.35520236 ], [ -8.40624692, 43.3560794 ], [ -8.40623106, 43.35614048 ], [ -8.40608237, 43.35669269 ], [ -8.40595623, 43.35716169 ], [ -8.40574211, 43.35798688 ], [ -8.40567259, 43.3579774 ], [ -8.40565559, 43.35797512 ], [ -8.40554109, 43.35795961 ], [ -8.40553124, 43.35799577 ], [ -8.40546209, 43.35799125 ], [ -8.40541576, 43.35798482 ], [ -8.4053973, 43.35797974 ], [ -8.40536529, 43.35797104 ], [ -8.40531831, 43.35795225 ], [ -8.40526857, 43.35792714 ], [ -8.4052204, 43.35789653 ], [ -8.4051758, 43.35786081 ], [ -8.40514442, 43.35782923 ], [ -8.40507338, 43.35773772 ], [ -8.40499508, 43.35764043 ], [ -8.40495381, 43.35759683 ], [ -8.40493351, 43.35757799 ], [ -8.40487726, 43.35753617 ], [ -8.40484797, 43.35751857 ], [ -8.40480948, 43.35749864 ], [ -8.4047618, 43.35748091 ], [ -8.40473483, 43.35747321 ], [ -8.4046658, 43.35745755 ], [ -8.40459494, 43.35744441 ], [ -8.40431945, 43.35740138 ], [ -8.40442836, 43.35701463 ], [ -8.40444838, 43.3569472 ], [ -8.40454984, 43.35660413 ], [ -8.40449752, 43.3565707 ], [ -8.40437756, 43.35649417 ], [ -8.40388658, 43.35618836 ] ] ] ] } },
{ "type": "Feature", "properties": { "CUSEC": "1503003018", "income_mean_household": 40698.0, "income_mean_person": 18717.0, "poverty_fixed_7500eur": 4.5, "poverty_relative_below60pct": 11.4, "affluence_relative_above200pct": 16.0, "child_poverty_relative_below60pct": null, "gini_index": 28.0, "p80p20_ratio": 2.4, "pct_under18": 10.8, "pct_over65": 38.7, "income_source_salary": 48.7, "income_source_pensions": 35.9, "income_source_unemployment": 0.9, "income_source_other_benefits": 2.7, "income_source_other_income": 11.7 }, "geometry": { "type": "MultiPolygon", "coordinates": [ [ [ [ -8.40206421, 43.35597236 ], [ -8.40112134, 43.35564605 ], [ -8.40062633, 43.35547474 ], [ -8.40070226, 43.35545639 ], [ -8.40075358, 43.35544397 ], [ -8.40157815, 43.35524506 ], [ -8.40171559, 43.35518339 ], [ -8.40196785, 43.3550289 ], [ -8.40238708, 43.35525485 ], [ -8.40257837, 43.35534924 ], [ -8.40267613, 43.35543448 ], [ -8.40269569, 43.35540467 ], [ -8.40301332, 43.3551508 ], [ -8.40302241, 43.35515686 ], [ -8.4030435, 43.35517102 ], [ -8.40305801, 43.35515947 ], [ -8.40316526, 43.35507424 ], [ -8.40319026, 43.35505427 ], [ -8.4032032, 43.35504409 ], [ -8.4032406, 43.35501429 ], [ -8.40329123, 43.35497402 ], [ -8.4033569, 43.35492178 ], [ -8.40388023, 43.35450571 ], [ -8.40400235, 43.35440868 ], [ -8.40397503, 43.35434015 ], [ -8.40355015, 43.35387546 ], [ -8.4035172, 43.35383937 ], [ -8.40341159, 43.35372404 ], [ -8.4033978, 43.3537088 ], [ -8.40331728, 43.3536151 ], [ -8.40328296, 43.3535727 ], [ -8.40324254, 43.35352045 ], [ -8.40320629, 43.35346579 ], [ -8.40317255, 43.35341275 ], [ -8.40313564, 43.35334664 ], [ -8.40311245, 43.35329907 ], [ -8.40309141, 43.35325366 ], [ -8.40307697, 43.35321603 ], [ -8.403051, 43.3531481 ], [ -8.40304332, 43.3531224 ], [ -8.40333861, 43.35312393 ], [ -8.40341747, 43.35310623 ], [ -8.40353423, 43.35308073 ], [ -8.40365247, 43.35305487 ], [ -8.40376757, 43.35302965 ], [ -8.40376359, 43.35301891 ], [ -8.40415292, 43.35293196 ], [ -8.40412807, 43.35287473 ], [ -8.40458527, 43.35277149 ], [ -8.40461081, 43.35283059 ], [ -8.40461473, 43.35283966 ], [ -8.40471485, 43.35281727 ], [ -8.4048076, 43.3527965 ], [ -8.40479931, 43.35277665 ], [ -8.40482197, 43.35277832 ], [ -8.40486205, 43.35276905 ], [ -8.40496175, 43.35274607 ], [ -8.40504643, 43.35272653 ], [ -8.40513869, 43.35270341 ], [ -8.40522081, 43.35268537 ], [ -8.40521384, 43.35266833 ], [ -8.4054294, 43.35261894 ], [ -8.40545317, 43.35263735 ], [ -8.4056427, 43.35257995 ], [ -8.40581987, 43.35295585 ], [ -8.40582509, 43.3529665 ], [ -8.4058658, 43.35304982 ], [ -8.40589088, 43.35310111 ], [ -8.40590952, 43.35313769 ], [ -8.40603074, 43.35337547 ], [ -8.40612387, 43.35354263 ], [ -8.40616997, 43.35362112 ], [ -8.40618946, 43.35365797 ], [ -8.4062049, 43.3536971 ], [ -8.4062168, 43.35374245 ], [ -8.40622354, 43.35378475 ], [ -8.40622565, 43.35380952 ], [ -8.40622584, 43.35384121 ], [ -8.40622482, 43.3538575 ], [ -8.40622216, 43.35387704 ], [ -8.40621895, 43.35388919 ], [ -8.40621511, 43.35390392 ], [ -8.406208, 43.35392458 ], [ -8.40619677, 43.35395081 ], [ -8.40618353, 43.35397715 ], [ -8.4061695, 43.35399958 ], [ -8.4061546, 43.35401975 ], [ -8.40613622, 43.3540429 ], [ -8.40611752, 43.35406298 ], [ -8.40609661, 43.35408296 ], [ -8.40607112, 43.35410577 ], [ -8.40604074, 43.3541283 ], [ -8.40602307, 43.35413958 ], [ -8.40601122, 43.35414715 ], [ -8.40598648, 43.354161 ], [ -8.40597155, 43.35416898 ], [ -8.40593277, 43.35418719 ], [ -8.40589777, 43.35420348 ], [ -8.40582716, 43.35423633 ], [ -8.40575987, 43.35426766 ], [ -8.40571181, 43.35429003 ], [ -8.40570096, 43.35429508 ], [ -8.40567385, 43.35428932 ], [ -8.40557985, 43.35427072 ], [ -8.40551663, 43.35425821 ], [ -8.40549564, 43.35425404 ], [ -8.40544337, 43.35426485 ], [ -8.40536296, 43.35428174 ], [ -8.40527675, 43.35429984 ], [ -8.40513749, 43.35432906 ], [ -8.40498917, 43.35436019 ], [ -8.40488761, 43.3543815 ], [ -8.40476692, 43.35440682 ], [ -8.40461412, 43.3544389 ], [ -8.40446808, 43.35446955 ], [ -8.40437951, 43.35448813 ], [ -8.40429843, 43.35450514 ], [ -8.40425672, 43.3545134 ], [ -8.40414993, 43.35458671 ], [ -8.40416014, 43.35466712 ], [ -8.40416838, 43.35473523 ], [ -8.40417383, 43.35478059 ], [ -8.40412578, 43.35479743 ], [ -8.40415649, 43.354894 ], [ -8.40419592, 43.35501801 ], [ -8.40421066, 43.35506443 ], [ -8.40410739, 43.35508358 ], [ -8.40407392, 43.35508968 ], [ -8.40398695, 43.35513102 ], [ -8.40391581, 43.35517942 ], [ -8.40384029, 43.35523079 ], [ -8.40378436, 43.35527623 ], [ -8.4036727, 43.35536724 ], [ -8.40352308, 43.35548917 ], [ -8.40339363, 43.35559466 ], [ -8.40328077, 43.35568666 ], [ -8.40321164, 43.35574307 ], [ -8.40319438, 43.35575724 ], [ -8.40335048, 43.35585447 ], [ -8.40378946, 43.35612788 ], [ -8.40388658, 43.35618836 ], [ -8.40343508, 43.35657652 ], [ -8.4033742, 43.35652841 ], [ -8.40334305, 43.35650753 ], [ -8.40328102, 43.35646858 ], [ -8.40323676, 43.35644243 ], [ -8.40319745, 43.35641923 ], [ -8.40315477, 43.35639452 ], [ -8.40311893, 43.35637425 ], [ -8.40309057, 43.35635878 ], [ -8.40304645, 43.35633742 ], [ -8.40301074, 43.35632001 ], [ -8.40289946, 43.35626794 ], [ -8.40273459, 43.3562045 ], [ -8.40272033, 43.35619955 ], [ -8.40249366, 43.35612113 ], [ -8.40222777, 43.35602897 ], [ -8.40206421, 43.35597236 ] ] ] ] } },
{ "type": "Feature", "properties": { "CUSEC": "1503003020", "income_mean_household": 46556.0, "income_mean_person": 20319.0, "poverty_fixed_7500eur": 6.1, "poverty_relative_below60pct": 11.6, "affluence_relative_above200pct": 24.2, "child_poverty_relative_below60pct": null, "gini_index": 33.5, "p80p20_ratio": 2.9, "pct_under18": 15.3, "pct_over65": 23.5, "income_source_salary": 61.5, "income_source_pensions": 20.8, "income_source_unemployment": 0.9, "income_source_other_benefits": 3.2, "income_source_other_income": 13.6 }, "geometry": { "type": "MultiPolygon", "coordinates": [ [ [ [ -8.39704997, 43.35820011 ], [ -8.39735584, 43.35831993 ], [ -8.3974215, 43.35834569 ], [ -8.39752451, 43.35838602 ], [ -8.39769142, 43.35845163 ], [ -8.39782053, 43.35850239 ], [ -8.39796446, 43.35856132 ], [ -8.39804544, 43.35859092 ], [ -8.39811278, 43.35860972 ], [ -8.39817484, 43.35862285 ], [ -8.39823374, 43.35863078 ], [ -8.39829934, 43.35863824 ], [ -8.39839459, 43.35864019 ], [ -8.39847029, 43.3586362 ], [ -8.39854653, 43.35862685 ], [ -8.39862278, 43.35861207 ], [ -8.39869989, 43.35859092 ], [ -8.39876517, 43.35856777 ], [ -8.39882104, 43.35854348 ], [ -8.39887526, 43.35851551 ], [ -8.39892642, 43.35848416 ], [ -8.3989736, 43.3584502 ], [ -8.39907652, 43.35835421 ], [ -8.39913216, 43.35830227 ], [ -8.399375, 43.3581074 ], [ -8.39945958, 43.35803962 ], [ -8.39969644, 43.35784951 ], [ -8.39983659, 43.35773705 ], [ -8.39970551, 43.35765234 ], [ -8.39938321, 43.35743851 ], [ -8.3990812, 43.35724044 ], [ -8.39879128, 43.35704944 ], [ -8.39848608, 43.35684875 ], [ -8.39849455, 43.35684205 ], [ -8.39942275, 43.35610487 ], [ -8.39950086, 43.35604276 ], [ -8.39959626, 43.35610596 ], [ -8.40010467, 43.35644297 ], [ -8.40086145, 43.35693848 ], [ -8.40092998, 43.35688392 ], [ -8.4017377, 43.35623584 ], [ -8.40177416, 43.35620667 ], [ -8.40188422, 43.35611776 ], [ -8.40206421, 43.35597236 ], [ -8.40222777, 43.35602897 ], [ -8.40249366, 43.35612113 ], [ -8.40272033, 43.35619955 ], [ -8.40273459, 43.3562045 ], [ -8.40289946, 43.35626794 ], [ -8.40301074, 43.35632001 ], [ -8.40304645, 43.35633742 ], [ -8.40309057, 43.35635878 ], [ -8.40311893, 43.35637425 ], [ -8.40315477, 43.35639452 ], [ -8.40319745, 43.35641923 ], [ -8.40323676, 43.35644243 ], [ -8.40328102, 43.35646858 ], [ -8.40334305, 43.35650753 ], [ -8.4033742, 43.35652841 ], [ -8.40343508, 43.35657652 ], [ -8.40339341, 43.35667247 ], [ -8.40304087, 43.3569087 ], [ -8.40269219, 43.35714238 ], [ -8.40260871, 43.35720118 ], [ -8.40252451, 43.35726633 ], [ -8.40251445, 43.35727906 ], [ -8.40198812, 43.35765167 ], [ -8.40214198, 43.35776404 ], [ -8.40213508, 43.35776962 ], [ -8.40254598, 43.35804604 ], [ -8.40256059, 43.35805547 ], [ -8.40302665, 43.35835732 ], [ -8.40305413, 43.3583751 ], [ -8.4034446, 43.358628 ], [ -8.40311246, 43.3588957 ], [ -8.40305992, 43.35894497 ], [ -8.40302616, 43.35898871 ], [ -8.40302025, 43.3589993 ], [ -8.40298621, 43.35908603 ], [ -8.40294414, 43.35926713 ], [ -8.40193833, 43.35972651 ], [ -8.39821343, 43.3598514 ], [ -8.39689964, 43.36325346 ], [ -8.39658386, 43.36344844 ], [ -8.39620136, 43.36344856 ], [ -8.39601615, 43.36316923 ], [ -8.39619199, 43.36292688 ], [ -8.39641589, 43.36280824 ], [ -8.39763973, 43.35936543 ], [ -8.39704997, 43.35820011 ] ] ] ] } },
{ "type": "Feature", "properties": { "CUSEC": "1503003021", "income_mean_household": 50962.0, "income_mean_person": 21841.0, "poverty_fixed_7500eur": 5.3, "poverty_relative_below60pct": 14.5, "affluence_relative_above200pct": 28.5, "child_poverty_relative_below60pct": null, "gini_index": 36.0, "p80p20_ratio": 3.3, "pct_under18": 14.6, "pct_over65": 25.6, "income_source_salary": 60.0, "income_source_pensions": 21.9, "income_source_unemployment": 0.6, "income_source_other_benefits": 2.6, "income_source_other_income": 14.9 }, "geometry": { "type": "MultiPolygon", "coordinates": [ [ [ [ -8.40919099, 43.36422996 ], [ -8.4102043, 43.3637276 ], [ -8.41021668, 43.36373981 ], [ -8.41022792, 43.36374823 ], [ -8.41023982, 43.3637556 ], [ -8.41025876, 43.36376443 ], [ -8.41027523, 43.36377009 ], [ -8.410291, 43.36377386 ], [ -8.41030641, 43.3637763 ], [ -8.41032343, 43.36377765 ], [ -8.41034056, 43.36377755 ], [ -8.41036146, 43.36377558 ], [ -8.41037975, 43.36377182 ], [ -8.41039658, 43.36376676 ], [ -8.41090186, 43.36456958 ], [ -8.41128047, 43.36517124 ], [ -8.41135512, 43.36528977 ], [ -8.41132463, 43.3653159 ], [ -8.41125407, 43.36537626 ], [ -8.41102046, 43.36556659 ], [ -8.41061103, 43.36525246 ], [ -8.41059898, 43.36524564 ], [ -8.41047121, 43.36517331 ], [ -8.41045349, 43.36516699 ], [ -8.41032926, 43.36512243 ], [ -8.41010119, 43.36508351 ], [ -8.40990263, 43.36504593 ], [ -8.40982906, 43.36503195 ], [ -8.40978502, 43.36501562 ], [ -8.4097484, 43.36498939 ], [ -8.40970714, 43.36494074 ], [ -8.40924775, 43.36430823 ], [ -8.40921878, 43.36426817 ], [ -8.40919099, 43.36422996 ] ] ] ] } },
{ "type": "Feature", "properties": { "CUSEC": "1503003022", "income_mean_household": 40950.0, "income_mean_person": 18402.0, "poverty_fixed_7500eur": 9.0, "poverty_relative_below60pct": 17.0, "affluence_relative_above200pct": 13.1, "child_poverty_relative_below60pct": null, "gini_index": 32.4, "p80p20_ratio": 2.7, "pct_under18": 10.2, "pct_over65": 32.6, "income_source_salary": 53.3, "income_source_pensions": 30.1, "income_source_unemployment": 1.2, "income_source_other_benefits": 3.0, "income_source_other_income": 12.4 }, "geometry": { "type": "MultiPolygon", "coordinates": [ [ [ [ -8.39950086, 43.35604276 ], [ -8.39917293, 43.35582539 ], [ -8.40053654, 43.3554964 ], [ -8.40062633, 43.35547474 ], [ -8.40112134, 43.35564605 ], [ -8.40206421, 43.35597236 ], [ -8.40188422, 43.35611776 ], [ -8.40177416, 43.35620667 ], [ -8.4017377, 43.35623584 ], [ -8.40092998, 43.35688392 ], [ -8.40086145, 43.35693848 ], [ -8.40010467, 43.35644297 ], [ -8.39959626, 43.35610596 ], [ -8.39950086, 43.35604276 ] ] ] ] } },
{ "type": "Feature", "properties": { "CUSEC": "1503003023", "income_mean_household": 50300.0, "income_mean_person": 21084.0, "poverty_fixed_7500eur": 4.5, "poverty_relative_below60pct": 9.5, "affluence_relative_above200pct": 25.5, "child_poverty_relative_below60pct": null, "gini_index": 29.4, "p80p20_ratio": 2.5, "pct_under18": 13.0, "pct_over65": 37.8, "income_source_salary": 41.2, "income_source_pensions": 36.8, "income_source_unemployment": 0.6, "income_source_other_benefits": 3.5, "income_source_other_income": 17.9 }, "geometry": { "type": "MultiPolygon", "coordinates": [ [ [ [ -8.39704997, 43.35820011 ], [ -8.39665191, 43.35741361 ], [ -8.39442548, 43.35665476 ], [ -8.39371247, 43.35654448 ], [ -8.39299799, 43.3566953 ], [ -8.3921736, 43.35658127 ], [ -8.391618, 43.35671556 ], [ -8.39121852, 43.35666243 ], [ -8.39086981, 43.356904 ], [ -8.39087531, 43.35668768 ], [ -8.39100917, 43.35652827 ], [ -8.39087556, 43.35627356 ], [ -8.3908718, 43.3558146 ], [ -8.39049132, 43.35569757 ], [ -8.39038815, 43.35536935 ], [ -8.38988239, 43.35523118 ], [ -8.38969568, 43.35493396 ], [ -8.38962937, 43.3548966 ], [ -8.38970076, 43.3547641 ], [ -8.39016876, 43.35490932 ], [ -8.39089109, 43.35505591 ], [ -8.39175132, 43.35510331 ], [ -8.39288667, 43.35502369 ], [ -8.395531, 43.35491424 ], [ -8.39559208, 43.3549471 ], [ -8.3956127, 43.35495816 ], [ -8.39570303, 43.35501024 ], [ -8.39576947, 43.35505038 ], [ -8.3958703, 43.35511333 ], [ -8.39597279, 43.35518084 ], [ -8.39609207, 43.35525873 ], [ -8.39621895, 43.35534344 ], [ -8.39641524, 43.3554731 ], [ -8.3965924, 43.35558985 ], [ -8.39684798, 43.35575969 ], [ -8.39688193, 43.3557821 ], [ -8.39719111, 43.35598644 ], [ -8.39735907, 43.35609952 ], [ -8.39754874, 43.35622459 ], [ -8.39805203, 43.35610587 ], [ -8.39807122, 43.35609777 ], [ -8.39812512, 43.35607534 ], [ -8.39917293, 43.35582539 ], [ -8.39950086, 43.35604276 ], [ -8.39942275, 43.35610487 ], [ -8.39849455, 43.35684205 ], [ -8.39848608, 43.35684875 ], [ -8.39879128, 43.35704944 ], [ -8.3990812, 43.35724044 ], [ -8.39938321, 43.35743851 ], [ -8.39970551, 43.35765234 ], [ -8.39983659, 43.35773705 ], [ -8.39969644, 43.35784951 ], [ -8.39945958, 43.35803962 ], [ -8.399375, 43.3581074 ], [ -8.39913216, 43.35830227 ], [ -8.39907652, 43.35835421 ], [ -8.3989736, 43.3584502 ], [ -8.39892642, 43.35848416 ], [ -8.39887526, 43.35851551 ], [ -8.39882104, 43.35854348 ], [ -8.39876517, 43.35856777 ], [ -8.39869989, 43.35859092 ], [ -8.39862278, 43.35861207 ], [ -8.39854653, 43.35862685 ], [ -8.39847029, 43.3586362 ], [ -8.39839459, 43.35864019 ], [ -8.39829934, 43.35863824 ], [ -8.39823374, 43.35863078 ], [ -8.39817484, 43.35862285 ], [ -8.39811278, 43.35860972 ], [ -8.39804544, 43.35859092 ], [ -8.39796446, 43.35856132 ], [ -8.39782053, 43.35850239 ], [ -8.39769142, 43.35845163 ], [ -8.39752451, 43.35838602 ], [ -8.3974215, 43.35834569 ], [ -8.39735584, 43.35831993 ], [ -8.39704997, 43.35820011 ] ] ] ] } },
{ "type": "Feature", "properties": { "CUSEC": "1503004001", "income_mean_household": 37452.0, "income_mean_person": 16922.0, "poverty_fixed_7500eur": 7.3, "poverty_relative_below60pct": 19.2, "affluence_relative_above200pct": 15.0, "child_poverty_relative_below60pct": null, "gini_index": 32.0, "p80p20_ratio": 2.8, "pct_under18": 12.3, "pct_over65": 28.1, "income_source_salary": 54.1, "income_source_pensions": 28.8, "income_source_unemployment": 1.3, "income_source_other_benefits": 3.6, "income_source_other_income": 12.2 }, "geometry": { "type": "MultiPolygon", "coordinates": [ [ [ [ -8.41586399, 43.36049055 ], [ -8.41601409, 43.36055077 ], [ -8.41631028, 43.36066942 ], [ -8.41635382, 43.36069494 ], [ -8.4163957, 43.36071939 ], [ -8.41600046, 43.36105161 ], [ -8.41582811, 43.36119641 ], [ -8.41577529, 43.36124899 ], [ -8.41573792, 43.36128609 ], [ -8.41569787, 43.36131956 ], [ -8.41534204, 43.3616158 ], [ -8.41520394, 43.36173071 ], [ -8.41469874, 43.36215137 ], [ -8.41466667, 43.36217452 ], [ -8.41434147, 43.36240887 ], [ -8.41370269, 43.36293235 ], [ -8.41322244, 43.36332645 ], [ -8.41309934, 43.36324999 ], [ -8.41308998, 43.36324419 ], [ -8.41289456, 43.36312273 ], [ -8.41312609, 43.3629294 ], [ -8.41370427, 43.36244665 ], [ -8.41376874, 43.36239287 ], [ -8.41378897, 43.36237597 ], [ -8.41372421, 43.36233357 ], [ -8.41378368, 43.36228389 ], [ -8.41382837, 43.36231177 ], [ -8.41388283, 43.36226713 ], [ -8.4139452, 43.36221612 ], [ -8.41404687, 43.36228316 ], [ -8.41407552, 43.36230215 ], [ -8.41418739, 43.36221006 ], [ -8.41423055, 43.3622373 ], [ -8.41429993, 43.36218112 ], [ -8.41427421, 43.36216359 ], [ -8.41423875, 43.36213946 ], [ -8.41427001, 43.36211421 ], [ -8.41424351, 43.36209338 ], [ -8.41420252, 43.36206102 ], [ -8.41430468, 43.36197286 ], [ -8.41438686, 43.36193017 ], [ -8.41393956, 43.36153957 ], [ -8.41444024, 43.36123823 ], [ -8.41445862, 43.36123382 ], [ -8.41499919, 43.36110215 ], [ -8.41534239, 43.36093767 ], [ -8.41537799, 43.36092066 ], [ -8.41542444, 43.36089836 ], [ -8.4154707, 43.36095551 ], [ -8.41550513, 43.36091483 ], [ -8.41569414, 43.36069139 ], [ -8.41586399, 43.36049055 ] ] ] ] } },
{ "type": "Feature", "properties": { "CUSEC": "1503004002", "income_mean_household": 47242.0, "income_mean_person": 20408.0, "poverty_fixed_7500eur": 5.4, "poverty_relative_below60pct": 12.4, "affluence_relative_above200pct": 18.9, "child_poverty_relative_below60pct": null, "gini_index": 31.1, "p80p20_ratio": 2.7, "pct_under18": 12.3, "pct_over65": 33.4, "income_source_salary": 51.0, "income_source_pensions": 28.7, "income_source_unemployment": 0.7, "income_source_other_benefits": 2.6, "income_source_other_income": 17.0 }, "geometry": { "type": "MultiPolygon", "coordinates": [ [ [ [ -8.41048117, 43.36367252 ], [ -8.41048146, 43.36366874 ], [ -8.41048094, 43.36366062 ], [ -8.41048058, 43.3636566 ], [ -8.41047925, 43.36365019 ], [ -8.4104783, 43.3636457 ], [ -8.41047597, 43.36363914 ], [ -8.41047443, 43.36363484 ], [ -8.41047194, 43.36362996 ], [ -8.41046877, 43.36362388 ], [ -8.41046535, 43.36361888 ], [ -8.41046183, 43.36361378 ], [ -8.41045769, 43.36360898 ], [ -8.41045333, 43.36360398 ], [ -8.41044684, 43.36359804 ], [ -8.41044343, 43.36359492 ], [ -8.4104378, 43.36359076 ], [ -8.41043279, 43.36358703 ], [ -8.41042876, 43.36358461 ], [ -8.41041982, 43.36357935 ], [ -8.41040863, 43.36357393 ], [ -8.41040688, 43.36357309 ], [ -8.41040066, 43.36357073 ], [ -8.41039438, 43.36356836 ], [ -8.41039271, 43.36356775 ], [ -8.41038301, 43.36356497 ], [ -8.41037884, 43.36356377 ], [ -8.41037549, 43.36356304 ], [ -8.41036867, 43.36356168 ], [ -8.41036304, 43.36356055 ], [ -8.41035762, 43.36355989 ], [ -8.41036012, 43.36354459 ], [ -8.41036361, 43.36352328 ], [ -8.41038471, 43.36339424 ], [ -8.41040159, 43.36329082 ], [ -8.41041719, 43.3631952 ], [ -8.41043049, 43.36311385 ], [ -8.41044892, 43.36300107 ], [ -8.41045855, 43.36294215 ], [ -8.41046569, 43.36289778 ], [ -8.41044841, 43.36279272 ], [ -8.41043698, 43.36272306 ], [ -8.41042745, 43.362665 ], [ -8.41042453, 43.36264717 ], [ -8.4104234, 43.36263823 ], [ -8.41044059, 43.36257819 ], [ -8.4104437, 43.36256739 ], [ -8.41046233, 43.36250228 ], [ -8.41047876, 43.36244489 ], [ -8.41050133, 43.36236605 ], [ -8.41051611, 43.36231445 ], [ -8.41054419, 43.36221641 ], [ -8.41055369, 43.36218322 ], [ -8.41057101, 43.3621304 ], [ -8.41059209, 43.36206639 ], [ -8.41060454, 43.36202853 ], [ -8.41062547, 43.36196491 ], [ -8.41065254, 43.36188269 ], [ -8.4106804, 43.36179803 ], [ -8.41069976, 43.36173914 ], [ -8.41071199, 43.36170201 ], [ -8.41071523, 43.36169213 ], [ -8.41071542, 43.36169155 ], [ -8.41086538, 43.36123581 ], [ -8.4108925, 43.36116473 ], [ -8.41100228, 43.36089793 ], [ -8.41100773, 43.36088475 ], [ -8.41101314, 43.36087369 ], [ -8.41086256, 43.36072246 ], [ -8.41080636, 43.36067939 ], [ -8.41077687, 43.36066637 ], [ -8.41030967, 43.36045945 ], [ -8.41011485, 43.3603403 ], [ -8.41045359, 43.35915479 ], [ -8.41012222, 43.35912096 ], [ -8.40999957, 43.35897796 ], [ -8.41014221, 43.35895627 ], [ -8.41037869, 43.35897667 ], [ -8.41081753, 43.35901466 ], [ -8.41111683, 43.35904052 ], [ -8.41154515, 43.35907757 ], [ -8.41181436, 43.35910831 ], [ -8.41197051, 43.35915422 ], [ -8.41271706, 43.35944323 ], [ -8.41313694, 43.35960575 ], [ -8.41347269, 43.35973572 ], [ -8.41357486, 43.35977534 ], [ -8.41420922, 43.35995226 ], [ -8.41422825, 43.35995938 ], [ -8.41425828, 43.35997062 ], [ -8.41431064, 43.35999026 ], [ -8.41472975, 43.36014709 ], [ -8.41476083, 43.36015905 ], [ -8.41495292, 43.36012593 ], [ -8.41512897, 43.36019597 ], [ -8.41534866, 43.36028396 ], [ -8.41563694, 43.36039954 ], [ -8.41586399, 43.36049055 ], [ -8.41569414, 43.36069139 ], [ -8.41550513, 43.36091483 ], [ -8.4154707, 43.36095551 ], [ -8.41542444, 43.36089836 ], [ -8.41537799, 43.36092066 ], [ -8.41534239, 43.36093767 ], [ -8.41499919, 43.36110215 ], [ -8.41445862, 43.36123382 ], [ -8.41444024, 43.36123823 ], [ -8.41393956, 43.36153957 ], [ -8.41438686, 43.36193017 ], [ -8.41430468, 43.36197286 ], [ -8.41420252, 43.36206102 ], [ -8.41424351, 43.36209338 ], [ -8.41427001, 43.36211421 ], [ -8.41423875, 43.36213946 ], [ -8.41427421, 43.36216359 ], [ -8.41429993, 43.36218112 ], [ -8.41423055, 43.3622373 ], [ -8.41418739, 43.36221006 ], [ -8.41407552, 43.36230215 ], [ -8.41404687, 43.36228316 ], [ -8.4139452, 43.36221612 ], [ -8.41388283, 43.36226713 ], [ -8.41382837, 43.36231177 ], [ -8.41378368, 43.36228389 ], [ -8.41372421, 43.36233357 ], [ -8.41378897, 43.36237597 ], [ -8.41376874, 43.36239287 ], [ -8.41370427, 43.36244665 ], [ -8.41312609, 43.3629294 ], [ -8.41289456, 43.36312273 ], [ -8.41308998, 43.36324419 ], [ -8.41309934, 43.36324999 ], [ -8.41322244, 43.36332645 ], [ -8.41309418, 43.3634488 ], [ -8.41291229, 43.36368863 ], [ -8.4128932, 43.36371369 ], [ -8.41289316, 43.36371375 ], [ -8.41275106, 43.36369697 ], [ -8.41266396, 43.36368676 ], [ -8.41261795, 43.36368139 ], [ -8.41256457, 43.36368099 ], [ -8.41222536, 43.36367963 ], [ -8.41202402, 43.36367885 ], [ -8.41175789, 43.36367778 ], [ -8.41150486, 43.36367678 ], [ -8.41119299, 43.36367552 ], [ -8.41095058, 43.36367454 ], [ -8.41064584, 43.36367331 ], [ -8.4104914, 43.3636727 ], [ -8.41048117, 43.36367252 ] ] ] ] } },
{ "type": "Feature", "properties": { "CUSEC": "1503004003", "income_mean_household": 31740.0, "income_mean_person": 13142.0, "poverty_fixed_7500eur": 15.5, "poverty_relative_below60pct": 33.1, "affluence_relative_above200pct": 7.6, "child_poverty_relative_below60pct": null, "gini_index": 34.2, "p80p20_ratio": 3.1, "pct_under18": 10.3, "pct_over65": 25.9, "income_source_salary": 53.2, "income_source_pensions": 29.0, "income_source_unemployment": 2.1, "income_source_other_benefits": 4.2, "income_source_other_income": 11.5 }, "geometry": { "type": "MultiPolygon", "coordinates": [ [ [ [ -8.41586399, 43.36049055 ], [ -8.41563694, 43.36039954 ], [ -8.41534866, 43.36028396 ], [ -8.41512897, 43.36019597 ], [ -8.41495292, 43.36012593 ], [ -8.41476083, 43.36015905 ], [ -8.41472975, 43.36014709 ], [ -8.41431064, 43.35999026 ], [ -8.41425828, 43.35997062 ], [ -8.41422825, 43.35995938 ], [ -8.41434011, 43.35945572 ], [ -8.41443701, 43.35901931 ], [ -8.4153138, 43.35940278 ], [ -8.41535696, 43.35942146 ], [ -8.41539088, 43.35943612 ], [ -8.41556248, 43.35923614 ], [ -8.41600738, 43.35871773 ], [ -8.4160325, 43.35873903 ], [ -8.41628604, 43.35896065 ], [ -8.4165815, 43.35921873 ], [ -8.41663217, 43.35926302 ], [ -8.41687875, 43.35947848 ], [ -8.41689183, 43.35948999 ], [ -8.41749514, 43.36003532 ], [ -8.41750427, 43.36010164 ], [ -8.41683762, 43.3604006 ], [ -8.41676613, 43.36043853 ], [ -8.41668806, 43.36048892 ], [ -8.41648178, 43.36066067 ], [ -8.41646765, 43.36066941 ], [ -8.41642671, 43.36069088 ], [ -8.4163957, 43.36071939 ], [ -8.41635382, 43.36069494 ], [ -8.41631028, 43.36066942 ], [ -8.41601409, 43.36055077 ], [ -8.41586399, 43.36049055 ] ] ] ] } },
{ "type": "Feature", "properties": { "CUSEC": "1503004004", "income_mean_household": 27598.0, "income_mean_person": 11385.0, "poverty_fixed_7500eur": 21.2, "poverty_relative_below60pct": 36.9, "affluence_relative_above200pct": 4.0, "child_poverty_relative_below60pct": null, "gini_index": 33.5, "p80p20_ratio": 3.2, "pct_under18": 13.4, "pct_over65": 20.6, "income_source_salary": 58.8, "income_source_pensions": 26.2, "income_source_unemployment": 2.6, "income_source_other_benefits": 5.9, "income_source_other_income": 6.5 }, "geometry": { "type": "MultiPolygon", "coordinates": [ [ [ [ -8.41600738, 43.35871773 ], [ -8.41580702, 43.35854797 ], [ -8.41572464, 43.35847813 ], [ -8.41568006, 43.35844035 ], [ -8.41554454, 43.35832547 ], [ -8.41556443, 43.35818753 ], [ -8.41536998, 43.35806562 ], [ -8.41504354, 43.35786106 ], [ -8.41484985, 43.35773969 ], [ -8.41494975, 43.35753362 ], [ -8.41498522, 43.35747015 ], [ -8.41537431, 43.35761469 ], [ -8.41590083, 43.35781024 ], [ -8.41651098, 43.35803694 ], [ -8.41657433, 43.35806024 ], [ -8.41678594, 43.35813813 ], [ -8.41709059, 43.35825026 ], [ -8.41734378, 43.35834339 ], [ -8.41741273, 43.35836879 ], [ -8.41746119, 43.35838658 ], [ -8.41763422, 43.35845031 ], [ -8.41769974, 43.3584744 ], [ -8.4172277, 43.35906001 ], [ -8.41729085, 43.35908871 ], [ -8.41795307, 43.35966612 ], [ -8.41802485, 43.35971249 ], [ -8.41801292, 43.35978239 ], [ -8.41805952, 43.35983971 ], [ -8.41810467, 43.359853 ], [ -8.4180722, 43.35986708 ], [ -8.41759637, 43.36006032 ], [ -8.41750427, 43.36010164 ], [ -8.41749514, 43.36003532 ], [ -8.41689183, 43.35948999 ], [ -8.41687875, 43.35947848 ], [ -8.41663217, 43.35926302 ], [ -8.4165815, 43.35921873 ], [ -8.41628604, 43.35896065 ], [ -8.4160325, 43.35873903 ], [ -8.41600738, 43.35871773 ] ] ] ] } },
{ "type": "Feature", "properties": { "CUSEC": "1503004005", "income_mean_household": 31760.0, "income_mean_person": 13262.0, "poverty_fixed_7500eur": 12.7, "poverty_relative_below60pct": 28.2, "affluence_relative_above200pct": 4.5, "child_poverty_relative_below60pct": null, "gini_index": 30.6, "p80p20_ratio": 2.9, "pct_under18": 10.4, "pct_over65": 34.1, "income_source_salary": 47.9, "income_source_pensions": 37.8, "income_source_unemployment": 2.0, "income_source_other_benefits": 5.5, "income_source_other_income": 6.9 }, "geometry": { "type": "MultiPolygon", "coordinates": [ [ [ [ -8.41769974, 43.3584744 ], [ -8.41771899, 43.35845056 ], [ -8.41779704, 43.35835381 ], [ -8.41844287, 43.35756079 ], [ -8.41849922, 43.35759231 ], [ -8.41906605, 43.35790929 ], [ -8.41912865, 43.35794428 ], [ -8.41916794, 43.35796889 ], [ -8.41919683, 43.35799253 ], [ -8.41922068, 43.35801491 ], [ -8.41924326, 43.3580423 ], [ -8.41927052, 43.35807782 ], [ -8.41954666, 43.35846004 ], [ -8.41972571, 43.35870776 ], [ -8.4197334, 43.35871831 ], [ -8.41997418, 43.35904866 ], [ -8.41923039, 43.35936544 ], [ -8.41881123, 43.35886474 ], [ -8.41877345, 43.35884456 ], [ -8.41873112, 43.35883228 ], [ -8.41867248, 43.35883236 ], [ -8.41804765, 43.35860243 ], [ -8.41769974, 43.3584744 ] ] ] ] } },
{ "type": "Feature", "properties": { "CUSEC": "1503004006", "income_mean_household": 32087.0, "income_mean_person": 13752.0, "poverty_fixed_7500eur": 17.2, "poverty_relative_below60pct": 34.2, "affluence_relative_above200pct": 10.0, "child_poverty_relative_below60pct": null, "gini_index": 35.8, "p80p20_ratio": 3.6, "pct_under18": 14.1, "pct_over65": 25.4, "income_source_salary": 50.4, "income_source_pensions": 29.7, "income_source_unemployment": 1.7, "income_source_other_benefits": 6.9, "income_source_other_income": 11.4 }, "geometry": { "type": "MultiPolygon", "coordinates": [ [ [ [ -8.41197051, 43.35915422 ], [ -8.41201109, 43.35906719 ], [ -8.41201865, 43.35905363 ], [ -8.41209068, 43.35891802 ], [ -8.41223571, 43.35864506 ], [ -8.41234248, 43.35842308 ], [ -8.4124755, 43.35814688 ], [ -8.41249057, 43.35811551 ], [ -8.41251437, 43.35806908 ], [ -8.41257815, 43.35794525 ], [ -8.41294836, 43.35722595 ], [ -8.41298678, 43.35723663 ], [ -8.41314122, 43.35727954 ], [ -8.41364983, 43.35732672 ], [ -8.41392203, 43.357352 ], [ -8.41417316, 43.35737533 ], [ -8.41498522, 43.35747015 ], [ -8.41494975, 43.35753362 ], [ -8.41484985, 43.35773969 ], [ -8.41504354, 43.35786106 ], [ -8.41536998, 43.35806562 ], [ -8.41556443, 43.35818753 ], [ -8.41554454, 43.35832547 ], [ -8.41568006, 43.35844035 ], [ -8.41572464, 43.35847813 ], [ -8.41580702, 43.35854797 ], [ -8.41600738, 43.35871773 ], [ -8.41556248, 43.35923614 ], [ -8.41539088, 43.35943612 ], [ -8.41535696, 43.35942146 ], [ -8.4153138, 43.35940278 ], [ -8.41443701, 43.35901931 ], [ -8.41434011, 43.35945572 ], [ -8.41422825, 43.35995938 ], [ -8.41420922, 43.35995226 ], [ -8.41357486, 43.35977534 ], [ -8.41347269, 43.35973572 ], [ -8.41313694, 43.35960575 ], [ -8.41271706, 43.35944323 ], [ -8.41197051, 43.35915422 ] ] ] ] } },
{ "type": "Feature", "properties": { "CUSEC": "1503004007", "income_mean_household": 38319.0, "income_mean_person": 17501.0, "poverty_fixed_7500eur": 5.9, "poverty_relative_below60pct": 15.6, "affluence_relative_above200pct": 13.2, "child_poverty_relative_below60pct": null, "gini_index": 30.3, "p80p20_ratio": 2.6, "pct_under18": 12.5, "pct_over65": 29.0, "income_source_salary": 58.6, "income_source_pensions": 28.2, "income_source_unemployment": 1.0, "income_source_other_benefits": 3.8, "income_source_other_income": 8.4 }, "geometry": { "type": "MultiPolygon", "coordinates": [ [ [ [ -8.40999957, 43.35897796 ], [ -8.40953602, 43.35909595 ], [ -8.40919068, 43.35900172 ], [ -8.40850351, 43.3588142 ], [ -8.40840014, 43.35873676 ], [ -8.40781617, 43.35896325 ], [ -8.40722887, 43.35889213 ], [ -8.40652277, 43.35880674 ], [ -8.40649583, 43.35880379 ], [ -8.40594609, 43.35874341 ], [ -8.40568822, 43.35879566 ], [ -8.40574211, 43.35798688 ], [ -8.40579081, 43.35799351 ], [ -8.40580828, 43.35799585 ], [ -8.40585685, 43.35800248 ], [ -8.40655291, 43.35809704 ], [ -8.40668763, 43.35811523 ], [ -8.4067362, 43.35812149 ], [ -8.40680201, 43.35812844 ], [ -8.40685963, 43.35813367 ], [ -8.40691805, 43.35813774 ], [ -8.40697789, 43.35814029 ], [ -8.4070229, 43.35814215 ], [ -8.4075651, 43.35814975 ], [ -8.40762194, 43.35815049 ], [ -8.40768212, 43.35815243 ], [ -8.40772741, 43.3581548 ], [ -8.40778661, 43.35815846 ], [ -8.40784726, 43.35816309 ], [ -8.40790114, 43.35816887 ], [ -8.40795946, 43.35817574 ], [ -8.40804915, 43.35818871 ], [ -8.40811863, 43.3582006 ], [ -8.40819639, 43.35821576 ], [ -8.40827644, 43.35823366 ], [ -8.40832341, 43.35824533 ], [ -8.40836506, 43.35825673 ], [ -8.40878388, 43.35837322 ], [ -8.40880284, 43.35837818 ], [ -8.40881499, 43.35838131 ], [ -8.40890081, 43.35828804 ], [ -8.40891128, 43.35827667 ], [ -8.40902179, 43.35815647 ], [ -8.40904297, 43.35813341 ], [ -8.40910112, 43.35807024 ], [ -8.40915935, 43.35800689 ], [ -8.40920064, 43.35797711 ], [ -8.40928166, 43.35791881 ], [ -8.40957731, 43.35770568 ], [ -8.40983454, 43.35737736 ], [ -8.40991439, 43.35727943 ], [ -8.40999628, 43.35732027 ], [ -8.41046634, 43.35756097 ], [ -8.41104497, 43.35785724 ], [ -8.41114512, 43.35796427 ], [ -8.41120022, 43.35802316 ], [ -8.41179417, 43.35806944 ], [ -8.41234539, 43.35811243 ], [ -8.41249057, 43.35811551 ], [ -8.4124755, 43.35814688 ], [ -8.41234248, 43.35842308 ], [ -8.41223571, 43.35864506 ], [ -8.41209068, 43.35891802 ], [ -8.41201865, 43.35905363 ], [ -8.41201109, 43.35906719 ], [ -8.41197051, 43.35915422 ], [ -8.41181436, 43.35910831 ], [ -8.41154515, 43.35907757 ], [ -8.41111683, 43.35904052 ], [ -8.41081753, 43.35901466 ], [ -8.41037869, 43.35897667 ], [ -8.41014221, 43.35895627 ], [ -8.40999957, 43.35897796 ] ] ] ] } },
{ "type": "Feature", "properties": { "CUSEC": "1503004008", "income_mean_household": 35956.0, "income_mean_person": 16173.0, "poverty_fixed_7500eur": 8.7, "poverty_relative_below60pct": 19.4, "affluence_relative_above200pct": 10.0, "child_poverty_relative_below60pct": null, "gini_index": 29.7, "p80p20_ratio": 2.7, "pct_under18": 11.3, "pct_over65": 28.9, "income_source_salary": 53.3, "income_source_pensions": 32.5, "income_source_unemployment": 1.5, "income_source_other_benefits": 4.0, "income_source_other_income": 8.7 }, "geometry": { "type": "MultiPolygon", "coordinates": [ [ [ [ -8.4075651, 43.35814975 ], [ -8.40756676, 43.35814003 ], [ -8.40759567, 43.35797468 ], [ -8.40763257, 43.35784231 ], [ -8.40773158, 43.35754891 ], [ -8.40774936, 43.3575085 ], [ -8.40776661, 43.35747688 ], [ -8.40790014, 43.35726785 ], [ -8.40808052, 43.35698552 ], [ -8.40829529, 43.35715607 ], [ -8.40846013, 43.35728354 ], [ -8.40881138, 43.35682145 ], [ -8.40885567, 43.3567632 ], [ -8.4092169, 43.35630062 ], [ -8.40931972, 43.35616882 ], [ -8.40985894, 43.35640325 ], [ -8.40939778, 43.35700076 ], [ -8.40936218, 43.35704388 ], [ -8.40982027, 43.3572324 ], [ -8.40991439, 43.35727943 ], [ -8.40983454, 43.35737736 ], [ -8.40957731, 43.35770568 ], [ -8.40928166, 43.35791881 ], [ -8.40920064, 43.35797711 ], [ -8.40915935, 43.35800689 ], [ -8.40910112, 43.35807024 ], [ -8.40904297, 43.35813341 ], [ -8.40902179, 43.35815647 ], [ -8.40891128, 43.35827667 ], [ -8.40890081, 43.35828804 ], [ -8.40881499, 43.35838131 ], [ -8.40880284, 43.35837818 ], [ -8.40878388, 43.35837322 ], [ -8.40836506, 43.35825673 ], [ -8.40832341, 43.35824533 ], [ -8.40827644, 43.35823366 ], [ -8.40819639, 43.35821576 ], [ -8.40811863, 43.3582006 ], [ -8.40804915, 43.35818871 ], [ -8.40795946, 43.35817574 ], [ -8.40790114, 43.35816887 ], [ -8.40784726, 43.35816309 ], [ -8.40778661, 43.35815846 ], [ -8.40772741, 43.3581548 ], [ -8.40768212, 43.35815243 ], [ -8.40762194, 43.35815049 ], [ -8.4075651, 43.35814975 ] ] ] ] } },
{ "type": "Feature", "properties": { "CUSEC": "1503004009", "income_mean_household": 31705.0, "income_mean_person": 14148.0, "poverty_fixed_7500eur": 13.8, "poverty_relative_below60pct": 28.8, "affluence_relative_above200pct": 7.8, "child_poverty_relative_below60pct": null, "gini_index": 31.8, "p80p20_ratio": 3.0, "pct_under18": 11.2, "pct_over65": 26.8, "income_source_salary": 53.6, "income_source_pensions": 30.6, "income_source_unemployment": 1.5, "income_source_other_benefits": 5.1, "income_source_other_income": 9.2 }, "geometry": { "type": "MultiPolygon", "coordinates": [ [ [ [ -8.40574211, 43.35798688 ], [ -8.40595623, 43.35716169 ], [ -8.40608237, 43.35669269 ], [ -8.40699399, 43.35674297 ], [ -8.40734792, 43.35675041 ], [ -8.40773052, 43.35638967 ], [ -8.40798533, 43.35614949 ], [ -8.40835746, 43.3557987 ], [ -8.40841522, 43.35574739 ], [ -8.40877368, 43.35595112 ], [ -8.40887821, 43.3559768 ], [ -8.4092186, 43.35612487 ], [ -8.4092911, 43.35615642 ], [ -8.40931972, 43.35616882 ], [ -8.4092169, 43.35630062 ], [ -8.40885567, 43.3567632 ], [ -8.40881138, 43.35682145 ], [ -8.40846013, 43.35728354 ], [ -8.40829529, 43.35715607 ], [ -8.40808052, 43.35698552 ], [ -8.40790014, 43.35726785 ], [ -8.40776661, 43.35747688 ], [ -8.40774936, 43.3575085 ], [ -8.40773158, 43.35754891 ], [ -8.40763257, 43.35784231 ], [ -8.40759567, 43.35797468 ], [ -8.40756676, 43.35814003 ], [ -8.4075651, 43.35814975 ], [ -8.4070229, 43.35814215 ], [ -8.40697789, 43.35814029 ], [ -8.40691805, 43.35813774 ], [ -8.40685963, 43.35813367 ], [ -8.40680201, 43.35812844 ], [ -8.4067362, 43.35812149 ], [ -8.40668763, 43.35811523 ], [ -8.40655291, 43.35809704 ], [ -8.40585685, 43.35800248 ], [ -8.40580828, 43.35799585 ], [ -8.40579081, 43.35799351 ], [ -8.40574211, 43.35798688 ] ] ] ] } },
{ "type": "Feature", "properties": { "CUSEC": "1503004010", "income_mean_household": 30869.0, "income_mean_person": 13544.0, "poverty_fixed_7500eur": 13.7, "poverty_relative_below60pct": 26.9, "affluence_relative_above200pct": 6.2, "child_poverty_relative_below60pct": null, "gini_index": 32.2, "p80p20_ratio": 2.9, "pct_under18": 13.8, "pct_over65": 25.9, "income_source_salary": 56.9, "income_source_pensions": 29.0, "income_source_unemployment": 1.6, "income_source_other_benefits": 3.6, "income_source_other_income": 9.0 }, "geometry": { "type": "MultiPolygon", "coordinates": [ [ [ [ -8.40608237, 43.35669269 ], [ -8.40623106, 43.35614048 ], [ -8.40624692, 43.3560794 ], [ -8.40647659, 43.35520236 ], [ -8.40658081, 43.35477835 ], [ -8.40659273, 43.35473293 ], [ -8.40660274, 43.35470744 ], [ -8.40661322, 43.35468417 ], [ -8.40662403, 43.3546628 ], [ -8.40664248, 43.35463225 ], [ -8.40666149, 43.35460705 ], [ -8.40667924, 43.35458563 ], [ -8.40670191, 43.35456046 ], [ -8.40674536, 43.35451988 ], [ -8.40683214, 43.3544593 ], [ -8.4068593, 43.35444033 ], [ -8.40698204, 43.35435632 ], [ -8.40712366, 43.3542574 ], [ -8.40724143, 43.35416632 ], [ -8.40741577, 43.35401721 ], [ -8.40749087, 43.353947 ], [ -8.40790874, 43.3542076 ], [ -8.40795174, 43.35423446 ], [ -8.4081779, 43.35436793 ], [ -8.4082386, 43.3544038 ], [ -8.40858305, 43.35460699 ], [ -8.40874973, 43.35470548 ], [ -8.40913982, 43.35493565 ], [ -8.40922033, 43.35498432 ], [ -8.40920765, 43.35499344 ], [ -8.40848018, 43.35568957 ], [ -8.40841522, 43.35574739 ], [ -8.40835746, 43.3557987 ], [ -8.40798533, 43.35614949 ], [ -8.40773052, 43.35638967 ], [ -8.40734792, 43.35675041 ], [ -8.40699399, 43.35674297 ], [ -8.40608237, 43.35669269 ] ] ] ] } },
{ "type": "Feature", "properties": { "CUSEC": "1503004011", "income_mean_household": 30130.0, "income_mean_person": 12920.0, "poverty_fixed_7500eur": 14.1, "poverty_relative_below60pct": 28.7, "affluence_relative_above200pct": 4.4, "child_poverty_relative_below60pct": null, "gini_index": 30.7, "p80p20_ratio": 2.7, "pct_under18": 12.9, "pct_over65": 27.3, "income_source_salary": 54.9, "income_source_pensions": 31.3, "income_source_unemployment": 1.8, "income_source_other_benefits": 4.2, "income_source_other_income": 7.7 }, "geometry": { "type": "MultiPolygon", "coordinates": [ [ [ [ -8.40841522, 43.35574739 ], [ -8.40848018, 43.35568957 ], [ -8.40920765, 43.35499344 ], [ -8.40922033, 43.35498432 ], [ -8.40922973, 43.35497755 ], [ -8.4101988, 43.35450406 ], [ -8.41034282, 43.35443889 ], [ -8.41086421, 43.35417989 ], [ -8.41138037, 43.35392348 ], [ -8.4114541, 43.35392943 ], [ -8.41178195, 43.35413508 ], [ -8.41189881, 43.35418882 ], [ -8.41188311, 43.35424304 ], [ -8.41155603, 43.35451681 ], [ -8.4111578, 43.35484998 ], [ -8.41108297, 43.35491262 ], [ -8.41050324, 43.35530668 ], [ -8.41037977, 43.35539058 ], [ -8.41011168, 43.35552032 ], [ -8.40979318, 43.35567454 ], [ -8.40975575, 43.35569254 ], [ -8.40922291, 43.3556815 ], [ -8.40919031, 43.35568081 ], [ -8.40887821, 43.3559768 ], [ -8.40877368, 43.35595112 ], [ -8.40841522, 43.35574739 ] ] ] ] } },
{ "type": "Feature", "properties": { "CUSEC": "1503004012", "income_mean_household": 32560.0, "income_mean_person": 14209.0, "poverty_fixed_7500eur": 10.8, "poverty_relative_below60pct": 26.1, "affluence_relative_above200pct": 7.5, "child_poverty_relative_below60pct": null, "gini_index": 31.8, "p80p20_ratio": 2.7, "pct_under18": 12.5, "pct_over65": 26.9, "income_source_salary": 59.6, "income_source_pensions": 28.7, "income_source_unemployment": 1.9, "income_source_other_benefits": 2.9, "income_source_other_income": 6.8 }, "geometry": { "type": "MultiPolygon", "coordinates": [ [ [ [ -8.40991439, 43.35727943 ], [ -8.40982027, 43.3572324 ], [ -8.40936218, 43.35704388 ], [ -8.40939778, 43.35700076 ], [ -8.40985894, 43.35640325 ], [ -8.40931972, 43.35616882 ], [ -8.4092911, 43.35615642 ], [ -8.4092186, 43.35612487 ], [ -8.40887821, 43.3559768 ], [ -8.40919031, 43.35568081 ], [ -8.40922291, 43.3556815 ], [ -8.40975575, 43.35569254 ], [ -8.40979318, 43.35567454 ], [ -8.41008569, 43.35582318 ], [ -8.41075642, 43.35616396 ], [ -8.41140586, 43.35649398 ], [ -8.4113849, 43.35651817 ], [ -8.41101341, 43.356933 ], [ -8.41098034, 43.35697093 ], [ -8.41079302, 43.357186 ], [ -8.41070218, 43.35729024 ], [ -8.41046634, 43.35756097 ], [ -8.40999628, 43.35732027 ], [ -8.40991439, 43.35727943 ] ] ] ] } },
{ "type": "Feature", "properties": { "CUSEC": "1503004013", "income_mean_household": 32697.0, "income_mean_person": 14793.0, "poverty_fixed_7500eur": 11.1, "poverty_relative_below60pct": 22.8, "affluence_relative_above200pct": 5.9, "child_poverty_relative_below60pct": null, "gini_index": 30.0, "p80p20_ratio": 2.7, "pct_under18": 12.9, "pct_over65": 28.0, "income_source_salary": 55.8, "income_source_pensions": 29.0, "income_source_unemployment": 1.5, "income_source_other_benefits": 4.3, "income_source_other_income": 9.4 }, "geometry": { "type": "MultiPolygon", "coordinates": [ [ [ [ -8.41046634, 43.35756097 ], [ -8.41070218, 43.35729024 ], [ -8.41079302, 43.357186 ], [ -8.41098034, 43.35697093 ], [ -8.41101341, 43.356933 ], [ -8.4113849, 43.35651817 ], [ -8.41140586, 43.35649398 ], [ -8.41168741, 43.35616858 ], [ -8.41187475, 43.35595196 ], [ -8.41233828, 43.3554074 ], [ -8.41237051, 43.35536933 ], [ -8.41243248, 43.35539557 ], [ -8.41246453, 43.35540906 ], [ -8.41274979, 43.35552138 ], [ -8.41311229, 43.35568344 ], [ -8.41340714, 43.35580828 ], [ -8.41349095, 43.35584374 ], [ -8.41350447, 43.35584949 ], [ -8.41364089, 43.35588299 ], [ -8.41358153, 43.35597388 ], [ -8.41356208, 43.35600366 ], [ -8.41355146, 43.35602002 ], [ -8.4134706, 43.35617773 ], [ -8.41315909, 43.35678591 ], [ -8.41299415, 43.35713703 ], [ -8.41298395, 43.35715671 ], [ -8.41297165, 43.35718079 ], [ -8.41294836, 43.35722595 ], [ -8.41257815, 43.35794525 ], [ -8.41251437, 43.35806908 ], [ -8.41249057, 43.35811551 ], [ -8.41234539, 43.35811243 ], [ -8.41179417, 43.35806944 ], [ -8.41120022, 43.35802316 ], [ -8.41114512, 43.35796427 ], [ -8.41104497, 43.35785724 ], [ -8.41046634, 43.35756097 ] ] ] ] } },
{ "type": "Feature", "properties": { "CUSEC": "1503004014", "income_mean_household": 28249.0, "income_mean_person": 13149.0, "poverty_fixed_7500eur": 9.6, "poverty_relative_below60pct": 21.9, "affluence_relative_above200pct": 1.5, "child_poverty_relative_below60pct": null, "gini_index": 25.9, "p80p20_ratio": 2.4, "pct_under18": 8.3, "pct_over65": 35.5, "income_source_salary": 51.6, "income_source_pensions": 36.7, "income_source_unemployment": 2.0, "income_source_other_benefits": 4.5, "income_source_other_income": 5.3 }, "geometry": { "type": "MultiPolygon", "coordinates": [ [ [ [ -8.41294836, 43.35722595 ], [ -8.41297165, 43.35718079 ], [ -8.41298395, 43.35715671 ], [ -8.41299415, 43.35713703 ], [ -8.41315909, 43.35678591 ], [ -8.4134706, 43.35617773 ], [ -8.41355146, 43.35602002 ], [ -8.41356208, 43.35600366 ], [ -8.41358153, 43.35597388 ], [ -8.41364089, 43.35588299 ], [ -8.41368, 43.35589262 ], [ -8.41378706, 43.35591478 ], [ -8.41385858, 43.35592953 ], [ -8.41474654, 43.35611347 ], [ -8.41471453, 43.3561841 ], [ -8.41447121, 43.35671949 ], [ -8.41417316, 43.35737533 ], [ -8.41392203, 43.357352 ], [ -8.41364983, 43.35732672 ], [ -8.41314122, 43.35727954 ], [ -8.41298678, 43.35723663 ], [ -8.41294836, 43.35722595 ] ] ] ] } },
{ "type": "Feature", "properties": { "CUSEC": "1503004015", "income_mean_household": 27974.0, "income_mean_person": 12344.0, "poverty_fixed_7500eur": 12.7, "poverty_relative_below60pct": 27.8, "affluence_relative_above200pct": 2.4, "child_poverty_relative_below60pct": null, "gini_index": 27.4, "p80p20_ratio": 2.3, "pct_under18": 11.2, "pct_over65": 30.6, "income_source_salary": 53.2, "income_source_pensions": 33.4, "income_source_unemployment": 1.7, "income_source_other_benefits": 5.0, "income_source_other_income": 6.8 }, "geometry": { "type": "MultiPolygon", "coordinates": [ [ [ [ -8.41590083, 43.35781024 ], [ -8.41641568, 43.35723299 ], [ -8.41689521, 43.35669532 ], [ -8.41689953, 43.35669774 ], [ -8.41701436, 43.35676182 ], [ -8.41703471, 43.3567733 ], [ -8.41740053, 43.35697786 ], [ -8.41745707, 43.35700958 ], [ -8.41751259, 43.35704055 ], [ -8.41838921, 43.35753083 ], [ -8.41844287, 43.35756079 ], [ -8.41779704, 43.35835381 ], [ -8.41771899, 43.35845056 ], [ -8.41769974, 43.3584744 ], [ -8.41763422, 43.35845031 ], [ -8.41746119, 43.35838658 ], [ -8.41741273, 43.35836879 ], [ -8.41734378, 43.35834339 ], [ -8.41709059, 43.35825026 ], [ -8.41678594, 43.35813813 ], [ -8.41657433, 43.35806024 ], [ -8.41651098, 43.35803694 ], [ -8.41590083, 43.35781024 ] ] ] ] } },
{ "type": "Feature", "properties": { "CUSEC": "1503004018", "income_mean_household": 28835.0, "income_mean_person": 12407.0, "poverty_fixed_7500eur": 14.1, "poverty_relative_below60pct": 34.6, "affluence_relative_above200pct": 3.9, "child_poverty_relative_below60pct": null, "gini_index": 32.1, "p80p20_ratio": 2.8, "pct_under18": 12.3, "pct_over65": 24.2, "income_source_salary": 56.7, "income_source_pensions": 28.6, "income_source_unemployment": 2.0, "income_source_other_benefits": 3.6, "income_source_other_income": 9.1 }, "geometry": { "type": "MultiPolygon", "coordinates": [ [ [ [ -8.40683214, 43.3544593 ], [ -8.40628597, 43.35420558 ], [ -8.40613609, 43.35413591 ], [ -8.40607112, 43.35410577 ], [ -8.40609661, 43.35408296 ], [ -8.40611752, 43.35406298 ], [ -8.40613622, 43.3540429 ], [ -8.4061546, 43.35401975 ], [ -8.4061695, 43.35399958 ], [ -8.40618353, 43.35397715 ], [ -8.40619677, 43.35395081 ], [ -8.406208, 43.35392458 ], [ -8.40621511, 43.35390392 ], [ -8.40621895, 43.35388919 ], [ -8.40622216, 43.35387704 ], [ -8.40622482, 43.3538575 ], [ -8.40622584, 43.35384121 ], [ -8.40622565, 43.35380952 ], [ -8.40622354, 43.35378475 ], [ -8.4062168, 43.35374245 ], [ -8.4062049, 43.3536971 ], [ -8.40618946, 43.35365797 ], [ -8.40616997, 43.35362112 ], [ -8.40612387, 43.35354263 ], [ -8.40603074, 43.35337547 ], [ -8.40590952, 43.35313769 ], [ -8.40589088, 43.35310111 ], [ -8.4058658, 43.35304982 ], [ -8.40582509, 43.3529665 ], [ -8.40581987, 43.35295585 ], [ -8.4056427, 43.35257995 ], [ -8.40558825, 43.35246433 ], [ -8.40553178, 43.35234435 ], [ -8.40548209, 43.35219966 ], [ -8.40542897, 43.35205551 ], [ -8.40533706, 43.35181578 ], [ -8.40532282, 43.35178239 ], [ -8.4053128, 43.35175891 ], [ -8.4052842, 43.35169161 ], [ -8.40527697, 43.35167427 ], [ -8.40551228, 43.35168642 ], [ -8.40605731, 43.35171424 ], [ -8.40616717, 43.35172148 ], [ -8.40628228, 43.35173208 ], [ -8.40642526, 43.35174975 ], [ -8.4065656, 43.3517721 ], [ -8.40668059, 43.35179467 ], [ -8.40671869, 43.35180213 ], [ -8.40684698, 43.3518321 ], [ -8.40697481, 43.35186661 ], [ -8.40703534, 43.35188511 ], [ -8.4070965, 43.35190378 ], [ -8.40719701, 43.35193792 ], [ -8.40729647, 43.35197498 ], [ -8.4073768, 43.35200815 ], [ -8.40743374, 43.3520316 ], [ -8.40754897, 43.35208461 ], [ -8.40767505, 43.35214881 ], [ -8.40778367, 43.35220971 ], [ -8.40781266, 43.35222679 ], [ -8.40818019, 43.35244329 ], [ -8.40856497, 43.35266975 ], [ -8.40862473, 43.352705 ], [ -8.40869411, 43.35274587 ], [ -8.40871978, 43.35277455 ], [ -8.40875294, 43.35281607 ], [ -8.40876942, 43.35284683 ], [ -8.40878384, 43.35288394 ], [ -8.40879083, 43.3529161 ], [ -8.40878957, 43.35294601 ], [ -8.40877545, 43.35303563 ], [ -8.40877065, 43.35309916 ], [ -8.4087735, 43.35313908 ], [ -8.40878821, 43.3532019 ], [ -8.40880647, 43.35325109 ], [ -8.40882861, 43.35329187 ], [ -8.40885146, 43.35332877 ], [ -8.40887843, 43.35336265 ], [ -8.40883709, 43.35339837 ], [ -8.40880988, 43.35342191 ], [ -8.40906185, 43.35359519 ], [ -8.40924195, 43.35371904 ], [ -8.40935594, 43.35379743 ], [ -8.40943104, 43.35384864 ], [ -8.40935195, 43.35390555 ], [ -8.40923914, 43.35400852 ], [ -8.40858305, 43.35460699 ], [ -8.4082386, 43.3544038 ], [ -8.4081779, 43.35436793 ], [ -8.40795174, 43.35423446 ], [ -8.40790874, 43.3542076 ], [ -8.40749087, 43.353947 ], [ -8.40741577, 43.35401721 ], [ -8.40724143, 43.35416632 ], [ -8.40712366, 43.3542574 ], [ -8.40698204, 43.35435632 ], [ -8.4068593, 43.35444033 ], [ -8.40683214, 43.3544593 ] ] ] ] } },
{ "type": "Feature", "properties": { "CUSEC": "1503004019", "income_mean_household": 26325.0, "income_mean_person": 11307.0, "poverty_fixed_7500eur": 20.3, "poverty_relative_below60pct": 39.4, "affluence_relative_above200pct": 4.1, "child_poverty_relative_below60pct": null, "gini_index": 33.1, "p80p20_ratio": 3.0, "pct_under18": 13.7, "pct_over65": 23.1, "income_source_salary": 58.5, "income_source_pensions": 25.6, "income_source_unemployment": 3.2, "income_source_other_benefits": 4.7, "income_source_other_income": 8.1 }, "geometry": { "type": "MultiPolygon", "coordinates": [ [ [ [ -8.41086421, 43.35417989 ], [ -8.41061111, 43.35391203 ], [ -8.41056312, 43.35386119 ], [ -8.41122115, 43.35354778 ], [ -8.41129194, 43.35348773 ], [ -8.41170583, 43.35313707 ], [ -8.41171557, 43.35304987 ], [ -8.4122745, 43.35308272 ], [ -8.41240182, 43.35307338 ], [ -8.41319549, 43.35308306 ], [ -8.41329451, 43.35310051 ], [ -8.41330667, 43.35322578 ], [ -8.4133222, 43.35352239 ], [ -8.41335384, 43.35361775 ], [ -8.4126713, 43.35366024 ], [ -8.41231258, 43.35367264 ], [ -8.4122015, 43.35371186 ], [ -8.41217974, 43.35371949 ], [ -8.41203303, 43.35392295 ], [ -8.41191528, 43.35413151 ], [ -8.41189881, 43.35418882 ], [ -8.41178195, 43.35413508 ], [ -8.4114541, 43.35392943 ], [ -8.41138037, 43.35392348 ], [ -8.41086421, 43.35417989 ] ] ] ] } },
{ "type": "Feature", "properties": { "CUSEC": "1503004020", "income_mean_household": 28576.0, "income_mean_person": 12596.0, "poverty_fixed_7500eur": 18.3, "poverty_relative_below60pct": 32.8, "affluence_relative_above200pct": 5.2, "child_poverty_relative_below60pct": null, "gini_index": 33.8, "p80p20_ratio": 2.9, "pct_under18": 11.1, "pct_over65": 22.8, "income_source_salary": 59.5, "income_source_pensions": 25.3, "income_source_unemployment": 2.0, "income_source_other_benefits": 4.1, "income_source_other_income": 9.2 }, "geometry": { "type": "MultiPolygon", "coordinates": [ [ [ [ -8.40858305, 43.35460699 ], [ -8.40923914, 43.35400852 ], [ -8.40935195, 43.35390555 ], [ -8.40943104, 43.35384864 ], [ -8.40935594, 43.35379743 ], [ -8.40924195, 43.35371904 ], [ -8.40906185, 43.35359519 ], [ -8.40880988, 43.35342191 ], [ -8.40883709, 43.35339837 ], [ -8.40887843, 43.35336265 ], [ -8.40885146, 43.35332877 ], [ -8.40882861, 43.35329187 ], [ -8.40880647, 43.35325109 ], [ -8.40878821, 43.3532019 ], [ -8.4087735, 43.35313908 ], [ -8.40877065, 43.35309916 ], [ -8.40877545, 43.35303563 ], [ -8.40878957, 43.35294601 ], [ -8.40879083, 43.3529161 ], [ -8.40878384, 43.35288394 ], [ -8.40876942, 43.35284683 ], [ -8.40875294, 43.35281607 ], [ -8.40871978, 43.35277455 ], [ -8.40869411, 43.35274587 ], [ -8.40862473, 43.352705 ], [ -8.40898834, 43.35234787 ], [ -8.40925687, 43.35218133 ], [ -8.40935556, 43.35211995 ], [ -8.40957628, 43.35197954 ], [ -8.40964561, 43.35193541 ], [ -8.40998377, 43.35165747 ], [ -8.41004248, 43.35160924 ], [ -8.41015017, 43.3514752 ], [ -8.41024271, 43.35136006 ], [ -8.41044916, 43.35108 ], [ -8.41054654, 43.35097025 ], [ -8.41064409, 43.35087666 ], [ -8.41079281, 43.35074138 ], [ -8.41165244, 43.34997925 ], [ -8.41184844, 43.34979729 ], [ -8.41228396, 43.34941826 ], [ -8.41249871, 43.34923141 ], [ -8.41278229, 43.3489956 ], [ -8.41300418, 43.34882556 ], [ -8.41330368, 43.34860568 ], [ -8.41337712, 43.3485507 ], [ -8.41390801, 43.34815351 ], [ -8.41405133, 43.34804529 ], [ -8.4142052, 43.34793018 ], [ -8.41455569, 43.34766768 ], [ -8.41475455, 43.34752706 ], [ -8.41494679, 43.34738613 ], [ -8.41514938, 43.34723417 ], [ -8.41519198, 43.34720226 ], [ -8.4152188, 43.34718203 ], [ -8.41547634, 43.34698787 ], [ -8.41567941, 43.34683465 ], [ -8.41578403, 43.34675944 ], [ -8.41587745, 43.34670556 ], [ -8.41600432, 43.34664811 ], [ -8.41606254, 43.34662709 ], [ -8.4161307, 43.34660726 ], [ -8.41620969, 43.34659081 ], [ -8.41628804, 43.34658065 ], [ -8.41636963, 43.34657694 ], [ -8.41645163, 43.34657809 ], [ -8.4165346, 43.34658608 ], [ -8.41661576, 43.34660081 ], [ -8.41675395, 43.34664194 ], [ -8.41689024, 43.34669548 ], [ -8.41699276, 43.34674111 ], [ -8.41700881, 43.34674831 ], [ -8.41734819, 43.34690872 ], [ -8.41738712, 43.34692709 ], [ -8.41744021, 43.34695222 ], [ -8.41744746, 43.34695565 ], [ -8.41450222, 43.34917953 ], [ -8.41513276, 43.34979475 ], [ -8.41492949, 43.34986836 ], [ -8.41489102, 43.34989086 ], [ -8.41436487, 43.35027857 ], [ -8.41335115, 43.35102557 ], [ -8.41297308, 43.35131275 ], [ -8.41250208, 43.35167042 ], [ -8.4123729, 43.35176846 ], [ -8.41159265, 43.35235003 ], [ -8.41145966, 43.35244001 ], [ -8.41129525, 43.35254499 ], [ -8.41089994, 43.35278011 ], [ -8.41157893, 43.35304179 ], [ -8.41171557, 43.35304987 ], [ -8.41170583, 43.35313707 ], [ -8.41129194, 43.35348773 ], [ -8.41122115, 43.35354778 ], [ -8.41056312, 43.35386119 ], [ -8.41061111, 43.35391203 ], [ -8.41086421, 43.35417989 ], [ -8.41034282, 43.35443889 ], [ -8.4101988, 43.35450406 ], [ -8.40922973, 43.35497755 ], [ -8.40922033, 43.35498432 ], [ -8.40913982, 43.35493565 ], [ -8.40874973, 43.35470548 ], [ -8.40858305, 43.35460699 ] ] ] ] } },
{ "type": "Feature", "properties": { "CUSEC": "1503004021", "income_mean_household": 25781.0, "income_mean_person": 10868.0, "poverty_fixed_7500eur": 19.0, "poverty_relative_below60pct": 37.0, "affluence_relative_above200pct": 1.2, "child_poverty_relative_below60pct": null, "gini_index": 30.4, "p80p20_ratio": 2.7, "pct_under18": 11.0, "pct_over65": 19.6, "income_source_salary": 58.3, "income_source_pensions": 26.2, "income_source_unemployment": 2.8, "income_source_other_benefits": 7.0, "income_source_other_income": 5.6 }, "geometry": { "type": "MultiPolygon", "coordinates": [ [ [ [ -8.41237051, 43.35536933 ], [ -8.41227576, 43.35532875 ], [ -8.41125303, 43.35489082 ], [ -8.4111578, 43.35484998 ], [ -8.41155603, 43.35451681 ], [ -8.41188311, 43.35424304 ], [ -8.41189881, 43.35418882 ], [ -8.41297192, 43.35468218 ], [ -8.41306356, 43.35472438 ], [ -8.41400968, 43.35515592 ], [ -8.41402934, 43.35516487 ], [ -8.41398041, 43.35526041 ], [ -8.41378272, 43.35564626 ], [ -8.41377705, 43.35565748 ], [ -8.41373744, 43.35573469 ], [ -8.41372106, 43.3557601 ], [ -8.41364089, 43.35588299 ], [ -8.41350447, 43.35584949 ], [ -8.41349095, 43.35584374 ], [ -8.41340714, 43.35580828 ], [ -8.41311229, 43.35568344 ], [ -8.41274979, 43.35552138 ], [ -8.41246453, 43.35540906 ], [ -8.41243248, 43.35539557 ], [ -8.41237051, 43.35536933 ] ] ] ] } },
{ "type": "Feature", "properties": { "CUSEC": "1503004022", "income_mean_household": 27180.0, "income_mean_person": 11439.0, "poverty_fixed_7500eur": 14.7, "poverty_relative_below60pct": 31.8, "affluence_relative_above200pct": 2.1, "child_poverty_relative_below60pct": null, "gini_index": 29.1, "p80p20_ratio": 2.4, "pct_under18": 11.9, "pct_over65": 26.1, "income_source_salary": 56.0, "income_source_pensions": 30.1, "income_source_unemployment": 1.8, "income_source_other_benefits": 5.3, "income_source_other_income": 6.8 }, "geometry": { "type": "MultiPolygon", "coordinates": [ [ [ [ -8.41189881, 43.35418882 ], [ -8.41191528, 43.35413151 ], [ -8.41203303, 43.35392295 ], [ -8.41217974, 43.35371949 ], [ -8.4122015, 43.35371186 ], [ -8.41231258, 43.35367264 ], [ -8.4126713, 43.35366024 ], [ -8.41335384, 43.35361775 ], [ -8.41369478, 43.35386108 ], [ -8.41379138, 43.35392836 ], [ -8.41438746, 43.35434377 ], [ -8.41442412, 43.35436926 ], [ -8.41438854, 43.35443687 ], [ -8.41437496, 43.35446284 ], [ -8.41409827, 43.35503023 ], [ -8.41408972, 43.35504712 ], [ -8.41402934, 43.35516487 ], [ -8.41400968, 43.35515592 ], [ -8.41306356, 43.35472438 ], [ -8.41297192, 43.35468218 ], [ -8.41189881, 43.35418882 ] ] ] ] } },
{ "type": "Feature", "properties": { "CUSEC": "1503004023", "income_mean_household": 33040.0, "income_mean_person": 14478.0, "poverty_fixed_7500eur": 7.8, "poverty_relative_below60pct": 20.6, "affluence_relative_above200pct": 5.3, "child_poverty_relative_below60pct": null, "gini_index": 28.1, "p80p20_ratio": 2.5, "pct_under18": 10.2, "pct_over65": 29.5, "income_source_salary": 55.0, "income_source_pensions": 30.1, "income_source_unemployment": 1.7, "income_source_other_benefits": 3.9, "income_source_other_income": 9.4 }, "geometry": { "type": "MultiPolygon", "coordinates": [ [ [ [ -8.41335384, 43.35361775 ], [ -8.4133222, 43.35352239 ], [ -8.41330667, 43.35322578 ], [ -8.41329451, 43.35310051 ], [ -8.41328984, 43.3530512 ], [ -8.41332708, 43.35270741 ], [ -8.41311153, 43.35196017 ], [ -8.41324755, 43.35194531 ], [ -8.41410696, 43.35169137 ], [ -8.41416006, 43.35172476 ], [ -8.41431168, 43.35188186 ], [ -8.41436629, 43.35188675 ], [ -8.41444129, 43.3519651 ], [ -8.41480588, 43.35235389 ], [ -8.41490174, 43.35244574 ], [ -8.41507314, 43.35245458 ], [ -8.41551741, 43.35263393 ], [ -8.41542702, 43.35275552 ], [ -8.4154153, 43.35277173 ], [ -8.41535286, 43.35285797 ], [ -8.41526557, 43.35297947 ], [ -8.41518293, 43.35310023 ], [ -8.41512328, 43.35318663 ], [ -8.41503728, 43.35331445 ], [ -8.41495935, 43.35343443 ], [ -8.41493555, 43.35347124 ], [ -8.41483167, 43.35363788 ], [ -8.41475995, 43.35375727 ], [ -8.41468999, 43.35387367 ], [ -8.41465682, 43.35393273 ], [ -8.41462081, 43.3539944 ], [ -8.41451056, 43.35420447 ], [ -8.41442412, 43.35436926 ], [ -8.41438746, 43.35434377 ], [ -8.41379138, 43.35392836 ], [ -8.41369478, 43.35386108 ], [ -8.41335384, 43.35361775 ] ] ] ] } },
{ "type": "Feature", "properties": { "CUSEC": "1503004024", "income_mean_household": 32685.0, "income_mean_person": 13880.0, "poverty_fixed_7500eur": 9.2, "poverty_relative_below60pct": 22.3, "affluence_relative_above200pct": 4.7, "child_poverty_relative_below60pct": null, "gini_index": 27.7, "p80p20_ratio": 2.6, "pct_under18": 11.0, "pct_over65": 31.5, "income_source_salary": 54.5, "income_source_pensions": 35.3, "income_source_unemployment": 1.3, "income_source_other_benefits": 3.4, "income_source_other_income": 5.5 }, "geometry": { "type": "MultiPolygon", "coordinates": [ [ [ [ -8.41311153, 43.35196017 ], [ -8.41303372, 43.3519687 ], [ -8.41270077, 43.35192475 ], [ -8.41257752, 43.35190857 ], [ -8.4123729, 43.35176846 ], [ -8.41250208, 43.35167042 ], [ -8.41297308, 43.35131275 ], [ -8.41335115, 43.35102557 ], [ -8.41436487, 43.35027857 ], [ -8.41542183, 43.3508703 ], [ -8.41529144, 43.35103229 ], [ -8.41637581, 43.35160175 ], [ -8.41615271, 43.35185544 ], [ -8.41604347, 43.35198264 ], [ -8.41590034, 43.35215228 ], [ -8.41577776, 43.35230041 ], [ -8.41565084, 43.35245943 ], [ -8.41553677, 43.35260788 ], [ -8.41551741, 43.35263393 ], [ -8.41507314, 43.35245458 ], [ -8.41490174, 43.35244574 ], [ -8.41480588, 43.35235389 ], [ -8.41444129, 43.3519651 ], [ -8.41436629, 43.35188675 ], [ -8.41431168, 43.35188186 ], [ -8.41416006, 43.35172476 ], [ -8.41410696, 43.35169137 ], [ -8.41324755, 43.35194531 ], [ -8.41311153, 43.35196017 ] ] ] ] } },
{ "type": "Feature", "properties": { "CUSEC": "1503004025", "income_mean_household": 28971.0, "income_mean_person": 12323.0, "poverty_fixed_7500eur": 15.5, "poverty_relative_below60pct": 29.8, "affluence_relative_above200pct": 4.4, "child_poverty_relative_below60pct": null, "gini_index": 32.5, "p80p20_ratio": 2.7, "pct_under18": 11.8, "pct_over65": 26.4, "income_source_salary": 58.5, "income_source_pensions": 29.6, "income_source_unemployment": 2.0, "income_source_other_benefits": 3.6, "income_source_other_income": 6.4 }, "geometry": { "type": "MultiPolygon", "coordinates": [ [ [ [ -8.40979318, 43.35567454 ], [ -8.41011168, 43.35552032 ], [ -8.41037977, 43.35539058 ], [ -8.41050324, 43.35530668 ], [ -8.41108297, 43.35491262 ], [ -8.4111578, 43.35484998 ], [ -8.41125303, 43.35489082 ], [ -8.41227576, 43.35532875 ], [ -8.41237051, 43.35536933 ], [ -8.41233828, 43.3554074 ], [ -8.41187475, 43.35595196 ], [ -8.41168741, 43.35616858 ], [ -8.41140586, 43.35649398 ], [ -8.41075642, 43.35616396 ], [ -8.41008569, 43.35582318 ], [ -8.40979318, 43.35567454 ] ] ] ] } },
{ "type": "Feature", "properties": { "CUSEC": "1503004026", "income_mean_household": 29150.0, "income_mean_person": 11660.0, "poverty_fixed_7500eur": 13.8, "poverty_relative_below60pct": 33.2, "affluence_relative_above200pct": 3.5, "child_poverty_relative_below60pct": null, "gini_index": 29.9, "p80p20_ratio": 2.7, "pct_under18": 13.6, "pct_over65": 25.7, "income_source_salary": 53.6, "income_source_pensions": 33.0, "income_source_unemployment": 2.3, "income_source_other_benefits": 5.4, "income_source_other_income": 5.8 }, "geometry": { "type": "MultiPolygon", "coordinates": [ [ [ [ -8.41769974, 43.3584744 ], [ -8.41804765, 43.35860243 ], [ -8.41867248, 43.35883236 ], [ -8.41873112, 43.35883228 ], [ -8.41877345, 43.35884456 ], [ -8.41881123, 43.35886474 ], [ -8.41923039, 43.35936544 ], [ -8.41914685, 43.35940107 ], [ -8.41828574, 43.35977452 ], [ -8.41810467, 43.359853 ], [ -8.41805952, 43.35983971 ], [ -8.41801292, 43.35978239 ], [ -8.41802485, 43.35971249 ], [ -8.41795307, 43.35966612 ], [ -8.41729085, 43.35908871 ], [ -8.4172277, 43.35906001 ], [ -8.41769974, 43.3584744 ] ] ] ] } },
{ "type": "Feature", "properties": { "CUSEC": "1503004028", "income_mean_household": 32106.0, "income_mean_person": 13534.0, "poverty_fixed_7500eur": 10.3, "poverty_relative_below60pct": 23.3, "affluence_relative_above200pct": 3.1, "child_poverty_relative_below60pct": null, "gini_index": 26.6, "p80p20_ratio": 2.3, "pct_under18": 10.3, "pct_over65": 33.7, "income_source_salary": 49.3, "income_source_pensions": 38.4, "income_source_unemployment": 2.0, "income_source_other_benefits": 4.7, "income_source_other_income": 5.6 }, "geometry": { "type": "MultiPolygon", "coordinates": [ [ [ [ -8.41498522, 43.35747015 ], [ -8.41417316, 43.35737533 ], [ -8.41447121, 43.35671949 ], [ -8.41471453, 43.3561841 ], [ -8.41474654, 43.35611347 ], [ -8.4150978, 43.35618612 ], [ -8.4152861, 43.35622518 ], [ -8.41538745, 43.35624614 ], [ -8.41542352, 43.35625363 ], [ -8.41549373, 43.35626811 ], [ -8.41556467, 43.35628279 ], [ -8.41617898, 43.35641002 ], [ -8.41639796, 43.35645534 ], [ -8.41643538, 43.35646364 ], [ -8.41647894, 43.35647636 ], [ -8.41651928, 43.35649043 ], [ -8.41655272, 43.35650495 ], [ -8.41658906, 43.35652402 ], [ -8.4168339, 43.35666096 ], [ -8.41689521, 43.35669532 ], [ -8.41641568, 43.35723299 ], [ -8.41590083, 43.35781024 ], [ -8.41537431, 43.35761469 ], [ -8.41498522, 43.35747015 ] ] ] ] } },
{ "type": "Feature", "properties": { "CUSEC": "1503004029", "income_mean_household": 32271.0, "income_mean_person": 14321.0, "poverty_fixed_7500eur": 9.1, "poverty_relative_below60pct": 21.9, "affluence_relative_above200pct": 5.4, "child_poverty_relative_below60pct": null, "gini_index": 27.6, "p80p20_ratio": 2.4, "pct_under18": 9.2, "pct_over65": 34.2, "income_source_salary": 47.8, "income_source_pensions": 37.8, "income_source_unemployment": 1.4, "income_source_other_benefits": 4.5, "income_source_other_income": 8.5 }, "geometry": { "type": "MultiPolygon", "coordinates": [ [ [ [ -8.41171557, 43.35304987 ], [ -8.41157893, 43.35304179 ], [ -8.41089994, 43.35278011 ], [ -8.41129525, 43.35254499 ], [ -8.41145966, 43.35244001 ], [ -8.41159265, 43.35235003 ], [ -8.4123729, 43.35176846 ], [ -8.41257752, 43.35190857 ], [ -8.41270077, 43.35192475 ], [ -8.41303372, 43.3519687 ], [ -8.41311153, 43.35196017 ], [ -8.41332708, 43.35270741 ], [ -8.41328984, 43.3530512 ], [ -8.41329451, 43.35310051 ], [ -8.41319549, 43.35308306 ], [ -8.41240182, 43.35307338 ], [ -8.4122745, 43.35308272 ], [ -8.41171557, 43.35304987 ] ] ] ] } },
{ "type": "Feature", "properties": { "CUSEC": "1503005001", "income_mean_household": 63327.0, "income_mean_person": 27081.0, "poverty_fixed_7500eur": 2.9, "poverty_relative_below60pct": 7.6, "affluence_relative_above200pct": 42.1, "child_poverty_relative_below60pct": null, "gini_index": 31.9, "p80p20_ratio": 2.6, "pct_under18": 14.3, "pct_over65": 31.1, "income_source_salary": 48.0, "income_source_pensions": 23.9, "income_source_unemployment": 0.4, "income_source_other_benefits": 2.7, "income_source_other_income": 25.0 }, "geometry": { "type": "MultiPolygon", "coordinates": [ [ [ [ -8.40811213, 43.36777585 ], [ -8.40811743, 43.36777325 ], [ -8.40831184, 43.36767769 ], [ -8.40867164, 43.36740876 ], [ -8.4087778, 43.36732939 ], [ -8.4088028, 43.36728528 ], [ -8.40881065, 43.36724172 ], [ -8.40879577, 43.36713377 ], [ -8.40911232, 43.36705818 ], [ -8.40921342, 43.36699629 ], [ -8.4093588, 43.36688341 ], [ -8.41079312, 43.36697939 ], [ -8.41073706, 43.36741941 ], [ -8.41057283, 43.36870736 ], [ -8.41015956, 43.36874661 ], [ -8.40959723, 43.36894436 ], [ -8.40947106, 43.36932844 ], [ -8.40888953, 43.36931101 ], [ -8.40875616, 43.36944134 ], [ -8.40877469, 43.36855549 ], [ -8.40868842, 43.36838606 ], [ -8.40855858, 43.36826327 ], [ -8.40816448, 43.36789071 ], [ -8.40811349, 43.36783153 ], [ -8.4081071, 43.36779688 ], [ -8.40810931, 43.36777724 ], [ -8.40811213, 43.36777585 ] ] ] ] } },
{ "type": "Feature", "properties": { "CUSEC": "1503005002", "income_mean_household": 63333.0, "income_mean_person": 27479.0, "poverty_fixed_7500eur": 3.6, "poverty_relative_below60pct": 8.0, "affluence_relative_above200pct": 33.8, "child_poverty_relative_below60pct": null, "gini_index": 37.0, "p80p20_ratio": 2.6, "pct_under18": 13.3, "pct_over65": 36.5, "income_source_salary": 47.2, "income_source_pensions": 24.6, "income_source_unemployment": 0.6, "income_source_other_benefits": 2.4, "income_source_other_income": 25.2 }, "geometry": { "type": "MultiPolygon", "coordinates": [ [ [ [ -8.41057283, 43.36870736 ], [ -8.41073706, 43.36741941 ], [ -8.41079312, 43.36697939 ], [ -8.41140087, 43.36702 ], [ -8.41177138, 43.36704483 ], [ -8.41246454, 43.36709119 ], [ -8.41350492, 43.36716073 ], [ -8.41352214, 43.36705294 ], [ -8.4135294, 43.3670082 ], [ -8.41359416, 43.36660355 ], [ -8.41359684, 43.36658661 ], [ -8.41362088, 43.36643654 ], [ -8.41362579, 43.36640596 ], [ -8.41364684, 43.36631899 ], [ -8.41364771, 43.36631542 ], [ -8.41405592, 43.36634191 ], [ -8.4147109, 43.36639263 ], [ -8.41501905, 43.36641072 ], [ -8.41514706, 43.366421 ], [ -8.41528803, 43.36640885 ], [ -8.41584851, 43.36632223 ], [ -8.41606944, 43.36628446 ], [ -8.41623297, 43.36686035 ], [ -8.41573901, 43.36693836 ], [ -8.41529764, 43.36701932 ], [ -8.415039, 43.36705343 ], [ -8.41480609, 43.36712449 ], [ -8.41453627, 43.36728458 ], [ -8.41438913, 43.36739521 ], [ -8.41419116, 43.36755974 ], [ -8.41419495, 43.36756289 ], [ -8.41427268, 43.36762739 ], [ -8.41444683, 43.36774479 ], [ -8.4145319, 43.36779296 ], [ -8.41474134, 43.36789778 ], [ -8.41490026, 43.36796314 ], [ -8.41506294, 43.36801845 ], [ -8.41527389, 43.3680668 ], [ -8.41540503, 43.36809691 ], [ -8.41557141, 43.3681256 ], [ -8.41566612, 43.36813355 ], [ -8.41568348, 43.36813499 ], [ -8.4157639, 43.36814179 ], [ -8.41583674, 43.36814471 ], [ -8.41599993, 43.36813923 ], [ -8.41606462, 43.36813265 ], [ -8.41590811, 43.36816309 ], [ -8.4153332, 43.36825585 ], [ -8.41438295, 43.36841553 ], [ -8.41403994, 43.36867728 ], [ -8.41374838, 43.36901295 ], [ -8.41289801, 43.36991527 ], [ -8.41289193, 43.36991325 ], [ -8.41275926, 43.36953245 ], [ -8.41316617, 43.36925207 ], [ -8.41305217, 43.36894239 ], [ -8.41254951, 43.36874588 ], [ -8.41237455, 43.36867749 ], [ -8.41129755, 43.36863858 ], [ -8.41057283, 43.36870736 ] ] ] ] } },
{ "type": "Feature", "properties": { "CUSEC": "1503005003", "income_mean_household": 48168.0, "income_mean_person": 18794.0, "poverty_fixed_7500eur": 3.3, "poverty_relative_below60pct": 8.2, "affluence_relative_above200pct": 32.4, "child_poverty_relative_below60pct": null, "gini_index": 36.8, "p80p20_ratio": 2.8, "pct_under18": 16.4, "pct_over65": 28.0, "income_source_salary": 39.0, "income_source_pensions": 18.5, "income_source_unemployment": 0.3, "income_source_other_benefits": 2.4, "income_source_other_income": 39.8 }, "geometry": { "type": "MultiPolygon", "coordinates": [ [ [ [ -8.41079312, 43.36697939 ], [ -8.4093588, 43.36688341 ], [ -8.41032303, 43.36613479 ], [ -8.41036384, 43.36610177 ], [ -8.41150342, 43.36617542 ], [ -8.41187408, 43.36619939 ], [ -8.41247882, 43.36623852 ], [ -8.41258786, 43.36538474 ], [ -8.41258864, 43.36538479 ], [ -8.41374898, 43.36546665 ], [ -8.41373479, 43.36548126 ], [ -8.41372336, 43.36549733 ], [ -8.41371635, 43.36551142 ], [ -8.413711, 43.36552762 ], [ -8.41370852, 43.36554265 ], [ -8.41370803, 43.36555184 ], [ -8.41370917, 43.36556515 ], [ -8.41371105, 43.3655749 ], [ -8.41371629, 43.36559094 ], [ -8.41372518, 43.36560729 ], [ -8.41373418, 43.36561975 ], [ -8.41374688, 43.36563325 ], [ -8.41376192, 43.36564576 ], [ -8.41377799, 43.36565628 ], [ -8.41379546, 43.36566518 ], [ -8.41382471, 43.36567576 ], [ -8.41381324, 43.36571292 ], [ -8.41371123, 43.36604387 ], [ -8.41367682, 43.36619389 ], [ -8.41366843, 43.36623039 ], [ -8.41364771, 43.36631542 ], [ -8.41364684, 43.36631899 ], [ -8.41362579, 43.36640596 ], [ -8.41362088, 43.36643654 ], [ -8.41359684, 43.36658661 ], [ -8.41359416, 43.36660355 ], [ -8.4135294, 43.3670082 ], [ -8.41352214, 43.36705294 ], [ -8.41350492, 43.36716073 ], [ -8.41246454, 43.36709119 ], [ -8.41177138, 43.36704483 ], [ -8.41140087, 43.36702 ], [ -8.41079312, 43.36697939 ] ] ] ] } },
{ "type": "Feature", "properties": { "CUSEC": "1503005004", "income_mean_household": 64563.0, "income_mean_person": 25261.0, "poverty_fixed_7500eur": 4.0, "poverty_relative_below60pct": 6.6, "affluence_relative_above200pct": 38.6, "child_poverty_relative_below60pct": null, "gini_index": 31.2, "p80p20_ratio": 2.6, "pct_under18": 18.2, "pct_over65": 23.5, "income_source_salary": 61.9, "income_source_pensions": 18.1, "income_source_unemployment": 0.5, "income_source_other_benefits": 1.9, "income_source_other_income": 17.6 }, "geometry": { "type": "MultiPolygon", "coordinates": [ [ [ [ -8.41374898, 43.36546665 ], [ -8.41258864, 43.36538479 ], [ -8.41271293, 43.36437577 ], [ -8.41263708, 43.36434187 ], [ -8.41264342, 43.36433288 ], [ -8.41255239, 43.36428263 ], [ -8.41249344, 43.36425008 ], [ -8.41248688, 43.3642466 ], [ -8.41248693, 43.36424656 ], [ -8.41252713, 43.36421397 ], [ -8.41276189, 43.36389121 ], [ -8.41280617, 43.36382839 ], [ -8.41289316, 43.36371375 ], [ -8.4128932, 43.36371369 ], [ -8.41291229, 43.36368863 ], [ -8.41299167, 43.36368843 ], [ -8.413025, 43.36368833 ], [ -8.41365244, 43.36368642 ], [ -8.4138668, 43.36372506 ], [ -8.41411315, 43.36375132 ], [ -8.41461537, 43.36372654 ], [ -8.4148024, 43.3637681 ], [ -8.415314, 43.36388195 ], [ -8.41533271, 43.36388607 ], [ -8.41575119, 43.36397916 ], [ -8.41641635, 43.36412717 ], [ -8.41676582, 43.36420478 ], [ -8.41707792, 43.36425734 ], [ -8.41714609, 43.36427145 ], [ -8.4172105, 43.36428188 ], [ -8.41832478, 43.36447488 ], [ -8.41837085, 43.36453154 ], [ -8.41869557, 43.36493109 ], [ -8.41877708, 43.36505432 ], [ -8.41885957, 43.36517899 ], [ -8.41888418, 43.36521011 ], [ -8.41889282, 43.36522107 ], [ -8.41858381, 43.36527217 ], [ -8.418246, 43.36532817 ], [ -8.41818183, 43.36529837 ], [ -8.41814261, 43.36528028 ], [ -8.41798106, 43.36520551 ], [ -8.41777129, 43.36510836 ], [ -8.41743383, 43.36502086 ], [ -8.41691436, 43.36493564 ], [ -8.4167365, 43.36492138 ], [ -8.41662633, 43.36492993 ], [ -8.41648154, 43.36493026 ], [ -8.4160737, 43.36487688 ], [ -8.41579499, 43.3648666 ], [ -8.41562552, 43.36487946 ], [ -8.41546931, 43.36489123 ], [ -8.41530428, 43.36490346 ], [ -8.41517164, 43.36491332 ], [ -8.41496353, 43.36495485 ], [ -8.41476063, 43.36502216 ], [ -8.41461391, 43.36509174 ], [ -8.41446554, 43.36517416 ], [ -8.41444875, 43.36518731 ], [ -8.41421855, 43.36536849 ], [ -8.41413782, 43.36543192 ], [ -8.41410277, 43.36545947 ], [ -8.41405886, 43.3654941 ], [ -8.41405278, 43.36548516 ], [ -8.41404252, 43.36547329 ], [ -8.41403055, 43.36546228 ], [ -8.41401706, 43.36545221 ], [ -8.41400224, 43.36544321 ], [ -8.41398612, 43.36543539 ], [ -8.41396916, 43.3654288 ], [ -8.41395119, 43.36542366 ], [ -8.41393258, 43.36541988 ], [ -8.41391362, 43.36541746 ], [ -8.41389436, 43.36541655 ], [ -8.41387508, 43.36541715 ], [ -8.41385605, 43.36541914 ], [ -8.41383193, 43.36542416 ], [ -8.41381563, 43.36542883 ], [ -8.4138, 43.36543469 ], [ -8.41378374, 43.36544245 ], [ -8.41377185, 43.36544921 ], [ -8.41376041, 43.36545717 ], [ -8.41374898, 43.36546665 ] ] ] ] } },
{ "type": "Feature", "properties": { "CUSEC": "1503005005", "income_mean_household": 56320.0, "income_mean_person": 23019.0, "poverty_fixed_7500eur": 9.2, "poverty_relative_below60pct": 16.5, "affluence_relative_above200pct": 23.2, "child_poverty_relative_below60pct": null, "gini_index": 42.0, "p80p20_ratio": 3.2, "pct_under18": 12.3, "pct_over65": 28.1, "income_source_salary": 51.2, "income_source_pensions": 19.9, "income_source_unemployment": 0.7, "income_source_other_benefits": 2.6, "income_source_other_income": 25.6 }, "geometry": { "type": "MultiPolygon", "coordinates": [ [ [ [ -8.41364771, 43.36631542 ], [ -8.41366843, 43.36623039 ], [ -8.41367682, 43.36619389 ], [ -8.41371123, 43.36604387 ], [ -8.41381324, 43.36571292 ], [ -8.41382471, 43.36567576 ], [ -8.41379546, 43.36566518 ], [ -8.41377799, 43.36565628 ], [ -8.41376192, 43.36564576 ], [ -8.41374688, 43.36563325 ], [ -8.41373418, 43.36561975 ], [ -8.41372518, 43.36560729 ], [ -8.41371629, 43.36559094 ], [ -8.41371105, 43.3655749 ], [ -8.41370917, 43.36556515 ], [ -8.41370803, 43.36555184 ], [ -8.41370852, 43.36554265 ], [ -8.413711, 43.36552762 ], [ -8.41371635, 43.36551142 ], [ -8.41372336, 43.36549733 ], [ -8.41373479, 43.36548126 ], [ -8.41374898, 43.36546665 ], [ -8.41376041, 43.36545717 ], [ -8.41377185, 43.36544921 ], [ -8.41378374, 43.36544245 ], [ -8.4138, 43.36543469 ], [ -8.41381563, 43.36542883 ], [ -8.41383193, 43.36542416 ], [ -8.41385605, 43.36541914 ], [ -8.41387508, 43.36541715 ], [ -8.41389436, 43.36541655 ], [ -8.41391362, 43.36541746 ], [ -8.41393258, 43.36541988 ], [ -8.41395119, 43.36542366 ], [ -8.41396916, 43.3654288 ], [ -8.41398612, 43.36543539 ], [ -8.41400224, 43.36544321 ], [ -8.41401706, 43.36545221 ], [ -8.41403055, 43.36546228 ], [ -8.41404252, 43.36547329 ], [ -8.41405278, 43.36548516 ], [ -8.41405886, 43.3654941 ], [ -8.41410277, 43.36545947 ], [ -8.41413782, 43.36543192 ], [ -8.41421855, 43.36536849 ], [ -8.41444875, 43.36518731 ], [ -8.41446554, 43.36517416 ], [ -8.41461391, 43.36509174 ], [ -8.41476063, 43.36502216 ], [ -8.41496353, 43.36495485 ], [ -8.41517164, 43.36491332 ], [ -8.41530428, 43.36490346 ], [ -8.41546931, 43.36489123 ], [ -8.41562552, 43.36487946 ], [ -8.41579499, 43.3648666 ], [ -8.4160737, 43.36487688 ], [ -8.41648154, 43.36493026 ], [ -8.41662633, 43.36492993 ], [ -8.4167365, 43.36492138 ], [ -8.41691436, 43.36493564 ], [ -8.41743383, 43.36502086 ], [ -8.41777129, 43.36510836 ], [ -8.41798106, 43.36520551 ], [ -8.41814261, 43.36528028 ], [ -8.41818183, 43.36529837 ], [ -8.418246, 43.36532817 ], [ -8.41858381, 43.36527217 ], [ -8.41889282, 43.36522107 ], [ -8.41888418, 43.36521011 ], [ -8.41885957, 43.36517899 ], [ -8.41877708, 43.36505432 ], [ -8.41935052, 43.36471319 ], [ -8.41971881, 43.36449398 ], [ -8.41980828, 43.36444066 ], [ -8.42013931, 43.36424372 ], [ -8.42022942, 43.36421482 ], [ -8.42055936, 43.36410917 ], [ -8.4206445, 43.36451136 ], [ -8.42069693, 43.36474963 ], [ -8.42070001, 43.36482592 ], [ -8.42070121, 43.36485691 ], [ -8.42076027, 43.36512291 ], [ -8.42079439, 43.36520621 ], [ -8.42079967, 43.3652198 ], [ -8.42094523, 43.36559156 ], [ -8.42096842, 43.36567 ], [ -8.42144858, 43.36555997 ], [ -8.42138566, 43.36605307 ], [ -8.42146985, 43.36613335 ], [ -8.42182902, 43.36632231 ], [ -8.42187239, 43.36663214 ], [ -8.42179762, 43.36665336 ], [ -8.42176559, 43.36713961 ], [ -8.4214533, 43.36719314 ], [ -8.42114842, 43.36724501 ], [ -8.42102269, 43.36726642 ], [ -8.42057164, 43.36734321 ], [ -8.42060491, 43.36738525 ], [ -8.42010893, 43.36746738 ], [ -8.41935141, 43.36759274 ], [ -8.41931829, 43.36759826 ], [ -8.41660396, 43.36804747 ], [ -8.41612816, 43.36812628 ], [ -8.41606662, 43.36813244 ], [ -8.41606462, 43.36813265 ], [ -8.41599993, 43.36813923 ], [ -8.41583674, 43.36814471 ], [ -8.4157639, 43.36814179 ], [ -8.41568348, 43.36813499 ], [ -8.41566612, 43.36813355 ], [ -8.41557141, 43.3681256 ], [ -8.41540503, 43.36809691 ], [ -8.41527389, 43.3680668 ], [ -8.41506294, 43.36801845 ], [ -8.41490026, 43.36796314 ], [ -8.41474134, 43.36789778 ], [ -8.4145319, 43.36779296 ], [ -8.41444683, 43.36774479 ], [ -8.41427268, 43.36762739 ], [ -8.41419495, 43.36756289 ], [ -8.41419116, 43.36755974 ], [ -8.41438913, 43.36739521 ], [ -8.41453627, 43.36728458 ], [ -8.41480609, 43.36712449 ], [ -8.415039, 43.36705343 ], [ -8.41529764, 43.36701932 ], [ -8.41573901, 43.36693836 ], [ -8.41623297, 43.36686035 ], [ -8.41606944, 43.36628446 ], [ -8.41584851, 43.36632223 ], [ -8.41528803, 43.36640885 ], [ -8.41514706, 43.366421 ], [ -8.41501905, 43.36641072 ], [ -8.4147109, 43.36639263 ], [ -8.41405592, 43.36634191 ], [ -8.41364771, 43.36631542 ] ] ] ] } },
{ "type": "Feature", "properties": { "CUSEC": "1503005006", "income_mean_household": 44881.0, "income_mean_person": 19953.0, "poverty_fixed_7500eur": 5.4, "poverty_relative_below60pct": 12.5, "affluence_relative_above200pct": 19.0, "child_poverty_relative_below60pct": null, "gini_index": 32.4, "p80p20_ratio": 2.7, "pct_under18": 15.2, "pct_over65": 27.7, "income_source_salary": 61.6, "income_source_pensions": 23.4, "income_source_unemployment": 1.1, "income_source_other_benefits": 2.8, "income_source_other_income": 11.2 }, "geometry": { "type": "MultiPolygon", "coordinates": [ [ [ [ -8.41720049, 43.37143817 ], [ -8.41742441, 43.37056396 ], [ -8.41789476, 43.37058623 ], [ -8.41838973, 43.37056209 ], [ -8.4193477, 43.37042016 ], [ -8.42006769, 43.37012594 ], [ -8.42011509, 43.37010044 ], [ -8.42012809, 43.37010924 ], [ -8.42014113, 43.37011633 ], [ -8.42015504, 43.37012233 ], [ -8.42016973, 43.37012727 ], [ -8.42018503, 43.37013104 ], [ -8.42020082, 43.37013355 ], [ -8.420217, 43.370135 ], [ -8.4202331, 43.37013508 ], [ -8.42024931, 43.37013398 ], [ -8.42026514, 43.37013164 ], [ -8.4202806, 43.37012814 ], [ -8.42029547, 43.37012341 ], [ -8.42031069, 43.37011699 ], [ -8.42032273, 43.37011087 ], [ -8.42033489, 43.37010299 ], [ -8.42034584, 43.3700943 ], [ -8.42035553, 43.37008484 ], [ -8.42036382, 43.3700747 ], [ -8.42037055, 43.37006394 ], [ -8.42037577, 43.37005278 ], [ -8.4203793, 43.37004118 ], [ -8.42038114, 43.37002949 ], [ -8.42038125, 43.37001769 ], [ -8.42037974, 43.37000589 ], [ -8.42037651, 43.36999433 ], [ -8.42037171, 43.36998306 ], [ -8.42036541, 43.36997222 ], [ -8.42035661, 43.3699611 ], [ -8.42040871, 43.36993294 ], [ -8.420479, 43.36987619 ], [ -8.42060205, 43.36977063 ], [ -8.42065055, 43.3697212 ], [ -8.42071014, 43.36966035 ], [ -8.42080544, 43.36954376 ], [ -8.42088546, 43.3694209 ], [ -8.4209264, 43.36934872 ], [ -8.42095428, 43.36928251 ], [ -8.42098231, 43.36920592 ], [ -8.42100754, 43.36910868 ], [ -8.42103054, 43.36899859 ], [ -8.42104637, 43.36887062 ], [ -8.421049, 43.36881176 ], [ -8.42064212, 43.36747015 ], [ -8.42062966, 43.36742922 ], [ -8.42060491, 43.36738525 ], [ -8.42057164, 43.36734321 ], [ -8.42102269, 43.36726642 ], [ -8.42114842, 43.36724501 ], [ -8.4214533, 43.36719314 ], [ -8.42176559, 43.36713961 ], [ -8.42181875, 43.36713096 ], [ -8.42203997, 43.36747723 ], [ -8.42215429, 43.3676562 ], [ -8.42220065, 43.36773559 ], [ -8.42238521, 43.36801933 ], [ -8.42256022, 43.36856963 ], [ -8.42421484, 43.3682906 ], [ -8.42428703, 43.36827837 ], [ -8.42428818, 43.36827817 ], [ -8.42450836, 43.36839823 ], [ -8.4245604, 43.36984673 ], [ -8.42513063, 43.37078111 ], [ -8.42509972, 43.37078786 ], [ -8.42441831, 43.37071351 ], [ -8.42414415, 43.37069059 ], [ -8.4239869, 43.37066199 ], [ -8.42291331, 43.37086072 ], [ -8.42278104, 43.3709046 ], [ -8.4220912, 43.37122666 ], [ -8.4219391, 43.37112837 ], [ -8.42158248, 43.37089786 ], [ -8.42141655, 43.3710699 ], [ -8.42123941, 43.37125342 ], [ -8.42102859, 43.37143538 ], [ -8.42081576, 43.37164539 ], [ -8.42050592, 43.37195106 ], [ -8.42050176, 43.37197159 ], [ -8.4204739, 43.37211175 ], [ -8.42004821, 43.37206688 ], [ -8.41993798, 43.37198997 ], [ -8.41984689, 43.37201399 ], [ -8.41974554, 43.37200117 ], [ -8.41947225, 43.37196644 ], [ -8.41925845, 43.37193936 ], [ -8.41915938, 43.37196485 ], [ -8.41907645, 43.37198616 ], [ -8.41899448, 43.37201605 ], [ -8.41901595, 43.37207108 ], [ -8.41877905, 43.37223118 ], [ -8.41841631, 43.37208147 ], [ -8.41843828, 43.37177434 ], [ -8.41829298, 43.37152918 ], [ -8.41846799, 43.37127779 ], [ -8.41829306, 43.37111506 ], [ -8.41786587, 43.37130642 ], [ -8.41720049, 43.37143817 ] ] ] ] } },
{ "type": "Feature", "properties": { "CUSEC": "1503005007", "income_mean_household": 45365.0, "income_mean_person": 19520.0, "poverty_fixed_7500eur": 4.5, "poverty_relative_below60pct": 12.8, "affluence_relative_above200pct": 19.0, "child_poverty_relative_below60pct": null, "gini_index": 29.5, "p80p20_ratio": 2.6, "pct_under18": 11.8, "pct_over65": 29.8, "income_source_salary": 60.1, "income_source_pensions": 25.7, "income_source_unemployment": 1.1, "income_source_other_benefits": 2.3, "income_source_other_income": 10.8 }, "geometry": { "type": "MultiPolygon", "coordinates": [ [ [ [ -8.42220065, 43.36773559 ], [ -8.42261581, 43.36763924 ], [ -8.42272996, 43.36763787 ], [ -8.4229049, 43.36758478 ], [ -8.4229856, 43.36758294 ], [ -8.42291996, 43.3675059 ], [ -8.42290177, 43.36748158 ], [ -8.42254165, 43.36699955 ], [ -8.42346171, 43.36666563 ], [ -8.42369774, 43.36658 ], [ -8.42458062, 43.36625966 ], [ -8.4245806, 43.36626029 ], [ -8.42461691, 43.3662475 ], [ -8.42461503, 43.36630795 ], [ -8.42461261, 43.36636081 ], [ -8.42461057, 43.36645024 ], [ -8.42460827, 43.36653654 ], [ -8.42460433, 43.36664484 ], [ -8.42460185, 43.36675309 ], [ -8.42459929, 43.3668206 ], [ -8.42459022, 43.3671198 ], [ -8.42458129, 43.36742841 ], [ -8.42457105, 43.36772245 ], [ -8.42456388, 43.3679145 ], [ -8.42456084, 43.36801726 ], [ -8.42456046, 43.36802834 ], [ -8.42456053, 43.36803164 ], [ -8.42454381, 43.36803203 ], [ -8.42450454, 43.36803537 ], [ -8.42446368, 43.36804307 ], [ -8.42442326, 43.36805543 ], [ -8.42439239, 43.36807048 ], [ -8.42436256, 43.36808914 ], [ -8.42433657, 43.36811075 ], [ -8.42431761, 43.36813097 ], [ -8.4243044, 43.36815146 ], [ -8.42429081, 43.36817561 ], [ -8.42428444, 43.36820045 ], [ -8.42428058, 43.36822936 ], [ -8.42428225, 43.36825593 ], [ -8.42428658, 43.36827244 ], [ -8.42428703, 43.36827837 ], [ -8.42421484, 43.3682906 ], [ -8.42256022, 43.36856963 ], [ -8.42238521, 43.36801933 ], [ -8.42220065, 43.36773559 ] ] ] ] } },
{ "type": "Feature", "properties": { "CUSEC": "1503005008", "income_mean_household": 33139.0, "income_mean_person": 14627.0, "poverty_fixed_7500eur": 11.4, "poverty_relative_below60pct": 26.0, "affluence_relative_above200pct": 7.8, "child_poverty_relative_below60pct": null, "gini_index": 32.1, "p80p20_ratio": 2.9, "pct_under18": 12.9, "pct_over65": 27.9, "income_source_salary": 52.9, "income_source_pensions": 32.8, "income_source_unemployment": 2.1, "income_source_other_benefits": 4.7, "income_source_other_income": 7.4 }, "geometry": { "type": "MultiPolygon", "coordinates": [ [ [ [ -8.42526882, 43.37261458 ], [ -8.42458005, 43.37254728 ], [ -8.42389945, 43.37248083 ], [ -8.42368196, 43.37245967 ], [ -8.42344281, 43.37241225 ], [ -8.423262, 43.37234426 ], [ -8.42326147, 43.37234407 ], [ -8.4231378, 43.37226702 ], [ -8.42285452, 43.37198366 ], [ -8.42271684, 43.37184598 ], [ -8.42263516, 43.37176509 ], [ -8.4220912, 43.37122666 ], [ -8.42278104, 43.3709046 ], [ -8.42291331, 43.37086072 ], [ -8.4239869, 43.37066199 ], [ -8.42414415, 43.37069059 ], [ -8.42441831, 43.37071351 ], [ -8.42509972, 43.37078786 ], [ -8.42513063, 43.37078111 ], [ -8.42746172, 43.37027366 ], [ -8.42772341, 43.37040927 ], [ -8.4282086, 43.37053636 ], [ -8.4287478, 43.37051987 ], [ -8.42933805, 43.37066668 ], [ -8.42937359, 43.37107925 ], [ -8.43023363, 43.37140823 ], [ -8.43014159, 43.37145431 ], [ -8.42978835, 43.37161236 ], [ -8.42943214, 43.37174489 ], [ -8.42906409, 43.37187007 ], [ -8.42891316, 43.37193135 ], [ -8.42877217, 43.37200143 ], [ -8.42875456, 43.37201307 ], [ -8.42867368, 43.37206659 ], [ -8.42853814, 43.37217342 ], [ -8.42844837, 43.37225673 ], [ -8.42833762, 43.37236801 ], [ -8.42809391, 43.37263242 ], [ -8.42798806, 43.37273291 ], [ -8.42797114, 43.37274806 ], [ -8.42795567, 43.3727619 ], [ -8.42788538, 43.3728248 ], [ -8.42780772, 43.37287708 ], [ -8.42771533, 43.37292353 ], [ -8.42758749, 43.37295687 ], [ -8.42757034, 43.3729589 ], [ -8.42748653, 43.37296931 ], [ -8.42734606, 43.37297007 ], [ -8.42721177, 43.37295497 ], [ -8.42597345, 43.37266773 ], [ -8.42586093, 43.37265042 ], [ -8.42571585, 43.37263351 ], [ -8.42527773, 43.37258763 ], [ -8.42526882, 43.37261458 ] ] ] ] } },
{ "type": "Feature", "properties": { "CUSEC": "1503005009", "income_mean_household": 40095.0, "income_mean_person": 18179.0, "poverty_fixed_7500eur": 6.8, "poverty_relative_below60pct": 15.0, "affluence_relative_above200pct": 15.6, "child_poverty_relative_below60pct": null, "gini_index": 31.0, "p80p20_ratio": 2.8, "pct_under18": 14.0, "pct_over65": 26.4, "income_source_salary": 59.7, "income_source_pensions": 24.0, "income_source_unemployment": 1.1, "income_source_other_benefits": 3.7, "income_source_other_income": 11.5 }, "geometry": { "type": "MultiPolygon", "coordinates": [ [ [ [ -8.41909721, 43.37329099 ], [ -8.41907656, 43.37325639 ], [ -8.41920559, 43.37304322 ], [ -8.41912046, 43.37222804 ], [ -8.41878792, 43.37223483 ], [ -8.41877905, 43.37223118 ], [ -8.41901595, 43.37207108 ], [ -8.41899448, 43.37201605 ], [ -8.41907645, 43.37198616 ], [ -8.41915938, 43.37196485 ], [ -8.41925845, 43.37193936 ], [ -8.41947225, 43.37196644 ], [ -8.41974554, 43.37200117 ], [ -8.41984689, 43.37201399 ], [ -8.41993798, 43.37198997 ], [ -8.42004821, 43.37206688 ], [ -8.4204739, 43.37211175 ], [ -8.42050176, 43.37197159 ], [ -8.42050592, 43.37195106 ], [ -8.42081576, 43.37164539 ], [ -8.42102859, 43.37143538 ], [ -8.42123941, 43.37125342 ], [ -8.42141655, 43.3710699 ], [ -8.42158248, 43.37089786 ], [ -8.4219391, 43.37112837 ], [ -8.4220912, 43.37122666 ], [ -8.42263516, 43.37176509 ], [ -8.42271684, 43.37184598 ], [ -8.42285452, 43.37198366 ], [ -8.4231378, 43.37226702 ], [ -8.42326147, 43.37234407 ], [ -8.423262, 43.37234426 ], [ -8.42325451, 43.37234677 ], [ -8.42320744, 43.37236466 ], [ -8.42316085, 43.37238235 ], [ -8.4230921, 43.37238654 ], [ -8.42296941, 43.37238587 ], [ -8.42292853, 43.37238564 ], [ -8.42290938, 43.37238553 ], [ -8.42288794, 43.37238541 ], [ -8.42287027, 43.37238341 ], [ -8.42286027, 43.37238227 ], [ -8.42230095, 43.37231888 ], [ -8.42201554, 43.37228655 ], [ -8.4217412, 43.37225545 ], [ -8.42130962, 43.37220651 ], [ -8.4210036, 43.37217177 ], [ -8.42093861, 43.37216439 ], [ -8.42072707, 43.37214047 ], [ -8.42069899, 43.37228025 ], [ -8.42069428, 43.37230227 ], [ -8.42068916, 43.37232639 ], [ -8.42068786, 43.37233248 ], [ -8.42065681, 43.37235862 ], [ -8.42063601, 43.37237589 ], [ -8.4204682, 43.37251538 ], [ -8.42041475, 43.37255979 ], [ -8.42035608, 43.37258738 ], [ -8.42022891, 43.37264964 ], [ -8.42016774, 43.37274063 ], [ -8.42011826, 43.37282966 ], [ -8.42010647, 43.37294143 ], [ -8.42006943, 43.37312518 ], [ -8.42002676, 43.37335686 ], [ -8.42001908, 43.37339884 ], [ -8.42001869, 43.37340101 ], [ -8.4198409, 43.37337978 ], [ -8.41909721, 43.37329099 ] ] ] ] } },
{ "type": "Feature", "properties": { "CUSEC": "1503005010", "income_mean_household": 28492.0, "income_mean_person": 13230.0, "poverty_fixed_7500eur": 12.1, "poverty_relative_below60pct": 29.4, "affluence_relative_above200pct": 5.7, "child_poverty_relative_below60pct": null, "gini_index": 31.7, "p80p20_ratio": 2.8, "pct_under18": 10.7, "pct_over65": 23.7, "income_source_salary": 61.8, "income_source_pensions": 24.4, "income_source_unemployment": 2.3, "income_source_other_benefits": 4.5, "income_source_other_income": 6.9 }, "geometry": { "type": "MultiPolygon", "coordinates": [ [ [ [ -8.41909721, 43.37329099 ], [ -8.4198409, 43.37337978 ], [ -8.42001869, 43.37340101 ], [ -8.42001908, 43.37339884 ], [ -8.42001129, 43.37345475 ], [ -8.42014698, 43.37349241 ], [ -8.42026903, 43.37352607 ], [ -8.42043123, 43.37355286 ], [ -8.42080872, 43.37361517 ], [ -8.42098674, 43.37364454 ], [ -8.42104941, 43.37365273 ], [ -8.42109916, 43.37365908 ], [ -8.42116512, 43.37366777 ], [ -8.42133315, 43.3737053 ], [ -8.42148754, 43.37372556 ], [ -8.42165463, 43.37374746 ], [ -8.42178485, 43.37376451 ], [ -8.4218202, 43.37376724 ], [ -8.42192192, 43.37377486 ], [ -8.42209061, 43.37378751 ], [ -8.4222703, 43.37380105 ], [ -8.42236241, 43.37382102 ], [ -8.42245247, 43.37384056 ], [ -8.42262051, 43.373877 ], [ -8.42266218, 43.37388684 ], [ -8.42274184, 43.37390577 ], [ -8.4228576, 43.37393326 ], [ -8.42306549, 43.37398265 ], [ -8.42328465, 43.37403489 ], [ -8.42332517, 43.37405984 ], [ -8.42335553, 43.37407857 ], [ -8.42337877, 43.37408408 ], [ -8.42342375, 43.37409476 ], [ -8.4235048, 43.37411398 ], [ -8.42356657, 43.37412859 ], [ -8.42363791, 43.3741455 ], [ -8.42370796, 43.37416208 ], [ -8.42376982, 43.37417672 ], [ -8.42378765, 43.37418309 ], [ -8.42383062, 43.37419867 ], [ -8.42388686, 43.37421904 ], [ -8.42393953, 43.37423812 ], [ -8.42397294, 43.37425018 ], [ -8.42399885, 43.37426041 ], [ -8.42405491, 43.3742828 ], [ -8.42418098, 43.37433316 ], [ -8.42433711, 43.3743963 ], [ -8.42410771, 43.37470557 ], [ -8.42388182, 43.37501005 ], [ -8.42382527, 43.37508629 ], [ -8.42359397, 43.3754121 ], [ -8.42357908, 43.37550954 ], [ -8.42353656, 43.37591976 ], [ -8.42350694, 43.37620622 ], [ -8.42354642, 43.37621763 ], [ -8.42318469, 43.37762743 ], [ -8.42260026, 43.37788709 ], [ -8.42241002, 43.37755406 ], [ -8.42205231, 43.37741805 ], [ -8.42192812, 43.37727089 ], [ -8.42209959, 43.37711872 ], [ -8.42198633, 43.376818 ], [ -8.4212509, 43.37673594 ], [ -8.42107192, 43.37652843 ], [ -8.42097094, 43.37622712 ], [ -8.42065326, 43.37612521 ], [ -8.42047032, 43.37587284 ], [ -8.42017085, 43.37569801 ], [ -8.42048747, 43.37551192 ], [ -8.42056733, 43.37530106 ], [ -8.42024009, 43.37509158 ], [ -8.41994358, 43.37508768 ], [ -8.41955993, 43.37521394 ], [ -8.41967591, 43.37499238 ], [ -8.41952708, 43.37484641 ], [ -8.41986245, 43.37390321 ], [ -8.41944143, 43.37388722 ], [ -8.41917566, 43.37367479 ], [ -8.41920718, 43.37347526 ], [ -8.41909721, 43.37329099 ] ] ] ] } },
{ "type": "Feature", "properties": { "CUSEC": "1503005011", "income_mean_household": 26484.0, "income_mean_person": 11305.0, "poverty_fixed_7500eur": 21.3, "poverty_relative_below60pct": 38.6, "affluence_relative_above200pct": 3.5, "child_poverty_relative_below60pct": null, "gini_index": 32.5, "p80p20_ratio": 3.3, "pct_under18": 17.1, "pct_over65": 20.4, "income_source_salary": 58.7, "income_source_pensions": 23.8, "income_source_unemployment": 2.2, "income_source_other_benefits": 9.1, "income_source_other_income": 6.2 }, "geometry": { "type": "MultiPolygon", "coordinates": [ [ [ [ -8.43466039, 43.36983629 ], [ -8.43634313, 43.37007084 ], [ -8.43838353, 43.3706881 ], [ -8.43991183, 43.37069142 ], [ -8.44108853, 43.3704876 ], [ -8.44223949, 43.37037318 ], [ -8.44235064, 43.37038729 ], [ -8.44308494, 43.37048049 ], [ -8.44410025, 43.37087981 ], [ -8.44496512, 43.37156735 ], [ -8.44529851, 43.37178962 ], [ -8.446444, 43.37225653 ], [ -8.44698599, 43.37254742 ], [ -8.44690948, 43.37271864 ], [ -8.44687952, 43.3727056 ], [ -8.44685005, 43.37275971 ], [ -8.44657226, 43.37326941 ], [ -8.44704725, 43.37333676 ], [ -8.44725594, 43.37346182 ], [ -8.4474033, 43.37400392 ], [ -8.44732854, 43.37413351 ], [ -8.44772944, 43.37447446 ], [ -8.44779787, 43.37468725 ], [ -8.44821464, 43.37479337 ], [ -8.44812151, 43.37568002 ], [ -8.44796352, 43.37611969 ], [ -8.44788308, 43.37673569 ], [ -8.44719048, 43.37699384 ], [ -8.44687016, 43.37700015 ], [ -8.44701501, 43.37710129 ], [ -8.44722872, 43.37714506 ], [ -8.44732923, 43.3773023 ], [ -8.44704032, 43.37765821 ], [ -8.44664929, 43.37783894 ], [ -8.44649492, 43.37804436 ], [ -8.44624675, 43.37802918 ], [ -8.4460761, 43.37819038 ], [ -8.4462034, 43.37850842 ], [ -8.44603597, 43.37870545 ], [ -8.44573514, 43.37879183 ], [ -8.44530207, 43.37864148 ], [ -8.44517858, 43.37850333 ], [ -8.44451856, 43.37884994 ], [ -8.44426229, 43.37929431 ], [ -8.44364952, 43.37975564 ], [ -8.44329292, 43.37990772 ], [ -8.44295872, 43.37989668 ], [ -8.44271315, 43.37977338 ], [ -8.44252377, 43.37986344 ], [ -8.44261121, 43.38001231 ], [ -8.4421603, 43.38021386 ], [ -8.44186715, 43.38011085 ], [ -8.44142271, 43.3803841 ], [ -8.44132954, 43.38072164 ], [ -8.44079317, 43.38107132 ], [ -8.4406589, 43.38150085 ], [ -8.44019569, 43.38170299 ], [ -8.43966, 43.38164752 ], [ -8.43936851, 43.38156241 ], [ -8.43875479, 43.38160072 ], [ -8.43841039, 43.38133807 ], [ -8.4377842, 43.38151197 ], [ -8.43757895, 43.38128771 ], [ -8.43659476, 43.38146067 ], [ -8.43616027, 43.38115731 ], [ -8.43548034, 43.38114471 ], [ -8.43551928, 43.38089079 ], [ -8.43471687, 43.38019988 ], [ -8.43423975, 43.38038467 ], [ -8.43380528, 43.38008129 ], [ -8.4336298, 43.38018868 ], [ -8.43351303, 43.38040129 ], [ -8.43311281, 43.3802043 ], [ -8.43290228, 43.38019632 ], [ -8.43271845, 43.37993502 ], [ -8.43273285, 43.37968231 ], [ -8.43316458, 43.37967972 ], [ -8.43348466, 43.37980852 ], [ -8.43351372, 43.37958206 ], [ -8.4332452, 43.37947782 ], [ -8.43304586, 43.37918121 ], [ -8.43254953, 43.37956499 ], [ -8.43227837, 43.37956887 ], [ -8.43210656, 43.37944203 ], [ -8.43205206, 43.37924658 ], [ -8.43185967, 43.37916574 ], [ -8.43181847, 43.37884362 ], [ -8.43155135, 43.37889235 ], [ -8.43107285, 43.37851004 ], [ -8.43075734, 43.37857011 ], [ -8.43052755, 43.37834696 ], [ -8.4302382, 43.3784238 ], [ -8.4298861, 43.37835052 ], [ -8.43003223, 43.37819052 ], [ -8.42982356, 43.37806544 ], [ -8.42960208, 43.3777969 ], [ -8.42920083, 43.37772596 ], [ -8.42888844, 43.37740778 ], [ -8.42854598, 43.37744209 ], [ -8.42820881, 43.37726008 ], [ -8.42770577, 43.37729303 ], [ -8.42565085, 43.37708477 ], [ -8.42510425, 43.3771828 ], [ -8.42506687, 43.37745466 ], [ -8.4253447, 43.37780153 ], [ -8.42510989, 43.37807376 ], [ -8.42465197, 43.37805954 ], [ -8.42422053, 43.37792705 ], [ -8.42396083, 43.37792137 ], [ -8.423854, 43.37769242 ], [ -8.42416652, 43.37746149 ], [ -8.42409067, 43.37730306 ], [ -8.42419197, 43.37705517 ], [ -8.42400708, 43.37691995 ], [ -8.42368649, 43.37706122 ], [ -8.42337175, 43.37754432 ], [ -8.42318469, 43.37762743 ], [ -8.42354642, 43.37621763 ], [ -8.42350694, 43.37620622 ], [ -8.42353656, 43.37591976 ], [ -8.42357908, 43.37550954 ], [ -8.42359397, 43.3754121 ], [ -8.42382527, 43.37508629 ], [ -8.42388182, 43.37501005 ], [ -8.42410771, 43.37470557 ], [ -8.42433711, 43.3743963 ], [ -8.42433756, 43.3743957 ], [ -8.42433762, 43.37439553 ], [ -8.42436625, 43.37440595 ], [ -8.424471, 43.37444345 ], [ -8.42457687, 43.37448131 ], [ -8.42467616, 43.37451683 ], [ -8.42474056, 43.3745141 ], [ -8.42484619, 43.3745472 ], [ -8.42489282, 43.37456502 ], [ -8.42503907, 43.37462091 ], [ -8.42511342, 43.37464935 ], [ -8.42523699, 43.37467654 ], [ -8.4252831, 43.37471036 ], [ -8.42533551, 43.3747496 ], [ -8.42536447, 43.37477693 ], [ -8.42543929, 43.37484797 ], [ -8.42546452, 43.3748792 ], [ -8.42548071, 43.37492228 ], [ -8.42549587, 43.37496266 ], [ -8.42554024, 43.37503002 ], [ -8.42558637, 43.3750991 ], [ -8.42562787, 43.37516132 ], [ -8.42565326, 43.37519935 ], [ -8.42571095, 43.37527414 ], [ -8.42577647, 43.37535248 ], [ -8.42582395, 43.37540926 ], [ -8.42586908, 43.37539643 ], [ -8.42591646, 43.37538265 ], [ -8.42601792, 43.37536277 ], [ -8.42613021, 43.37534147 ], [ -8.42622058, 43.37527869 ], [ -8.42620522, 43.37525637 ], [ -8.42619452, 43.37523207 ], [ -8.42615208, 43.37516497 ], [ -8.42614289, 43.37504842 ], [ -8.42615372, 43.37503373 ], [ -8.42618178, 43.37499429 ], [ -8.42620795, 43.37496115 ], [ -8.42624965, 43.37492459 ], [ -8.42627263, 43.37489953 ], [ -8.42631873, 43.37490012 ], [ -8.42638204, 43.3749009 ], [ -8.42644153, 43.37490165 ], [ -8.42649608, 43.37490433 ], [ -8.42655337, 43.3749096 ], [ -8.42657189, 43.37495535 ], [ -8.42658922, 43.37499971 ], [ -8.42659359, 43.37503496 ], [ -8.42660072, 43.37510108 ], [ -8.42658872, 43.37513001 ], [ -8.42658119, 43.3751543 ], [ -8.42661703, 43.37517473 ], [ -8.42667032, 43.37521385 ], [ -8.42673325, 43.37525161 ], [ -8.42677553, 43.37527619 ], [ -8.42682178, 43.37529084 ], [ -8.42688252, 43.37531077 ], [ -8.42687159, 43.37533011 ], [ -8.42684558, 43.37537616 ], [ -8.42681525, 43.37542363 ], [ -8.42678294, 43.37547383 ], [ -8.42676153, 43.3755071 ], [ -8.42668923, 43.37561942 ], [ -8.42666971, 43.37564758 ], [ -8.42663329, 43.37569467 ], [ -8.4265918, 43.37574829 ], [ -8.42666349, 43.37580808 ], [ -8.42668713, 43.37583613 ], [ -8.42673883, 43.37590499 ], [ -8.42675987, 43.3759291 ], [ -8.42677275, 43.3759366 ], [ -8.42682527, 43.37596489 ], [ -8.42686359, 43.37598333 ], [ -8.42690668, 43.37600557 ], [ -8.42700005, 43.37604328 ], [ -8.42709273, 43.37608586 ], [ -8.42714299, 43.37610129 ], [ -8.42722421, 43.37612742 ], [ -8.42726761, 43.37614076 ], [ -8.42728054, 43.37616121 ], [ -8.42732328, 43.37621672 ], [ -8.42736096, 43.37626516 ], [ -8.42738349, 43.37628111 ], [ -8.42742332, 43.37630433 ], [ -8.42748661, 43.37634103 ], [ -8.42754883, 43.37637859 ], [ -8.42760319, 43.3764149 ], [ -8.42769894, 43.37647922 ], [ -8.42774165, 43.3765096 ], [ -8.42780293, 43.37654883 ], [ -8.42781874, 43.37656428 ], [ -8.42784115, 43.37656646 ], [ -8.42789341, 43.37657937 ], [ -8.4279865, 43.37660167 ], [ -8.42804644, 43.3766134 ], [ -8.42807, 43.3766285 ], [ -8.4281453, 43.37666299 ], [ -8.42821492, 43.37669614 ], [ -8.42827195, 43.37672505 ], [ -8.4283068, 43.37674203 ], [ -8.42836104, 43.37676455 ], [ -8.4284255, 43.37678986 ], [ -8.42855895, 43.37684103 ], [ -8.42858445, 43.37685279 ], [ -8.42866552, 43.37686514 ], [ -8.42870408, 43.37687383 ], [ -8.42878305, 43.37689927 ], [ -8.42878309, 43.3769004 ], [ -8.42889515, 43.37694071 ], [ -8.42895756, 43.37701637 ], [ -8.42906564, 43.37712155 ], [ -8.42926026, 43.37717275 ], [ -8.4293811, 43.37713571 ], [ -8.42955949, 43.37708636 ], [ -8.42974948, 43.37702449 ], [ -8.42995125, 43.37692504 ], [ -8.43025056, 43.37683025 ], [ -8.4304582, 43.37671824 ], [ -8.43068306, 43.37661051 ], [ -8.43094804, 43.376503 ], [ -8.43108914, 43.37647316 ], [ -8.43116082, 43.37645803 ], [ -8.43135545, 43.37650924 ], [ -8.43163023, 43.37658175 ], [ -8.43181331, 43.37664126 ], [ -8.43213947, 43.37674755 ], [ -8.43243108, 43.37685784 ], [ -8.43276883, 43.3769516 ], [ -8.43307271, 43.3769824 ], [ -8.43338856, 43.37695884 ], [ -8.43353215, 43.37694702 ], [ -8.43364765, 43.37686803 ], [ -8.43385436, 43.37685652 ], [ -8.43413582, 43.37683278 ], [ -8.43442873, 43.37680491 ], [ -8.43482555, 43.37671478 ], [ -8.43518777, 43.37664541 ], [ -8.43553209, 43.37664711 ], [ -8.43575629, 43.37660215 ], [ -8.43592872, 43.37657372 ], [ -8.43599256, 43.37649864 ], [ -8.43605126, 43.37635659 ], [ -8.43617873, 43.37622747 ], [ -8.43628151, 43.37628238 ], [ -8.43636659, 43.37639165 ], [ -8.43642314, 43.37648405 ], [ -8.43661751, 43.37656454 ], [ -8.43680092, 43.37659056 ], [ -8.4369848, 43.37656218 ], [ -8.43714537, 43.3765755 ], [ -8.43731732, 43.37659729 ], [ -8.43747201, 43.37662734 ], [ -8.43759855, 43.37659868 ], [ -8.43763344, 43.37654862 ], [ -8.43762863, 43.37644391 ], [ -8.43760102, 43.37633074 ], [ -8.43764801, 43.37621376 ], [ -8.43770682, 43.37605919 ], [ -8.43766811, 43.37589991 ], [ -8.43752607, 43.37574846 ], [ -8.43744116, 43.37561829 ], [ -8.43752788, 43.37555175 ], [ -8.43763789, 43.37544344 ], [ -8.43775421, 43.37527657 ], [ -8.43786465, 43.37512641 ], [ -8.43798102, 43.37495533 ], [ -8.43808611, 43.37475907 ], [ -8.43820251, 43.37458383 ], [ -8.43829035, 43.3743959 ], [ -8.43828633, 43.37420748 ], [ -8.43827679, 43.37399813 ], [ -8.43828973, 43.37383912 ], [ -8.43828064, 43.37357952 ], [ -8.43827605, 43.37345807 ], [ -8.43827172, 43.37330316 ], [ -8.43825585, 43.37316075 ], [ -8.43821711, 43.37300148 ], [ -8.43817241, 43.37287151 ], [ -8.43810451, 43.37276651 ], [ -8.43800787, 43.37266555 ], [ -8.43788278, 43.37253936 ], [ -8.43772863, 43.37245904 ], [ -8.43751128, 43.37238263 ], [ -8.43731703, 43.37228957 ], [ -8.43711703, 43.37219649 ], [ -8.43702488, 43.37223374 ], [ -8.43698971, 43.37231307 ], [ -8.4371038, 43.37238483 ], [ -8.43712014, 43.37247701 ], [ -8.43702172, 43.37257278 ], [ -8.43686619, 43.37263482 ], [ -8.4366826, 43.37260486 ], [ -8.43639379, 43.3724579 ], [ -8.43608682, 43.37231085 ], [ -8.43572595, 43.37211061 ], [ -8.43547404, 43.37189765 ], [ -8.43525886, 43.37163199 ], [ -8.43515337, 43.37127424 ], [ -8.4350301, 43.37087673 ], [ -8.4348353, 43.37037298 ], [ -8.43466039, 43.36983629 ] ] ] ] } },
{ "type": "Feature", "properties": { "CUSEC": "1503005012", "income_mean_household": 34751.0, "income_mean_person": 14261.0, "poverty_fixed_7500eur": 6.4, "poverty_relative_below60pct": 15.6, "affluence_relative_above200pct": 4.9, "child_poverty_relative_below60pct": null, "gini_index": 26.0, "p80p20_ratio": 2.1, "pct_under18": 15.4, "pct_over65": 16.4, "income_source_salary": 68.6, "income_source_pensions": 18.4, "income_source_unemployment": 2.0, "income_source_other_benefits": 4.0, "income_source_other_income": 7.2 }, "geometry": { "type": "MultiPolygon", "coordinates": [ [ [ [ -8.42723635, 43.3608086 ], [ -8.42743644, 43.36094988 ], [ -8.4276831, 43.36114372 ], [ -8.42798281, 43.36134459 ], [ -8.42827728, 43.36156005 ], [ -8.42843146, 43.36167223 ], [ -8.42860309, 43.36175968 ], [ -8.42883685, 43.36188241 ], [ -8.42898848, 43.36196603 ], [ -8.42907926, 43.36202864 ], [ -8.42917303, 43.36212457 ], [ -8.42923289, 43.36220778 ], [ -8.42930438, 43.3623478 ], [ -8.42937417, 43.36246878 ], [ -8.42937744, 43.36257858 ], [ -8.4293695, 43.36263633 ], [ -8.42931972, 43.3627391 ], [ -8.42932625, 43.36273879 ], [ -8.42929306, 43.3628073 ], [ -8.42930467, 43.36289205 ], [ -8.42942269, 43.36301625 ], [ -8.42948855, 43.36307962 ], [ -8.4296851, 43.36337633 ], [ -8.42977767, 43.36343012 ], [ -8.42989711, 43.36344528 ], [ -8.43011591, 43.36349971 ], [ -8.43018193, 43.3635485 ], [ -8.43024095, 43.36363122 ], [ -8.43024674, 43.36371852 ], [ -8.43027929, 43.36379141 ], [ -8.43031758, 43.36396129 ], [ -8.43045581, 43.36410259 ], [ -8.43060806, 43.36416637 ], [ -8.43085995, 43.36423065 ], [ -8.43099951, 43.36423136 ], [ -8.43113213, 43.36426112 ], [ -8.43130413, 43.36434437 ], [ -8.4314937, 43.3645239 ], [ -8.43198176, 43.36472454 ], [ -8.43254871, 43.36376385 ], [ -8.43292693, 43.36383158 ], [ -8.43312054, 43.36424394 ], [ -8.43398743, 43.36466471 ], [ -8.43413652, 43.36501726 ], [ -8.4336792, 43.36541539 ], [ -8.43276049, 43.366057 ], [ -8.4345249, 43.36676419 ], [ -8.43460287, 43.3674411 ], [ -8.43466335, 43.36740233 ], [ -8.43478998, 43.36735818 ], [ -8.43514151, 43.36734619 ], [ -8.4360102, 43.3672762 ], [ -8.43641952, 43.36718047 ], [ -8.43642912, 43.3671419 ], [ -8.43660463, 43.3669144 ], [ -8.4370566, 43.36671183 ], [ -8.43759872, 43.36700515 ], [ -8.43779759, 43.36703853 ], [ -8.4383655, 43.36696381 ], [ -8.43872692, 43.36698945 ], [ -8.43884042, 43.36701738 ], [ -8.43898474, 43.36702479 ], [ -8.43931517, 43.36692328 ], [ -8.43950797, 43.36696172 ], [ -8.43975042, 43.36711688 ], [ -8.44086488, 43.36753055 ], [ -8.44174407, 43.36765056 ], [ -8.44165784, 43.36814533 ], [ -8.44166775, 43.36818297 ], [ -8.44173398, 43.36848468 ], [ -8.44351612, 43.36957148 ], [ -8.44353867, 43.36982288 ], [ -8.44335583, 43.37004121 ], [ -8.44246555, 43.3703076 ], [ -8.44235064, 43.37038729 ], [ -8.44223949, 43.37037318 ], [ -8.44108853, 43.3704876 ], [ -8.43991183, 43.37069142 ], [ -8.43838353, 43.3706881 ], [ -8.43634313, 43.37007084 ], [ -8.43466039, 43.36983629 ], [ -8.43453235, 43.36985639 ], [ -8.4338259, 43.37015444 ], [ -8.43380275, 43.37015267 ], [ -8.43376808, 43.37016375 ], [ -8.43366397, 43.37019689 ], [ -8.43349922, 43.37026122 ], [ -8.43289942, 43.37050489 ], [ -8.43277417, 43.37057712 ], [ -8.43247684, 43.37076039 ], [ -8.43240797, 43.37080154 ], [ -8.43235447, 43.37083346 ], [ -8.43226116, 43.37087631 ], [ -8.43215203, 43.37091549 ], [ -8.43204201, 43.37094444 ], [ -8.43185676, 43.37098251 ], [ -8.43170918, 43.37100628 ], [ -8.43153002, 43.37104296 ], [ -8.43126838, 43.37110015 ], [ -8.43081076, 43.37118658 ], [ -8.43067987, 43.37121704 ], [ -8.43054708, 43.37125822 ], [ -8.43035641, 43.37134679 ], [ -8.43023363, 43.37140823 ], [ -8.42937359, 43.37107925 ], [ -8.42933805, 43.37066668 ], [ -8.4287478, 43.37051987 ], [ -8.4282086, 43.37053636 ], [ -8.42772341, 43.37040927 ], [ -8.42746172, 43.37027366 ], [ -8.42513063, 43.37078111 ], [ -8.4245604, 43.36984673 ], [ -8.42450836, 43.36839823 ], [ -8.42428818, 43.36827817 ], [ -8.42428703, 43.36827837 ], [ -8.42428658, 43.36827244 ], [ -8.42428225, 43.36825593 ], [ -8.42428058, 43.36822936 ], [ -8.42428444, 43.36820045 ], [ -8.42429081, 43.36817561 ], [ -8.4243044, 43.36815146 ], [ -8.42431761, 43.36813097 ], [ -8.42433657, 43.36811075 ], [ -8.42436256, 43.36808914 ], [ -8.42439239, 43.36807048 ], [ -8.42442326, 43.36805543 ], [ -8.42446368, 43.36804307 ], [ -8.42450454, 43.36803537 ], [ -8.42454381, 43.36803203 ], [ -8.42456053, 43.36803164 ], [ -8.42456046, 43.36802834 ], [ -8.42456084, 43.36801726 ], [ -8.42456388, 43.3679145 ], [ -8.42457105, 43.36772245 ], [ -8.42458129, 43.36742841 ], [ -8.42459022, 43.3671198 ], [ -8.42459929, 43.3668206 ], [ -8.42460185, 43.36675309 ], [ -8.42460433, 43.36664484 ], [ -8.42460827, 43.36653654 ], [ -8.42461057, 43.36645024 ], [ -8.42461261, 43.36636081 ], [ -8.42461503, 43.36630795 ], [ -8.42461691, 43.3662475 ], [ -8.42461742, 43.36622638 ], [ -8.4246198, 43.36613597 ], [ -8.42462442, 43.3659912 ], [ -8.42462572, 43.36595305 ], [ -8.42462645, 43.36591065 ], [ -8.4246273, 43.36588645 ], [ -8.42462837, 43.36584843 ], [ -8.42462926, 43.36582109 ], [ -8.42463012, 43.36579515 ], [ -8.42463089, 43.36576432 ], [ -8.42463137, 43.3657412 ], [ -8.42463441, 43.36568196 ], [ -8.42462581, 43.36563999 ], [ -8.42461662, 43.3655804 ], [ -8.42460453, 43.36552094 ], [ -8.42458854, 43.36548285 ], [ -8.42456211, 43.3654255 ], [ -8.42455419, 43.36540186 ], [ -8.42452566, 43.36534783 ], [ -8.42451903, 43.36533562 ], [ -8.42451157, 43.3653216 ], [ -8.42450872, 43.36531552 ], [ -8.4245016, 43.36530227 ], [ -8.42448674, 43.36527512 ], [ -8.42446211, 43.36523814 ], [ -8.42446285, 43.3652376 ], [ -8.42443331, 43.36519123 ], [ -8.42482376, 43.36507405 ], [ -8.42469694, 43.3644131 ], [ -8.42462359, 43.36403023 ], [ -8.42460642, 43.36397839 ], [ -8.42459336, 43.36394994 ], [ -8.42457685, 43.36392223 ], [ -8.4238953, 43.36298791 ], [ -8.42392922, 43.36297608 ], [ -8.42427449, 43.36286412 ], [ -8.42444817, 43.36280509 ], [ -8.42494171, 43.36263758 ], [ -8.42533455, 43.3625042 ], [ -8.4258315, 43.36232821 ], [ -8.42584568, 43.36232464 ], [ -8.42594666, 43.36229898 ], [ -8.42606406, 43.36226852 ], [ -8.42617062, 43.36223764 ], [ -8.42627226, 43.36220184 ], [ -8.42638573, 43.36215594 ], [ -8.42647266, 43.36211415 ], [ -8.42656655, 43.36206265 ], [ -8.42665802, 43.36200586 ], [ -8.4267449, 43.36194426 ], [ -8.42682506, 43.36188019 ], [ -8.42689104, 43.36182001 ], [ -8.4269578, 43.36174856 ], [ -8.42702409, 43.36166417 ], [ -8.42709587, 43.36156314 ], [ -8.42715086, 43.36146546 ], [ -8.42720479, 43.36134854 ], [ -8.42723566, 43.36125517 ], [ -8.42724897, 43.36120614 ], [ -8.42725975, 43.36114279 ], [ -8.42726717, 43.36106386 ], [ -8.42726232, 43.36099057 ], [ -8.42725296, 43.3608975 ], [ -8.42723635, 43.3608086 ] ] ] ] } },
{ "type": "Feature", "properties": { "CUSEC": "1503005013", "income_mean_household": 62026.0, "income_mean_person": 25387.0, "poverty_fixed_7500eur": 6.6, "poverty_relative_below60pct": 9.5, "affluence_relative_above200pct": 36.9, "child_poverty_relative_below60pct": null, "gini_index": 35.1, "p80p20_ratio": 2.9, "pct_under18": 17.1, "pct_over65": 28.8, "income_source_salary": 54.2, "income_source_pensions": 20.4, "income_source_unemployment": 0.6, "income_source_other_benefits": 1.9, "income_source_other_income": 22.9 }, "geometry": { "type": "MultiPolygon", "coordinates": [ [ [ [ -8.41036384, 43.36610177 ], [ -8.41038378, 43.36608538 ], [ -8.41102046, 43.36556659 ], [ -8.41125407, 43.36537626 ], [ -8.41132463, 43.3653159 ], [ -8.41135512, 43.36528977 ], [ -8.41137092, 43.36527628 ], [ -8.41148288, 43.3651721 ], [ -8.41230971, 43.36440322 ], [ -8.41248688, 43.3642466 ], [ -8.41249344, 43.36425008 ], [ -8.41255239, 43.36428263 ], [ -8.41264342, 43.36433288 ], [ -8.41263708, 43.36434187 ], [ -8.41271293, 43.36437577 ], [ -8.41258864, 43.36538479 ], [ -8.41258786, 43.36538474 ], [ -8.41247882, 43.36623852 ], [ -8.41187408, 43.36619939 ], [ -8.41150342, 43.36617542 ], [ -8.41036384, 43.36610177 ] ] ] ] } },
{ "type": "Feature", "properties": { "CUSEC": "1503005014", "income_mean_household": 49588.0, "income_mean_person": 20654.0, "poverty_fixed_7500eur": 5.6, "poverty_relative_below60pct": 12.9, "affluence_relative_above200pct": 23.4, "child_poverty_relative_below60pct": null, "gini_index": 31.8, "p80p20_ratio": 2.8, "pct_under18": 14.7, "pct_over65": 26.4, "income_source_salary": 57.1, "income_source_pensions": 22.6, "income_source_unemployment": 0.7, "income_source_other_benefits": 3.1, "income_source_other_income": 16.5 }, "geometry": { "type": "MultiPolygon", "coordinates": [ [ [ [ -8.42060491, 43.36738525 ], [ -8.42062966, 43.36742922 ], [ -8.42064212, 43.36747015 ], [ -8.421049, 43.36881176 ], [ -8.42104637, 43.36887062 ], [ -8.42103054, 43.36899859 ], [ -8.42100754, 43.36910868 ], [ -8.42098231, 43.36920592 ], [ -8.42095428, 43.36928251 ], [ -8.4209264, 43.36934872 ], [ -8.42088546, 43.3694209 ], [ -8.42080544, 43.36954376 ], [ -8.42071014, 43.36966035 ], [ -8.42065055, 43.3697212 ], [ -8.42060205, 43.36977063 ], [ -8.420479, 43.36987619 ], [ -8.42040871, 43.36993294 ], [ -8.42035661, 43.3699611 ], [ -8.42036541, 43.36997222 ], [ -8.42037171, 43.36998306 ], [ -8.42037651, 43.36999433 ], [ -8.42037974, 43.37000589 ], [ -8.42038125, 43.37001769 ], [ -8.42038114, 43.37002949 ], [ -8.4203793, 43.37004118 ], [ -8.42037577, 43.37005278 ], [ -8.42037055, 43.37006394 ], [ -8.42036382, 43.3700747 ], [ -8.42035553, 43.37008484 ], [ -8.42034584, 43.3700943 ], [ -8.42033489, 43.37010299 ], [ -8.42032273, 43.37011087 ], [ -8.42031069, 43.37011699 ], [ -8.42029547, 43.37012341 ], [ -8.4202806, 43.37012814 ], [ -8.42026514, 43.37013164 ], [ -8.42024931, 43.37013398 ], [ -8.4202331, 43.37013508 ], [ -8.420217, 43.370135 ], [ -8.42020082, 43.37013355 ], [ -8.42018503, 43.37013104 ], [ -8.42016973, 43.37012727 ], [ -8.42015504, 43.37012233 ], [ -8.42014113, 43.37011633 ], [ -8.42012809, 43.37010924 ], [ -8.42011509, 43.37010044 ], [ -8.42006769, 43.37012594 ], [ -8.4193477, 43.37042016 ], [ -8.41838973, 43.37056209 ], [ -8.41789476, 43.37058623 ], [ -8.41742441, 43.37056396 ], [ -8.41720049, 43.37143817 ], [ -8.41696859, 43.37148409 ], [ -8.41681764, 43.37159029 ], [ -8.41605177, 43.37158165 ], [ -8.41586696, 43.37144638 ], [ -8.41614665, 43.37126207 ], [ -8.41581329, 43.37125988 ], [ -8.41535996, 43.37102038 ], [ -8.41511904, 43.37108583 ], [ -8.41487598, 43.37098933 ], [ -8.4144579, 43.37114424 ], [ -8.41408524, 43.37111691 ], [ -8.41397604, 43.37086105 ], [ -8.41389315, 43.36979367 ], [ -8.41365861, 43.36993087 ], [ -8.41335888, 43.36989108 ], [ -8.41305733, 43.36996843 ], [ -8.41289801, 43.36991527 ], [ -8.41374838, 43.36901295 ], [ -8.41403994, 43.36867728 ], [ -8.41438295, 43.36841553 ], [ -8.4153332, 43.36825585 ], [ -8.41590811, 43.36816309 ], [ -8.41606462, 43.36813265 ], [ -8.41606662, 43.36813244 ], [ -8.41612816, 43.36812628 ], [ -8.41660396, 43.36804747 ], [ -8.41931829, 43.36759826 ], [ -8.41935141, 43.36759274 ], [ -8.42010893, 43.36746738 ], [ -8.42060491, 43.36738525 ] ] ] ] } },
{ "type": "Feature", "properties": { "CUSEC": "1503005015", "income_mean_household": 34945.0, "income_mean_person": 14408.0, "poverty_fixed_7500eur": 7.4, "poverty_relative_below60pct": 19.4, "affluence_relative_above200pct": 6.7, "child_poverty_relative_below60pct": null, "gini_index": 28.3, "p80p20_ratio": 2.6, "pct_under18": 14.0, "pct_over65": 28.0, "income_source_salary": 57.1, "income_source_pensions": 29.7, "income_source_unemployment": 1.3, "income_source_other_benefits": 4.1, "income_source_other_income": 7.8 }, "geometry": { "type": "MultiPolygon", "coordinates": [ [ [ [ -8.42001908, 43.37339884 ], [ -8.42002676, 43.37335686 ], [ -8.42006943, 43.37312518 ], [ -8.42010647, 43.37294143 ], [ -8.42011826, 43.37282966 ], [ -8.42016774, 43.37274063 ], [ -8.42022891, 43.37264964 ], [ -8.42035608, 43.37258738 ], [ -8.42041475, 43.37255979 ], [ -8.4204682, 43.37251538 ], [ -8.42063601, 43.37237589 ], [ -8.42065681, 43.37235862 ], [ -8.42068786, 43.37233248 ], [ -8.42068916, 43.37232639 ], [ -8.42069428, 43.37230227 ], [ -8.42069899, 43.37228025 ], [ -8.42072707, 43.37214047 ], [ -8.42093861, 43.37216439 ], [ -8.4210036, 43.37217177 ], [ -8.42130962, 43.37220651 ], [ -8.4217412, 43.37225545 ], [ -8.42201554, 43.37228655 ], [ -8.42230095, 43.37231888 ], [ -8.42286027, 43.37238227 ], [ -8.42287027, 43.37238341 ], [ -8.42288794, 43.37238541 ], [ -8.42290938, 43.37238553 ], [ -8.42292853, 43.37238564 ], [ -8.42296941, 43.37238587 ], [ -8.4230921, 43.37238654 ], [ -8.42316085, 43.37238235 ], [ -8.42320744, 43.37236466 ], [ -8.42325451, 43.37234677 ], [ -8.423262, 43.37234426 ], [ -8.42344281, 43.37241225 ], [ -8.42368196, 43.37245967 ], [ -8.42389945, 43.37248083 ], [ -8.42458005, 43.37254728 ], [ -8.42526882, 43.37261458 ], [ -8.42525294, 43.37266311 ], [ -8.42482974, 43.37342638 ], [ -8.42482541, 43.37351956 ], [ -8.42441295, 43.37424246 ], [ -8.42438142, 43.37429771 ], [ -8.42436208, 43.37433161 ], [ -8.42433762, 43.37439553 ], [ -8.42433756, 43.3743957 ], [ -8.42433711, 43.3743963 ], [ -8.42418098, 43.37433316 ], [ -8.42405491, 43.3742828 ], [ -8.42399885, 43.37426041 ], [ -8.42397294, 43.37425018 ], [ -8.42393953, 43.37423812 ], [ -8.42388686, 43.37421904 ], [ -8.42383062, 43.37419867 ], [ -8.42378765, 43.37418309 ], [ -8.42376982, 43.37417672 ], [ -8.42370796, 43.37416208 ], [ -8.42363791, 43.3741455 ], [ -8.42356657, 43.37412859 ], [ -8.4235048, 43.37411398 ], [ -8.42342375, 43.37409476 ], [ -8.42337877, 43.37408408 ], [ -8.42335553, 43.37407857 ], [ -8.42332517, 43.37405984 ], [ -8.42328465, 43.37403489 ], [ -8.42306549, 43.37398265 ], [ -8.4228576, 43.37393326 ], [ -8.42274184, 43.37390577 ], [ -8.42266218, 43.37388684 ], [ -8.42262051, 43.373877 ], [ -8.42245247, 43.37384056 ], [ -8.42236241, 43.37382102 ], [ -8.4222703, 43.37380105 ], [ -8.42209061, 43.37378751 ], [ -8.42192192, 43.37377486 ], [ -8.4218202, 43.37376724 ], [ -8.42178485, 43.37376451 ], [ -8.42165463, 43.37374746 ], [ -8.42148754, 43.37372556 ], [ -8.42133315, 43.3737053 ], [ -8.42116512, 43.37366777 ], [ -8.42109916, 43.37365908 ], [ -8.42104941, 43.37365273 ], [ -8.42098674, 43.37364454 ], [ -8.42080872, 43.37361517 ], [ -8.42043123, 43.37355286 ], [ -8.42026903, 43.37352607 ], [ -8.42014698, 43.37349241 ], [ -8.42001129, 43.37345475 ], [ -8.42001908, 43.37339884 ] ] ] ] } },
{ "type": "Feature", "properties": { "CUSEC": "1503005016", "income_mean_household": 35027.0, "income_mean_person": 15628.0, "poverty_fixed_7500eur": 9.6, "poverty_relative_below60pct": 21.5, "affluence_relative_above200pct": 9.5, "child_poverty_relative_below60pct": null, "gini_index": 31.0, "p80p20_ratio": 2.9, "pct_under18": 11.2, "pct_over65": 30.5, "income_source_salary": 52.8, "income_source_pensions": 31.7, "income_source_unemployment": 1.1, "income_source_other_benefits": 3.6, "income_source_other_income": 10.7 }, "geometry": { "type": "MultiPolygon", "coordinates": [ [ [ [ -8.42176559, 43.36713961 ], [ -8.42179762, 43.36665336 ], [ -8.42187239, 43.36663214 ], [ -8.42232246, 43.36650436 ], [ -8.42239411, 43.36647953 ], [ -8.42245121, 43.3664256 ], [ -8.42247823, 43.36637538 ], [ -8.42253036, 43.36627769 ], [ -8.42255015, 43.36624161 ], [ -8.42268058, 43.36577862 ], [ -8.42269829, 43.36574474 ], [ -8.42269834, 43.36574464 ], [ -8.42270888, 43.36574613 ], [ -8.42279037, 43.36575684 ], [ -8.42297827, 43.36578153 ], [ -8.4232264, 43.36581416 ], [ -8.42343889, 43.36584209 ], [ -8.42356048, 43.36585806 ], [ -8.4236119, 43.36584534 ], [ -8.42364216, 43.36582372 ], [ -8.4237315, 43.36575992 ], [ -8.42383564, 43.36568553 ], [ -8.4240189, 43.36555463 ], [ -8.42418423, 43.36543653 ], [ -8.42427979, 43.3653683 ], [ -8.42434084, 43.36532469 ], [ -8.42439262, 43.36528771 ], [ -8.42445621, 43.36524232 ], [ -8.42446211, 43.36523814 ], [ -8.42448674, 43.36527512 ], [ -8.4245016, 43.36530227 ], [ -8.42450872, 43.36531552 ], [ -8.42451157, 43.3653216 ], [ -8.42451903, 43.36533562 ], [ -8.42452566, 43.36534783 ], [ -8.42455419, 43.36540186 ], [ -8.42456211, 43.3654255 ], [ -8.42458854, 43.36548285 ], [ -8.42460453, 43.36552094 ], [ -8.42461662, 43.3655804 ], [ -8.42462581, 43.36563999 ], [ -8.42463441, 43.36568196 ], [ -8.42463137, 43.3657412 ], [ -8.42463089, 43.36576432 ], [ -8.42463012, 43.36579515 ], [ -8.42462926, 43.36582109 ], [ -8.42462837, 43.36584843 ], [ -8.4246273, 43.36588645 ], [ -8.42462645, 43.36591065 ], [ -8.42462572, 43.36595305 ], [ -8.42462442, 43.3659912 ], [ -8.4246198, 43.36613597 ], [ -8.42461742, 43.36622638 ], [ -8.42461691, 43.3662475 ], [ -8.4245806, 43.36626029 ], [ -8.42458062, 43.36625966 ], [ -8.42369774, 43.36658 ], [ -8.42346171, 43.36666563 ], [ -8.42254165, 43.36699955 ], [ -8.42290177, 43.36748158 ], [ -8.42291996, 43.3675059 ], [ -8.4229856, 43.36758294 ], [ -8.4229049, 43.36758478 ], [ -8.42272996, 43.36763787 ], [ -8.42261581, 43.36763924 ], [ -8.42220065, 43.36773559 ], [ -8.42215429, 43.3676562 ], [ -8.42203997, 43.36747723 ], [ -8.42181875, 43.36713096 ], [ -8.42176559, 43.36713961 ] ] ] ] } },
{ "type": "Feature", "properties": { "CUSEC": "1503005017", "income_mean_household": 43891.0, "income_mean_person": 18519.0, "poverty_fixed_7500eur": 5.3, "poverty_relative_below60pct": 10.8, "affluence_relative_above200pct": 17.2, "child_poverty_relative_below60pct": null, "gini_index": 27.0, "p80p20_ratio": 2.4, "pct_under18": 14.4, "pct_over65": 20.6, "income_source_salary": 68.1, "income_source_pensions": 20.2, "income_source_unemployment": 1.1, "income_source_other_benefits": 2.9, "income_source_other_income": 7.7 }, "geometry": { "type": "MultiPolygon", "coordinates": [ [ [ [ -8.42433762, 43.37439553 ], [ -8.42436208, 43.37433161 ], [ -8.42438142, 43.37429771 ], [ -8.42441295, 43.37424246 ], [ -8.42482541, 43.37351956 ], [ -8.42482974, 43.37342638 ], [ -8.42525294, 43.37266311 ], [ -8.42526882, 43.37261458 ], [ -8.42527773, 43.37258763 ], [ -8.42571585, 43.37263351 ], [ -8.42586093, 43.37265042 ], [ -8.42597345, 43.37266773 ], [ -8.42721177, 43.37295497 ], [ -8.42734606, 43.37297007 ], [ -8.42748653, 43.37296931 ], [ -8.42757034, 43.3729589 ], [ -8.42758749, 43.37295687 ], [ -8.42771533, 43.37292353 ], [ -8.42780772, 43.37287708 ], [ -8.42788538, 43.3728248 ], [ -8.42795567, 43.3727619 ], [ -8.42797114, 43.37274806 ], [ -8.42874282, 43.37357174 ], [ -8.42871695, 43.37420943 ], [ -8.42871002, 43.37494867 ], [ -8.42872498, 43.3754706 ], [ -8.42868047, 43.37597771 ], [ -8.42877371, 43.37663049 ], [ -8.42878305, 43.37689927 ], [ -8.42870408, 43.37687383 ], [ -8.42866552, 43.37686514 ], [ -8.42858445, 43.37685279 ], [ -8.42855895, 43.37684103 ], [ -8.4284255, 43.37678986 ], [ -8.42836104, 43.37676455 ], [ -8.4283068, 43.37674203 ], [ -8.42827195, 43.37672505 ], [ -8.42821492, 43.37669614 ], [ -8.4281453, 43.37666299 ], [ -8.42807, 43.3766285 ], [ -8.42804644, 43.3766134 ], [ -8.4279865, 43.37660167 ], [ -8.42789341, 43.37657937 ], [ -8.42784115, 43.37656646 ], [ -8.42781874, 43.37656428 ], [ -8.42780293, 43.37654883 ], [ -8.42774165, 43.3765096 ], [ -8.42769894, 43.37647922 ], [ -8.42760319, 43.3764149 ], [ -8.42754883, 43.37637859 ], [ -8.42748661, 43.37634103 ], [ -8.42742332, 43.37630433 ], [ -8.42738349, 43.37628111 ], [ -8.42736096, 43.37626516 ], [ -8.42732328, 43.37621672 ], [ -8.42728054, 43.37616121 ], [ -8.42726761, 43.37614076 ], [ -8.42722421, 43.37612742 ], [ -8.42714299, 43.37610129 ], [ -8.42709273, 43.37608586 ], [ -8.42700005, 43.37604328 ], [ -8.42690668, 43.37600557 ], [ -8.42686359, 43.37598333 ], [ -8.42682527, 43.37596489 ], [ -8.42677275, 43.3759366 ], [ -8.42675987, 43.3759291 ], [ -8.42673883, 43.37590499 ], [ -8.42668713, 43.37583613 ], [ -8.42666349, 43.37580808 ], [ -8.4265918, 43.37574829 ], [ -8.42663329, 43.37569467 ], [ -8.42666971, 43.37564758 ], [ -8.42668923, 43.37561942 ], [ -8.42676153, 43.3755071 ], [ -8.42678294, 43.37547383 ], [ -8.42681525, 43.37542363 ], [ -8.42684558, 43.37537616 ], [ -8.42687159, 43.37533011 ], [ -8.42688252, 43.37531077 ], [ -8.42682178, 43.37529084 ], [ -8.42677553, 43.37527619 ], [ -8.42673325, 43.37525161 ], [ -8.42667032, 43.37521385 ], [ -8.42661703, 43.37517473 ], [ -8.42658119, 43.3751543 ], [ -8.42658872, 43.37513001 ], [ -8.42660072, 43.37510108 ], [ -8.42659359, 43.37503496 ], [ -8.42658922, 43.37499971 ], [ -8.42657189, 43.37495535 ], [ -8.42655337, 43.3749096 ], [ -8.42649608, 43.37490433 ], [ -8.42644153, 43.37490165 ], [ -8.42638204, 43.3749009 ], [ -8.42631873, 43.37490012 ], [ -8.42627263, 43.37489953 ], [ -8.42624965, 43.37492459 ], [ -8.42620795, 43.37496115 ], [ -8.42618178, 43.37499429 ], [ -8.42615372, 43.37503373 ], [ -8.42614289, 43.37504842 ], [ -8.42615208, 43.37516497 ], [ -8.42619452, 43.37523207 ], [ -8.42620522, 43.37525637 ], [ -8.42622058, 43.37527869 ], [ -8.42613021, 43.37534147 ], [ -8.42601792, 43.37536277 ], [ -8.42591646, 43.37538265 ], [ -8.42586908, 43.37539643 ], [ -8.42582395, 43.37540926 ], [ -8.42577647, 43.37535248 ], [ -8.42571095, 43.37527414 ], [ -8.42565326, 43.37519935 ], [ -8.42562787, 43.37516132 ], [ -8.42558637, 43.3750991 ], [ -8.42554024, 43.37503002 ], [ -8.42549587, 43.37496266 ], [ -8.42548071, 43.37492228 ], [ -8.42546452, 43.3748792 ], [ -8.42543929, 43.37484797 ], [ -8.42536447, 43.37477693 ], [ -8.42533551, 43.3747496 ], [ -8.4252831, 43.37471036 ], [ -8.42523699, 43.37467654 ], [ -8.42511342, 43.37464935 ], [ -8.42503907, 43.37462091 ], [ -8.42489282, 43.37456502 ], [ -8.42484619, 43.3745472 ], [ -8.42474056, 43.3745141 ], [ -8.42467616, 43.37451683 ], [ -8.42457687, 43.37448131 ], [ -8.424471, 43.37444345 ], [ -8.42436625, 43.37440595 ], [ -8.42433762, 43.37439553 ] ] ] ] } },
{ "type": "Feature", "properties": { "CUSEC": "1503005018", "income_mean_household": 40659.0, "income_mean_person": 16400.0, "poverty_fixed_7500eur": 4.2, "poverty_relative_below60pct": 11.3, "affluence_relative_above200pct": 7.9, "child_poverty_relative_below60pct": null, "gini_index": 25.0, "p80p20_ratio": 2.0, "pct_under18": 13.6, "pct_over65": 16.9, "income_source_salary": 67.3, "income_source_pensions": 19.9, "income_source_unemployment": 1.6, "income_source_other_benefits": 3.2, "income_source_other_income": 7.9 }, "geometry": { "type": "MultiPolygon", "coordinates": [ [ [ [ -8.43108914, 43.37647316 ], [ -8.43126752, 43.3763045 ], [ -8.43135933, 43.37620331 ], [ -8.4313671, 43.37602217 ], [ -8.43133295, 43.37578335 ], [ -8.43128011, 43.37560632 ], [ -8.43121079, 43.37524358 ], [ -8.43111698, 43.37491169 ], [ -8.43108013, 43.37479141 ], [ -8.43163435, 43.37465348 ], [ -8.43182982, 43.37462637 ], [ -8.43183529, 43.37462561 ], [ -8.43195009, 43.37483435 ], [ -8.43228554, 43.37508242 ], [ -8.43254227, 43.37525767 ], [ -8.43299807, 43.3753904 ], [ -8.43347398, 43.37549421 ], [ -8.43420934, 43.37548335 ], [ -8.43478657, 43.37538474 ], [ -8.43524478, 43.37525654 ], [ -8.43576398, 43.37498366 ], [ -8.4360635, 43.3748257 ], [ -8.43638409, 43.37453738 ], [ -8.43658627, 43.37416146 ], [ -8.43662842, 43.37390076 ], [ -8.43655317, 43.37368292 ], [ -8.43655781, 43.37368135 ], [ -8.43688465, 43.3735702 ], [ -8.43724915, 43.37346152 ], [ -8.43766802, 43.37336635 ], [ -8.43792935, 43.37327924 ], [ -8.43825585, 43.37316075 ], [ -8.43827172, 43.37330316 ], [ -8.43827605, 43.37345807 ], [ -8.43828064, 43.37357952 ], [ -8.43828973, 43.37383912 ], [ -8.43827679, 43.37399813 ], [ -8.43828633, 43.37420748 ], [ -8.43829035, 43.3743959 ], [ -8.43820251, 43.37458383 ], [ -8.43808611, 43.37475907 ], [ -8.43798102, 43.37495533 ], [ -8.43786465, 43.37512641 ], [ -8.43775421, 43.37527657 ], [ -8.43763789, 43.37544344 ], [ -8.43752788, 43.37555175 ], [ -8.43744116, 43.37561829 ], [ -8.43752607, 43.37574846 ], [ -8.43766811, 43.37589991 ], [ -8.43770682, 43.37605919 ], [ -8.43764801, 43.37621376 ], [ -8.43760102, 43.37633074 ], [ -8.43762863, 43.37644391 ], [ -8.43763344, 43.37654862 ], [ -8.43759855, 43.37659868 ], [ -8.43747201, 43.37662734 ], [ -8.43731732, 43.37659729 ], [ -8.43714537, 43.3765755 ], [ -8.4369848, 43.37656218 ], [ -8.43680092, 43.37659056 ], [ -8.43661751, 43.37656454 ], [ -8.43642314, 43.37648405 ], [ -8.43636659, 43.37639165 ], [ -8.43628151, 43.37628238 ], [ -8.43617873, 43.37622747 ], [ -8.43605126, 43.37635659 ], [ -8.43599256, 43.37649864 ], [ -8.43592872, 43.37657372 ], [ -8.43575629, 43.37660215 ], [ -8.43553209, 43.37664711 ], [ -8.43518777, 43.37664541 ], [ -8.43482555, 43.37671478 ], [ -8.43442873, 43.37680491 ], [ -8.43413582, 43.37683278 ], [ -8.43385436, 43.37685652 ], [ -8.43364765, 43.37686803 ], [ -8.43353215, 43.37694702 ], [ -8.43338856, 43.37695884 ], [ -8.43307271, 43.3769824 ], [ -8.43276883, 43.3769516 ], [ -8.43243108, 43.37685784 ], [ -8.43213947, 43.37674755 ], [ -8.43181331, 43.37664126 ], [ -8.43163023, 43.37658175 ], [ -8.43135545, 43.37650924 ], [ -8.43116082, 43.37645803 ], [ -8.43108914, 43.37647316 ] ] ] ] } },
{ "type": "Feature", "properties": { "CUSEC": "1503005019", "income_mean_household": 44113.0, "income_mean_person": 17848.0, "poverty_fixed_7500eur": 3.7, "poverty_relative_below60pct": 9.2, "affluence_relative_above200pct": 13.4, "child_poverty_relative_below60pct": null, "gini_index": 24.8, "p80p20_ratio": 2.2, "pct_under18": 15.6, "pct_over65": 14.9, "income_source_salary": 69.6, "income_source_pensions": 15.8, "income_source_unemployment": 1.0, "income_source_other_benefits": 3.1, "income_source_other_income": 10.5 }, "geometry": { "type": "MultiPolygon", "coordinates": [ [ [ [ -8.43655781, 43.37368135 ], [ -8.43655317, 43.37368292 ], [ -8.43641062, 43.37373139 ], [ -8.43599181, 43.37382212 ], [ -8.43548827, 43.37389921 ], [ -8.43501478, 43.3740029 ], [ -8.43460169, 43.37412461 ], [ -8.43426175, 43.37419806 ], [ -8.43385521, 43.37426679 ], [ -8.43334577, 43.37432612 ], [ -8.43296936, 43.37441262 ], [ -8.43247771, 43.37451627 ], [ -8.43209536, 43.3745895 ], [ -8.43183529, 43.37462561 ], [ -8.43182982, 43.37462637 ], [ -8.43181546, 43.3743553 ], [ -8.43183816, 43.37405103 ], [ -8.43195954, 43.37381971 ], [ -8.43212039, 43.37361758 ], [ -8.43232097, 43.37341561 ], [ -8.43268109, 43.37315649 ], [ -8.43317958, 43.37297053 ], [ -8.43357835, 43.37282755 ], [ -8.43403614, 43.37274281 ], [ -8.43447326, 43.37274497 ], [ -8.43491014, 43.37277612 ], [ -8.43544579, 43.37286577 ], [ -8.43578292, 43.37293991 ], [ -8.43609908, 43.37312989 ], [ -8.43647351, 43.37346511 ], [ -8.43655781, 43.37368135 ] ] ] ] } },
{ "type": "Feature", "properties": { "CUSEC": "1503005020", "income_mean_household": 42865.0, "income_mean_person": 16951.0, "poverty_fixed_7500eur": 5.4, "poverty_relative_below60pct": 11.3, "affluence_relative_above200pct": 9.4, "child_poverty_relative_below60pct": null, "gini_index": 26.1, "p80p20_ratio": 2.2, "pct_under18": 13.4, "pct_over65": 18.3, "income_source_salary": 69.0, "income_source_pensions": 17.4, "income_source_unemployment": 1.4, "income_source_other_benefits": 3.2, "income_source_other_income": 9.1 }, "geometry": { "type": "MultiPolygon", "coordinates": [ [ [ [ -8.42878305, 43.37689927 ], [ -8.42877371, 43.37663049 ], [ -8.42868047, 43.37597771 ], [ -8.42872498, 43.3754706 ], [ -8.42871002, 43.37494867 ], [ -8.42871695, 43.37420943 ], [ -8.42874282, 43.37357174 ], [ -8.42797114, 43.37274806 ], [ -8.42798806, 43.37273291 ], [ -8.42809391, 43.37263242 ], [ -8.42833762, 43.37236801 ], [ -8.42844837, 43.37225673 ], [ -8.42853814, 43.37217342 ], [ -8.42867368, 43.37206659 ], [ -8.42875456, 43.37201307 ], [ -8.42877217, 43.37200143 ], [ -8.42891316, 43.37193135 ], [ -8.42906409, 43.37187007 ], [ -8.42943214, 43.37174489 ], [ -8.42978835, 43.37161236 ], [ -8.43014159, 43.37145431 ], [ -8.43023363, 43.37140823 ], [ -8.43035641, 43.37134679 ], [ -8.43054708, 43.37125822 ], [ -8.43067987, 43.37121704 ], [ -8.43081076, 43.37118658 ], [ -8.43126838, 43.37110015 ], [ -8.43153002, 43.37104296 ], [ -8.43170918, 43.37100628 ], [ -8.43185676, 43.37098251 ], [ -8.43204201, 43.37094444 ], [ -8.43215203, 43.37091549 ], [ -8.43226116, 43.37087631 ], [ -8.43235447, 43.37083346 ], [ -8.43240797, 43.37080154 ], [ -8.43263, 43.37117603 ], [ -8.43275666, 43.37123408 ], [ -8.43303505, 43.37126641 ], [ -8.43324644, 43.37133377 ], [ -8.43346371, 43.3714188 ], [ -8.43345022, 43.37156899 ], [ -8.43327244, 43.37179351 ], [ -8.43311343, 43.37195621 ], [ -8.43300917, 43.37209272 ], [ -8.4328991, 43.37220263 ], [ -8.43278317, 43.37229046 ], [ -8.43263078, 43.37239575 ], [ -8.43245453, 43.37245234 ], [ -8.43236427, 43.37239001 ], [ -8.43231063, 43.37229251 ], [ -8.43220269, 43.3721771 ], [ -8.43208796, 43.37213677 ], [ -8.43202079, 43.37219386 ], [ -8.432092, 43.37235332 ], [ -8.43215736, 43.37249064 ], [ -8.43220434, 43.37264555 ], [ -8.43221554, 43.37274725 ], [ -8.43206356, 43.37279953 ], [ -8.43189297, 43.37290916 ], [ -8.43166752, 43.37304505 ], [ -8.43144734, 43.37327373 ], [ -8.43128237, 43.37341875 ], [ -8.43112926, 43.3735992 ], [ -8.43109107, 43.37379346 ], [ -8.43107092, 43.37400989 ], [ -8.43103215, 43.37426604 ], [ -8.4310237, 43.37452233 ], [ -8.43106408, 43.37473906 ], [ -8.43108013, 43.37479141 ], [ -8.43111698, 43.37491169 ], [ -8.43121079, 43.37524358 ], [ -8.43128011, 43.37560632 ], [ -8.43133295, 43.37578335 ], [ -8.4313671, 43.37602217 ], [ -8.43135933, 43.37620331 ], [ -8.43126752, 43.3763045 ], [ -8.43108914, 43.37647316 ], [ -8.43094804, 43.376503 ], [ -8.43068306, 43.37661051 ], [ -8.4304582, 43.37671824 ], [ -8.43025056, 43.37683025 ], [ -8.42995125, 43.37692504 ], [ -8.42974948, 43.37702449 ], [ -8.42955949, 43.37708636 ], [ -8.4293811, 43.37713571 ], [ -8.42926026, 43.37717275 ], [ -8.42906564, 43.37712155 ], [ -8.42895756, 43.37701637 ], [ -8.42889515, 43.37694071 ], [ -8.42878309, 43.3769004 ], [ -8.42878305, 43.37689927 ] ] ] ] } },
{ "type": "Feature", "properties": { "CUSEC": "1503005021", "income_mean_household": 46112.0, "income_mean_person": 17180.0, "poverty_fixed_7500eur": 4.4, "poverty_relative_below60pct": 11.7, "affluence_relative_above200pct": 13.0, "child_poverty_relative_below60pct": null, "gini_index": 27.4, "p80p20_ratio": 2.3, "pct_under18": 17.7, "pct_over65": 12.9, "income_source_salary": 75.4, "income_source_pensions": 13.2, "income_source_unemployment": 0.8, "income_source_other_benefits": 2.6, "income_source_other_income": 8.1 }, "geometry": { "type": "MultiPolygon", "coordinates": [ [ [ [ -8.43183529, 43.37462561 ], [ -8.43209536, 43.3745895 ], [ -8.43247771, 43.37451627 ], [ -8.43296936, 43.37441262 ], [ -8.43334577, 43.37432612 ], [ -8.43385521, 43.37426679 ], [ -8.43426175, 43.37419806 ], [ -8.43460169, 43.37412461 ], [ -8.43501478, 43.3740029 ], [ -8.43548827, 43.37389921 ], [ -8.43599181, 43.37382212 ], [ -8.43641062, 43.37373139 ], [ -8.43655317, 43.37368292 ], [ -8.43662842, 43.37390076 ], [ -8.43658627, 43.37416146 ], [ -8.43638409, 43.37453738 ], [ -8.4360635, 43.3748257 ], [ -8.43576398, 43.37498366 ], [ -8.43524478, 43.37525654 ], [ -8.43478657, 43.37538474 ], [ -8.43420934, 43.37548335 ], [ -8.43347398, 43.37549421 ], [ -8.43299807, 43.3753904 ], [ -8.43254227, 43.37525767 ], [ -8.43228554, 43.37508242 ], [ -8.43195009, 43.37483435 ], [ -8.43183529, 43.37462561 ] ] ] ] } },
{ "type": "Feature", "properties": { "CUSEC": "1503005022", "income_mean_household": 42009.0, "income_mean_person": 16086.0, "poverty_fixed_7500eur": 3.1, "poverty_relative_below60pct": 8.8, "affluence_relative_above200pct": 7.9, "child_poverty_relative_below60pct": null, "gini_index": 24.3, "p80p20_ratio": 2.1, "pct_under18": 16.4, "pct_over65": 14.7, "income_source_salary": 71.5, "income_source_pensions": 15.8, "income_source_unemployment": 1.2, "income_source_other_benefits": 3.3, "income_source_other_income": 8.2 }, "geometry": { "type": "MultiPolygon", "coordinates": [ [ [ [ -8.43240797, 43.37080154 ], [ -8.43247684, 43.37076039 ], [ -8.43277417, 43.37057712 ], [ -8.43289942, 43.37050489 ], [ -8.43349922, 43.37026122 ], [ -8.43366397, 43.37019689 ], [ -8.43376808, 43.37016375 ], [ -8.43380275, 43.37015267 ], [ -8.4338259, 43.37015444 ], [ -8.43453235, 43.36985639 ], [ -8.43466039, 43.36983629 ], [ -8.4348353, 43.37037298 ], [ -8.4350301, 43.37087673 ], [ -8.43515337, 43.37127424 ], [ -8.43525886, 43.37163199 ], [ -8.43547404, 43.37189765 ], [ -8.43572595, 43.37211061 ], [ -8.43608682, 43.37231085 ], [ -8.43639379, 43.3724579 ], [ -8.4366826, 43.37260486 ], [ -8.43686619, 43.37263482 ], [ -8.43702172, 43.37257278 ], [ -8.43712014, 43.37247701 ], [ -8.4371038, 43.37238483 ], [ -8.43698971, 43.37231307 ], [ -8.43702488, 43.37223374 ], [ -8.43711703, 43.37219649 ], [ -8.43731703, 43.37228957 ], [ -8.43751128, 43.37238263 ], [ -8.43772863, 43.37245904 ], [ -8.43788278, 43.37253936 ], [ -8.43800787, 43.37266555 ], [ -8.43810451, 43.37276651 ], [ -8.43817241, 43.37287151 ], [ -8.43821711, 43.37300148 ], [ -8.43825585, 43.37316075 ], [ -8.43792935, 43.37327924 ], [ -8.43766802, 43.37336635 ], [ -8.43724915, 43.37346152 ], [ -8.43688465, 43.3735702 ], [ -8.43655781, 43.37368135 ], [ -8.43647351, 43.37346511 ], [ -8.43609908, 43.37312989 ], [ -8.43578292, 43.37293991 ], [ -8.43544579, 43.37286577 ], [ -8.43491014, 43.37277612 ], [ -8.43447326, 43.37274497 ], [ -8.43403614, 43.37274281 ], [ -8.43357835, 43.37282755 ], [ -8.43317958, 43.37297053 ], [ -8.43268109, 43.37315649 ], [ -8.43232097, 43.37341561 ], [ -8.43212039, 43.37361758 ], [ -8.43195954, 43.37381971 ], [ -8.43183816, 43.37405103 ], [ -8.43181546, 43.3743553 ], [ -8.43182982, 43.37462637 ], [ -8.43163435, 43.37465348 ], [ -8.43108013, 43.37479141 ], [ -8.43106408, 43.37473906 ], [ -8.4310237, 43.37452233 ], [ -8.43103215, 43.37426604 ], [ -8.43107092, 43.37400989 ], [ -8.43109107, 43.37379346 ], [ -8.43112926, 43.3735992 ], [ -8.43128237, 43.37341875 ], [ -8.43144734, 43.37327373 ], [ -8.43166752, 43.37304505 ], [ -8.43189297, 43.37290916 ], [ -8.43206356, 43.37279953 ], [ -8.43221554, 43.37274725 ], [ -8.43220434, 43.37264555 ], [ -8.43215736, 43.37249064 ], [ -8.432092, 43.37235332 ], [ -8.43202079, 43.37219386 ], [ -8.43208796, 43.37213677 ], [ -8.43220269, 43.3721771 ], [ -8.43231063, 43.37229251 ], [ -8.43236427, 43.37239001 ], [ -8.43245453, 43.37245234 ], [ -8.43263078, 43.37239575 ], [ -8.43278317, 43.37229046 ], [ -8.4328991, 43.37220263 ], [ -8.43300917, 43.37209272 ], [ -8.43311343, 43.37195621 ], [ -8.43327244, 43.37179351 ], [ -8.43345022, 43.37156899 ], [ -8.43346371, 43.3714188 ], [ -8.43324644, 43.37133377 ], [ -8.43303505, 43.37126641 ], [ -8.43275666, 43.37123408 ], [ -8.43263, 43.37117603 ], [ -8.43240797, 43.37080154 ] ] ] ] } },
{ "type": "Feature", "properties": { "CUSEC": "1503006001", "income_mean_household": 50322.0, "income_mean_person": 21517.0, "poverty_fixed_7500eur": 7.7, "poverty_relative_below60pct": 18.2, "affluence_relative_above200pct": 22.1, "child_poverty_relative_below60pct": null, "gini_index": 36.8, "p80p20_ratio": 3.3, "pct_under18": 13.1, "pct_over65": 29.6, "income_source_salary": 61.3, "income_source_pensions": 22.0, "income_source_unemployment": 0.6, "income_source_other_benefits": 2.3, "income_source_other_income": 13.7 }, "geometry": { "type": "MultiPolygon", "coordinates": [ [ [ [ -8.41291229, 43.36368863 ], [ -8.41309418, 43.3634488 ], [ -8.41322244, 43.36332645 ], [ -8.41370269, 43.36293235 ], [ -8.41434147, 43.36240887 ], [ -8.41466667, 43.36217452 ], [ -8.41469874, 43.36215137 ], [ -8.41520394, 43.36173071 ], [ -8.41534204, 43.3616158 ], [ -8.41569787, 43.36131956 ], [ -8.41573792, 43.36128609 ], [ -8.41578498, 43.36134424 ], [ -8.41582, 43.36138765 ], [ -8.41585758, 43.36143412 ], [ -8.41602902, 43.36164622 ], [ -8.41603561, 43.36165437 ], [ -8.41635138, 43.36204505 ], [ -8.41691722, 43.36274255 ], [ -8.41708566, 43.36294982 ], [ -8.41772582, 43.36373772 ], [ -8.41832478, 43.36447488 ], [ -8.4172105, 43.36428188 ], [ -8.41714609, 43.36427145 ], [ -8.41707792, 43.36425734 ], [ -8.41676582, 43.36420478 ], [ -8.41641635, 43.36412717 ], [ -8.41575119, 43.36397916 ], [ -8.41533271, 43.36388607 ], [ -8.415314, 43.36388195 ], [ -8.4148024, 43.3637681 ], [ -8.41461537, 43.36372654 ], [ -8.41411315, 43.36375132 ], [ -8.4138668, 43.36372506 ], [ -8.41365244, 43.36368642 ], [ -8.413025, 43.36368833 ], [ -8.41299167, 43.36368843 ], [ -8.41291229, 43.36368863 ] ] ] ] } },
{ "type": "Feature", "properties": { "CUSEC": "1503006002", "income_mean_household": 32714.0, "income_mean_person": 13270.0, "poverty_fixed_7500eur": 13.4, "poverty_relative_below60pct": 27.8, "affluence_relative_above200pct": 6.4, "child_poverty_relative_below60pct": null, "gini_index": 32.1, "p80p20_ratio": 2.6, "pct_under18": 12.3, "pct_over65": 24.9, "income_source_salary": 56.8, "income_source_pensions": 28.1, "income_source_unemployment": 1.7, "income_source_other_benefits": 3.3, "income_source_other_income": 10.1 }, "geometry": { "type": "MultiPolygon", "coordinates": [ [ [ [ -8.41832478, 43.36447488 ], [ -8.41772582, 43.36373772 ], [ -8.41840723, 43.36343981 ], [ -8.4190416, 43.36316235 ], [ -8.41908881, 43.36314172 ], [ -8.41939822, 43.36296138 ], [ -8.41958153, 43.36285455 ], [ -8.41968145, 43.362963 ], [ -8.41984856, 43.36314438 ], [ -8.41986175, 43.36318175 ], [ -8.42022942, 43.36421482 ], [ -8.42013931, 43.36424372 ], [ -8.41980828, 43.36444066 ], [ -8.41971881, 43.36449398 ], [ -8.41935052, 43.36471319 ], [ -8.41877708, 43.36505432 ], [ -8.41869557, 43.36493109 ], [ -8.41837085, 43.36453154 ], [ -8.41832478, 43.36447488 ] ] ] ] } },
{ "type": "Feature", "properties": { "CUSEC": "1503006003", "income_mean_household": 32634.0, "income_mean_person": 13592.0, "poverty_fixed_7500eur": 10.4, "poverty_relative_below60pct": 25.0, "affluence_relative_above200pct": 6.6, "child_poverty_relative_below60pct": null, "gini_index": 30.6, "p80p20_ratio": 2.6, "pct_under18": 10.6, "pct_over65": 28.4, "income_source_salary": 53.5, "income_source_pensions": 31.0, "income_source_unemployment": 2.0, "income_source_other_benefits": 3.7, "income_source_other_income": 9.9 }, "geometry": { "type": "MultiPolygon", "coordinates": [ [ [ [ -8.41691722, 43.36274255 ], [ -8.41764496, 43.36242515 ], [ -8.41763365, 43.36240711 ], [ -8.41762656, 43.36238121 ], [ -8.41762662, 43.36236546 ], [ -8.41762975, 43.3623518 ], [ -8.41763893, 43.36232986 ], [ -8.41764955, 43.36231523 ], [ -8.41766674, 43.36229939 ], [ -8.41768414, 43.36228796 ], [ -8.41771002, 43.36227637 ], [ -8.41773502, 43.36226967 ], [ -8.41776335, 43.36226613 ], [ -8.41779382, 43.3622671 ], [ -8.4178224, 43.36227194 ], [ -8.41784782, 43.3622805 ], [ -8.41787548, 43.36229569 ], [ -8.41789544, 43.36231318 ], [ -8.41790594, 43.36232602 ], [ -8.41791463, 43.36234219 ], [ -8.4179207, 43.36236716 ], [ -8.4179202, 43.36238451 ], [ -8.41791568, 43.36240206 ], [ -8.41790461, 43.36242242 ], [ -8.41884004, 43.36276532 ], [ -8.41886658, 43.36277509 ], [ -8.41937941, 43.36283585 ], [ -8.41958153, 43.36285455 ], [ -8.41939822, 43.36296138 ], [ -8.41908881, 43.36314172 ], [ -8.4190416, 43.36316235 ], [ -8.41840723, 43.36343981 ], [ -8.41772582, 43.36373772 ], [ -8.41708566, 43.36294982 ], [ -8.41691722, 43.36274255 ] ] ] ] } },
{ "type": "Feature", "properties": { "CUSEC": "1503006004", "income_mean_household": 30529.0, "income_mean_person": 12812.0, "poverty_fixed_7500eur": 12.6, "poverty_relative_below60pct": 24.2, "affluence_relative_above200pct": 5.5, "child_poverty_relative_below60pct": null, "gini_index": 30.6, "p80p20_ratio": 2.4, "pct_under18": 11.5, "pct_over65": 29.9, "income_source_salary": 52.4, "income_source_pensions": 34.5, "income_source_unemployment": 1.5, "income_source_other_benefits": 3.9, "income_source_other_income": 7.7 }, "geometry": { "type": "MultiPolygon", "coordinates": [ [ [ [ -8.41750984, 43.36131006 ], [ -8.41878974, 43.36081817 ], [ -8.41889305, 43.36077845 ], [ -8.41907229, 43.36070866 ], [ -8.41997074, 43.3603588 ], [ -8.42022919, 43.36071464 ], [ -8.42028673, 43.3607939 ], [ -8.41907622, 43.36126726 ], [ -8.41900253, 43.36129608 ], [ -8.41811372, 43.36163039 ], [ -8.41750984, 43.36131006 ] ] ] ] } },
{ "type": "Feature", "properties": { "CUSEC": "1503006005", "income_mean_household": 34793.0, "income_mean_person": 13719.0, "poverty_fixed_7500eur": 8.6, "poverty_relative_below60pct": 22.8, "affluence_relative_above200pct": 5.9, "child_poverty_relative_below60pct": null, "gini_index": 28.8, "p80p20_ratio": 2.6, "pct_under18": 12.7, "pct_over65": 34.1, "income_source_salary": 46.5, "income_source_pensions": 37.7, "income_source_unemployment": 1.6, "income_source_other_benefits": 4.2, "income_source_other_income": 10.0 }, "geometry": { "type": "MultiPolygon", "coordinates": [ [ [ [ -8.42028673, 43.3607939 ], [ -8.42022919, 43.36071464 ], [ -8.41997074, 43.3603588 ], [ -8.41963066, 43.35990254 ], [ -8.41923039, 43.35936544 ], [ -8.41997418, 43.35904866 ], [ -8.4203964, 43.35962781 ], [ -8.42071998, 43.36007174 ], [ -8.42093948, 43.3603729 ], [ -8.42119223, 43.3607195 ], [ -8.42134684, 43.36093162 ], [ -8.4212127, 43.36097048 ], [ -8.42058561, 43.36121852 ], [ -8.4205486, 43.36115442 ], [ -8.42028673, 43.3607939 ] ] ] ] } },
{ "type": "Feature", "properties": { "CUSEC": "1503006006", "income_mean_household": 32739.0, "income_mean_person": 13020.0, "poverty_fixed_7500eur": 14.3, "poverty_relative_below60pct": 27.3, "affluence_relative_above200pct": 5.8, "child_poverty_relative_below60pct": null, "gini_index": 32.8, "p80p20_ratio": 2.9, "pct_under18": 13.5, "pct_over65": 23.6, "income_source_salary": 59.4, "income_source_pensions": 26.8, "income_source_unemployment": 1.8, "income_source_other_benefits": 4.1, "income_source_other_income": 7.9 }, "geometry": { "type": "MultiPolygon", "coordinates": [ [ [ [ -8.4203964, 43.35962781 ], [ -8.41997418, 43.35904866 ], [ -8.42023704, 43.3589367 ], [ -8.42041711, 43.35882784 ], [ -8.42081049, 43.35866426 ], [ -8.42102036, 43.35857707 ], [ -8.42116851, 43.35850587 ], [ -8.42124648, 43.35846846 ], [ -8.42133995, 43.35842363 ], [ -8.42153769, 43.35832874 ], [ -8.42157713, 43.35830983 ], [ -8.42208226, 43.35808537 ], [ -8.42239102, 43.35847441 ], [ -8.42243944, 43.35853551 ], [ -8.42253005, 43.35864961 ], [ -8.42261795, 43.35876244 ], [ -8.42263196, 43.35878043 ], [ -8.42265876, 43.35882755 ], [ -8.42267476, 43.35887403 ], [ -8.42268504, 43.35893702 ], [ -8.42268658, 43.35900798 ], [ -8.42266846, 43.35908324 ], [ -8.42263811, 43.3591463 ], [ -8.42261759, 43.35917649 ], [ -8.42260893, 43.35918902 ], [ -8.42250648, 43.35933899 ], [ -8.42246708, 43.35940325 ], [ -8.42242956, 43.35949601 ], [ -8.42241029, 43.35958944 ], [ -8.42239649, 43.35969015 ], [ -8.42240227, 43.35975789 ], [ -8.42240995, 43.35977696 ], [ -8.42232675, 43.35981058 ], [ -8.42197264, 43.35929594 ], [ -8.42191646, 43.35935068 ], [ -8.42152733, 43.35941813 ], [ -8.42150125, 43.35942269 ], [ -8.42139031, 43.35944852 ], [ -8.4203964, 43.35962781 ] ] ] ] } },
{ "type": "Feature", "properties": { "CUSEC": "1503006007", "income_mean_household": 32164.0, "income_mean_person": 13728.0, "poverty_fixed_7500eur": 12.5, "poverty_relative_below60pct": 23.0, "affluence_relative_above200pct": 6.3, "child_poverty_relative_below60pct": null, "gini_index": 30.3, "p80p20_ratio": 2.6, "pct_under18": 12.4, "pct_over65": 30.7, "income_source_salary": 49.4, "income_source_pensions": 33.3, "income_source_unemployment": 1.8, "income_source_other_benefits": 5.3, "income_source_other_income": 10.2 }, "geometry": { "type": "MultiPolygon", "coordinates": [ [ [ [ -8.42093948, 43.3603729 ], [ -8.42071998, 43.36007174 ], [ -8.4203964, 43.35962781 ], [ -8.42139031, 43.35944852 ], [ -8.42150125, 43.35942269 ], [ -8.42152733, 43.35941813 ], [ -8.42191646, 43.35935068 ], [ -8.42197264, 43.35929594 ], [ -8.42232675, 43.35981058 ], [ -8.42240995, 43.35977696 ], [ -8.42242967, 43.35982567 ], [ -8.42247964, 43.35990445 ], [ -8.42278067, 43.36034311 ], [ -8.42272197, 43.36038534 ], [ -8.42218672, 43.36059802 ], [ -8.42180447, 43.36004635 ], [ -8.42152034, 43.36015361 ], [ -8.42093948, 43.3603729 ] ] ] ] } },
{ "type": "Feature", "properties": { "CUSEC": "1503006008", "income_mean_household": 30797.0, "income_mean_person": 13237.0, "poverty_fixed_7500eur": 12.0, "poverty_relative_below60pct": 24.0, "affluence_relative_above200pct": 2.3, "child_poverty_relative_below60pct": null, "gini_index": 28.1, "p80p20_ratio": 2.6, "pct_under18": 13.1, "pct_over65": 23.3, "income_source_salary": 60.6, "income_source_pensions": 25.7, "income_source_unemployment": 1.5, "income_source_other_benefits": 5.1, "income_source_other_income": 7.1 }, "geometry": { "type": "MultiPolygon", "coordinates": [ [ [ [ -8.41789544, 43.36231318 ], [ -8.41865933, 43.36197796 ], [ -8.41871503, 43.36194924 ], [ -8.41811372, 43.36163039 ], [ -8.41900253, 43.36129608 ], [ -8.41907622, 43.36126726 ], [ -8.42028673, 43.3607939 ], [ -8.4205486, 43.36115442 ], [ -8.42058561, 43.36121852 ], [ -8.42006359, 43.36142509 ], [ -8.41975626, 43.36154661 ], [ -8.41936862, 43.36169348 ], [ -8.41971874, 43.36228445 ], [ -8.41974225, 43.36245068 ], [ -8.419717, 43.36276453 ], [ -8.41958153, 43.36285455 ], [ -8.41937941, 43.36283585 ], [ -8.41886658, 43.36277509 ], [ -8.41884004, 43.36276532 ], [ -8.41790461, 43.36242242 ], [ -8.41791568, 43.36240206 ], [ -8.4179202, 43.36238451 ], [ -8.4179207, 43.36236716 ], [ -8.41791463, 43.36234219 ], [ -8.41790594, 43.36232602 ], [ -8.41789544, 43.36231318 ] ] ] ] } },
{ "type": "Feature", "properties": { "CUSEC": "1503006009", "income_mean_household": 29732.0, "income_mean_person": 13003.0, "poverty_fixed_7500eur": 12.9, "poverty_relative_below60pct": 26.9, "affluence_relative_above200pct": 3.9, "child_poverty_relative_below60pct": null, "gini_index": 30.0, "p80p20_ratio": 2.7, "pct_under18": 12.0, "pct_over65": 32.5, "income_source_salary": 49.5, "income_source_pensions": 33.8, "income_source_unemployment": 2.0, "income_source_other_benefits": 4.8, "income_source_other_income": 9.9 }, "geometry": { "type": "MultiPolygon", "coordinates": [ [ [ [ -8.41958153, 43.36285455 ], [ -8.419717, 43.36276453 ], [ -8.41974225, 43.36245068 ], [ -8.41971874, 43.36228445 ], [ -8.41936862, 43.36169348 ], [ -8.41975626, 43.36154661 ], [ -8.42006359, 43.36142509 ], [ -8.42058561, 43.36121852 ], [ -8.42113577, 43.36194846 ], [ -8.42149863, 43.36243744 ], [ -8.42170565, 43.36271662 ], [ -8.42149546, 43.36276976 ], [ -8.42113472, 43.36286115 ], [ -8.4207793, 43.362951 ], [ -8.42071005, 43.36296814 ], [ -8.42059486, 43.36299655 ], [ -8.42041784, 43.3630402 ], [ -8.41986175, 43.36318175 ], [ -8.41984856, 43.36314438 ], [ -8.41968145, 43.362963 ], [ -8.41958153, 43.36285455 ] ] ] ] } },
{ "type": "Feature", "properties": { "CUSEC": "1503006010", "income_mean_household": 22705.0, "income_mean_person": 10550.0, "poverty_fixed_7500eur": 17.6, "poverty_relative_below60pct": 38.5, "affluence_relative_above200pct": 1.3, "child_poverty_relative_below60pct": null, "gini_index": 29.0, "p80p20_ratio": 2.6, "pct_under18": 12.1, "pct_over65": 23.7, "income_source_salary": 56.9, "income_source_pensions": 30.4, "income_source_unemployment": 3.0, "income_source_other_benefits": 5.6, "income_source_other_income": 4.0 }, "geometry": { "type": "MultiPolygon", "coordinates": [ [ [ [ -8.42258458, 43.36262929 ], [ -8.42187725, 43.3616591 ], [ -8.42237966, 43.36146385 ], [ -8.42268898, 43.36134372 ], [ -8.42295379, 43.36124079 ], [ -8.42321963, 43.36113749 ], [ -8.42359107, 43.3609932 ], [ -8.4244874, 43.36152737 ], [ -8.42453355, 43.36155486 ], [ -8.42487867, 43.36176049 ], [ -8.42442411, 43.36193494 ], [ -8.42394659, 43.36211794 ], [ -8.42341028, 43.36232371 ], [ -8.42309517, 43.36244468 ], [ -8.42259103, 43.36263807 ], [ -8.42258458, 43.36262929 ] ] ] ] } },
{ "type": "Feature", "properties": { "CUSEC": "1503006011", "income_mean_household": 28105.0, "income_mean_person": 11360.0, "poverty_fixed_7500eur": 14.2, "poverty_relative_below60pct": 31.8, "affluence_relative_above200pct": 0.8, "child_poverty_relative_below60pct": null, "gini_index": 27.1, "p80p20_ratio": 2.3, "pct_under18": 14.0, "pct_over65": 24.3, "income_source_salary": 59.0, "income_source_pensions": 27.7, "income_source_unemployment": 2.4, "income_source_other_benefits": 4.2, "income_source_other_income": 6.7 }, "geometry": { "type": "MultiPolygon", "coordinates": [ [ [ [ -8.41986175, 43.36318175 ], [ -8.42041784, 43.3630402 ], [ -8.42059486, 43.36299655 ], [ -8.42071005, 43.36296814 ], [ -8.4207793, 43.362951 ], [ -8.42113472, 43.36286115 ], [ -8.4211759, 43.36297057 ], [ -8.42148562, 43.36379524 ], [ -8.42149403, 43.36381762 ], [ -8.42147835, 43.36382107 ], [ -8.42142218, 43.36383274 ], [ -8.42099024, 43.36397103 ], [ -8.42055936, 43.36410917 ], [ -8.42022942, 43.36421482 ], [ -8.41986175, 43.36318175 ] ] ] ] } },
{ "type": "Feature", "properties": { "CUSEC": "1503006012", "income_mean_household": 30083.0, "income_mean_person": 12176.0, "poverty_fixed_7500eur": 13.2, "poverty_relative_below60pct": 28.9, "affluence_relative_above200pct": 2.9, "child_poverty_relative_below60pct": null, "gini_index": 29.3, "p80p20_ratio": 2.6, "pct_under18": 15.0, "pct_over65": 29.6, "income_source_salary": 52.0, "income_source_pensions": 34.8, "income_source_unemployment": 1.8, "income_source_other_benefits": 5.2, "income_source_other_income": 6.3 }, "geometry": { "type": "MultiPolygon", "coordinates": [ [ [ [ -8.42259103, 43.36263807 ], [ -8.42309517, 43.36244468 ], [ -8.42341028, 43.36232371 ], [ -8.42394659, 43.36211794 ], [ -8.42442411, 43.36193494 ], [ -8.42487867, 43.36176049 ], [ -8.4258315, 43.36232821 ], [ -8.42533455, 43.3625042 ], [ -8.42494171, 43.36263758 ], [ -8.42444817, 43.36280509 ], [ -8.42427449, 43.36286412 ], [ -8.42392922, 43.36297608 ], [ -8.4238953, 43.36298791 ], [ -8.42305876, 43.36327938 ], [ -8.42283944, 43.3629789 ], [ -8.42259103, 43.36263807 ] ] ] ] } },
{ "type": "Feature", "properties": { "CUSEC": "1503006013", "income_mean_household": 26660.0, "income_mean_person": 11779.0, "poverty_fixed_7500eur": 14.9, "poverty_relative_below60pct": 33.9, "affluence_relative_above200pct": 2.2, "child_poverty_relative_below60pct": null, "gini_index": 30.2, "p80p20_ratio": 2.6, "pct_under18": 11.8, "pct_over65": 27.0, "income_source_salary": 56.4, "income_source_pensions": 30.0, "income_source_unemployment": 2.0, "income_source_other_benefits": 5.1, "income_source_other_income": 6.5 }, "geometry": { "type": "MultiPolygon", "coordinates": [ [ [ [ -8.42305876, 43.36327938 ], [ -8.4238953, 43.36298791 ], [ -8.42457685, 43.36392223 ], [ -8.42457443, 43.36392381 ], [ -8.4245358, 43.36394904 ], [ -8.42450382, 43.3639699 ], [ -8.42446853, 43.36399295 ], [ -8.42444308, 43.36400958 ], [ -8.42442683, 43.36402019 ], [ -8.42441164, 43.36403012 ], [ -8.42437136, 43.36405643 ], [ -8.42433536, 43.36407993 ], [ -8.42430312, 43.36410097 ], [ -8.42427203, 43.36412127 ], [ -8.42425031, 43.36413547 ], [ -8.42418993, 43.3641749 ], [ -8.42414795, 43.36420232 ], [ -8.42411204, 43.36422575 ], [ -8.4240683, 43.36425433 ], [ -8.4240199, 43.36428593 ], [ -8.42398251, 43.36431034 ], [ -8.42396103, 43.36432439 ], [ -8.42393402, 43.36434202 ], [ -8.423903, 43.36436226 ], [ -8.42388008, 43.36437724 ], [ -8.4238686, 43.36438474 ], [ -8.42386587, 43.36438649 ], [ -8.4238109, 43.36431111 ], [ -8.42375143, 43.36422956 ], [ -8.42368298, 43.36413567 ], [ -8.42365018, 43.36409068 ], [ -8.42362126, 43.36405103 ], [ -8.42359941, 43.36402105 ], [ -8.42355955, 43.36396638 ], [ -8.42349144, 43.36387299 ], [ -8.42343606, 43.36379703 ], [ -8.4233768, 43.36371574 ], [ -8.42331992, 43.36363774 ], [ -8.4232502, 43.36354213 ], [ -8.4231842, 43.36345161 ], [ -8.42315378, 43.3634099 ], [ -8.42312801, 43.36337456 ], [ -8.42309377, 43.36332759 ], [ -8.42306725, 43.36329122 ], [ -8.42305876, 43.36327938 ] ] ] ] } },
{ "type": "Feature", "properties": { "CUSEC": "1503006014", "income_mean_household": 28629.0, "income_mean_person": 12011.0, "poverty_fixed_7500eur": 16.9, "poverty_relative_below60pct": 31.2, "affluence_relative_above200pct": 4.0, "child_poverty_relative_below60pct": null, "gini_index": 31.9, "p80p20_ratio": 2.7, "pct_under18": 12.3, "pct_over65": 26.6, "income_source_salary": 55.7, "income_source_pensions": 30.0, "income_source_unemployment": 2.2, "income_source_other_benefits": 4.8, "income_source_other_income": 7.3 }, "geometry": { "type": "MultiPolygon", "coordinates": [ [ [ [ -8.42196106, 43.36503921 ], [ -8.42281367, 43.36429415 ], [ -8.42282338, 43.36428241 ], [ -8.42282808, 43.36426539 ], [ -8.42282493, 43.36425169 ], [ -8.42281425, 43.36423275 ], [ -8.42230889, 43.3635406 ], [ -8.42305876, 43.36327938 ], [ -8.42306725, 43.36329122 ], [ -8.42309377, 43.36332759 ], [ -8.42312801, 43.36337456 ], [ -8.42315378, 43.3634099 ], [ -8.4231842, 43.36345161 ], [ -8.4232502, 43.36354213 ], [ -8.42331992, 43.36363774 ], [ -8.4233768, 43.36371574 ], [ -8.42343606, 43.36379703 ], [ -8.42349144, 43.36387299 ], [ -8.42355955, 43.36396638 ], [ -8.42359941, 43.36402105 ], [ -8.42362126, 43.36405103 ], [ -8.42365018, 43.36409068 ], [ -8.42368298, 43.36413567 ], [ -8.42375143, 43.36422956 ], [ -8.4238109, 43.36431111 ], [ -8.42386587, 43.36438649 ], [ -8.42387295, 43.36439634 ], [ -8.42385373, 43.36440408 ], [ -8.42379812, 43.36442627 ], [ -8.42373253, 43.36445244 ], [ -8.42367656, 43.36447477 ], [ -8.42361751, 43.36449832 ], [ -8.42359111, 43.36451053 ], [ -8.42353594, 43.36453723 ], [ -8.42347816, 43.36456518 ], [ -8.42341512, 43.36460034 ], [ -8.4233504, 43.36463673 ], [ -8.42330277, 43.36467078 ], [ -8.42322225, 43.36472834 ], [ -8.42317175, 43.36477056 ], [ -8.42312659, 43.36480993 ], [ -8.42308901, 43.36484627 ], [ -8.42303837, 43.36490176 ], [ -8.42300892, 43.36493561 ], [ -8.42297672, 43.36497427 ], [ -8.4229544, 43.36500469 ], [ -8.4229347, 43.3650352 ], [ -8.42290119, 43.36509505 ], [ -8.42287683, 43.36514427 ], [ -8.4228688, 43.36516363 ], [ -8.42284205, 43.36524208 ], [ -8.42282266, 43.36529907 ], [ -8.42281234, 43.36533125 ], [ -8.42279328, 43.36539759 ], [ -8.42278272, 43.36544514 ], [ -8.42210568, 43.36536392 ], [ -8.42204801, 43.36522612 ], [ -8.42198154, 43.36506666 ], [ -8.42196106, 43.36503921 ] ] ] ] } },
{ "type": "Feature", "properties": { "CUSEC": "1503006015", "income_mean_household": 28473.0, "income_mean_person": 12107.0, "poverty_fixed_7500eur": 13.9, "poverty_relative_below60pct": 28.8, "affluence_relative_above200pct": 3.6, "child_poverty_relative_below60pct": null, "gini_index": 30.0, "p80p20_ratio": 2.5, "pct_under18": 11.8, "pct_over65": 25.7, "income_source_salary": 56.4, "income_source_pensions": 29.5, "income_source_unemployment": 2.9, "income_source_other_benefits": 5.3, "income_source_other_income": 5.8 }, "geometry": { "type": "MultiPolygon", "coordinates": [ [ [ [ -8.42055936, 43.36410917 ], [ -8.42099024, 43.36397103 ], [ -8.42142218, 43.36383274 ], [ -8.42147835, 43.36382107 ], [ -8.4214852, 43.36383837 ], [ -8.42195277, 43.36502817 ], [ -8.42196106, 43.36503921 ], [ -8.42198154, 43.36506666 ], [ -8.42204801, 43.36522612 ], [ -8.42210568, 43.36536392 ], [ -8.42278272, 43.36544514 ], [ -8.42272934, 43.36568522 ], [ -8.42269834, 43.36574464 ], [ -8.42269829, 43.36574474 ], [ -8.42268058, 43.36577862 ], [ -8.42255015, 43.36624161 ], [ -8.42253036, 43.36627769 ], [ -8.42247823, 43.36637538 ], [ -8.42245121, 43.3664256 ], [ -8.42239411, 43.36647953 ], [ -8.42232246, 43.36650436 ], [ -8.42187239, 43.36663214 ], [ -8.42182902, 43.36632231 ], [ -8.42146985, 43.36613335 ], [ -8.42138566, 43.36605307 ], [ -8.42144858, 43.36555997 ], [ -8.42096842, 43.36567 ], [ -8.42094523, 43.36559156 ], [ -8.42079967, 43.3652198 ], [ -8.42079439, 43.36520621 ], [ -8.42076027, 43.36512291 ], [ -8.42070121, 43.36485691 ], [ -8.42070001, 43.36482592 ], [ -8.42069693, 43.36474963 ], [ -8.4206445, 43.36451136 ], [ -8.42055936, 43.36410917 ] ] ] ] } },
{ "type": "Feature", "properties": { "CUSEC": "1503006016", "income_mean_household": 28962.0, "income_mean_person": 11933.0, "poverty_fixed_7500eur": 14.6, "poverty_relative_below60pct": 32.1, "affluence_relative_above200pct": 3.2, "child_poverty_relative_below60pct": null, "gini_index": 30.4, "p80p20_ratio": 2.6, "pct_under18": 12.7, "pct_over65": 22.4, "income_source_salary": 58.0, "income_source_pensions": 28.2, "income_source_unemployment": 2.0, "income_source_other_benefits": 5.3, "income_source_other_income": 6.6 }, "geometry": { "type": "MultiPolygon", "coordinates": [ [ [ [ -8.42269834, 43.36574464 ], [ -8.42272934, 43.36568522 ], [ -8.42278272, 43.36544514 ], [ -8.42279328, 43.36539759 ], [ -8.42281234, 43.36533125 ], [ -8.42282266, 43.36529907 ], [ -8.42284205, 43.36524208 ], [ -8.4228688, 43.36516363 ], [ -8.42287683, 43.36514427 ], [ -8.42290119, 43.36509505 ], [ -8.4229347, 43.3650352 ], [ -8.4229544, 43.36500469 ], [ -8.42297672, 43.36497427 ], [ -8.42300892, 43.36493561 ], [ -8.42303837, 43.36490176 ], [ -8.42308901, 43.36484627 ], [ -8.42312659, 43.36480993 ], [ -8.42317175, 43.36477056 ], [ -8.42322225, 43.36472834 ], [ -8.42330277, 43.36467078 ], [ -8.4233504, 43.36463673 ], [ -8.42341512, 43.36460034 ], [ -8.42347816, 43.36456518 ], [ -8.42353594, 43.36453723 ], [ -8.42359111, 43.36451053 ], [ -8.42361751, 43.36449832 ], [ -8.42367656, 43.36447477 ], [ -8.42373253, 43.36445244 ], [ -8.42379812, 43.36442627 ], [ -8.42385373, 43.36440408 ], [ -8.42387295, 43.36439634 ], [ -8.42386587, 43.36438649 ], [ -8.4238686, 43.36438474 ], [ -8.42388008, 43.36437724 ], [ -8.423903, 43.36436226 ], [ -8.42393402, 43.36434202 ], [ -8.42396103, 43.36432439 ], [ -8.42398251, 43.36431034 ], [ -8.4240199, 43.36428593 ], [ -8.4240683, 43.36425433 ], [ -8.42411204, 43.36422575 ], [ -8.42414795, 43.36420232 ], [ -8.42418993, 43.3641749 ], [ -8.42425031, 43.36413547 ], [ -8.42427203, 43.36412127 ], [ -8.42430312, 43.36410097 ], [ -8.42433536, 43.36407993 ], [ -8.42437136, 43.36405643 ], [ -8.42441164, 43.36403012 ], [ -8.42442683, 43.36402019 ], [ -8.42444308, 43.36400958 ], [ -8.42446853, 43.36399295 ], [ -8.42450382, 43.3639699 ], [ -8.4245358, 43.36394904 ], [ -8.42457443, 43.36392381 ], [ -8.42457685, 43.36392223 ], [ -8.42459336, 43.36394994 ], [ -8.42460642, 43.36397839 ], [ -8.42462359, 43.36403023 ], [ -8.42469694, 43.3644131 ], [ -8.42482376, 43.36507405 ], [ -8.42443331, 43.36519123 ], [ -8.42446285, 43.3652376 ], [ -8.42446211, 43.36523814 ], [ -8.42445621, 43.36524232 ], [ -8.42439262, 43.36528771 ], [ -8.42434084, 43.36532469 ], [ -8.42427979, 43.3653683 ], [ -8.42418423, 43.36543653 ], [ -8.4240189, 43.36555463 ], [ -8.42383564, 43.36568553 ], [ -8.4237315, 43.36575992 ], [ -8.42364216, 43.36582372 ], [ -8.4236119, 43.36584534 ], [ -8.42356048, 43.36585806 ], [ -8.42343889, 43.36584209 ], [ -8.4232264, 43.36581416 ], [ -8.42297827, 43.36578153 ], [ -8.42279037, 43.36575684 ], [ -8.42270888, 43.36574613 ], [ -8.42269834, 43.36574464 ] ] ] ] } },
{ "type": "Feature", "properties": { "CUSEC": "1503006017", "income_mean_household": 32829.0, "income_mean_person": 13531.0, "poverty_fixed_7500eur": 10.6, "poverty_relative_below60pct": 27.2, "affluence_relative_above200pct": 6.3, "child_poverty_relative_below60pct": null, "gini_index": 31.3, "p80p20_ratio": 2.7, "pct_under18": 12.7, "pct_over65": 24.8, "income_source_salary": 60.1, "income_source_pensions": 27.4, "income_source_unemployment": 1.7, "income_source_other_benefits": 4.0, "income_source_other_income": 6.7 }, "geometry": { "type": "MultiPolygon", "coordinates": [ [ [ [ -8.41573792, 43.36128609 ], [ -8.41577529, 43.36124899 ], [ -8.41582811, 43.36119641 ], [ -8.41600046, 43.36105161 ], [ -8.4163957, 43.36071939 ], [ -8.41642671, 43.36069088 ], [ -8.41646765, 43.36066941 ], [ -8.41648178, 43.36066067 ], [ -8.41668806, 43.36048892 ], [ -8.41676613, 43.36043853 ], [ -8.41683762, 43.3604006 ], [ -8.41750427, 43.36010164 ], [ -8.41791248, 43.36056863 ], [ -8.41849992, 43.36037314 ], [ -8.4187174, 43.36070697 ], [ -8.41878974, 43.36081817 ], [ -8.41750984, 43.36131006 ], [ -8.41724183, 43.36116805 ], [ -8.41691419, 43.36151442 ], [ -8.41676972, 43.36137755 ], [ -8.41635138, 43.36204505 ], [ -8.41603561, 43.36165437 ], [ -8.41602902, 43.36164622 ], [ -8.41585758, 43.36143412 ], [ -8.41582, 43.36138765 ], [ -8.41578498, 43.36134424 ], [ -8.41573792, 43.36128609 ] ] ] ] } },
{ "type": "Feature", "properties": { "CUSEC": "1503006018", "income_mean_household": 32103.0, "income_mean_person": 14121.0, "poverty_fixed_7500eur": 9.3, "poverty_relative_below60pct": 28.8, "affluence_relative_above200pct": 5.1, "child_poverty_relative_below60pct": null, "gini_index": 30.1, "p80p20_ratio": 2.7, "pct_under18": 11.6, "pct_over65": 31.0, "income_source_salary": 48.6, "income_source_pensions": 34.6, "income_source_unemployment": 1.3, "income_source_other_benefits": 4.1, "income_source_other_income": 11.4 }, "geometry": { "type": "MultiPolygon", "coordinates": [ [ [ [ -8.41635138, 43.36204505 ], [ -8.41676972, 43.36137755 ], [ -8.41691419, 43.36151442 ], [ -8.41724183, 43.36116805 ], [ -8.41750984, 43.36131006 ], [ -8.41811372, 43.36163039 ], [ -8.41871503, 43.36194924 ], [ -8.41865933, 43.36197796 ], [ -8.41789544, 43.36231318 ], [ -8.41787548, 43.36229569 ], [ -8.41784782, 43.3622805 ], [ -8.4178224, 43.36227194 ], [ -8.41779382, 43.3622671 ], [ -8.41776335, 43.36226613 ], [ -8.41773502, 43.36226967 ], [ -8.41771002, 43.36227637 ], [ -8.41768414, 43.36228796 ], [ -8.41766674, 43.36229939 ], [ -8.41764955, 43.36231523 ], [ -8.41763893, 43.36232986 ], [ -8.41762975, 43.3623518 ], [ -8.41762662, 43.36236546 ], [ -8.41762656, 43.36238121 ], [ -8.41763365, 43.36240711 ], [ -8.41764496, 43.36242515 ], [ -8.41691722, 43.36274255 ], [ -8.41635138, 43.36204505 ] ] ] ] } },
{ "type": "Feature", "properties": { "CUSEC": "1503006019", "income_mean_household": 33917.0, "income_mean_person": 13438.0, "poverty_fixed_7500eur": 15.6, "poverty_relative_below60pct": 32.2, "affluence_relative_above200pct": 6.4, "child_poverty_relative_below60pct": null, "gini_index": 33.7, "p80p20_ratio": 2.9, "pct_under18": 12.6, "pct_over65": 27.1, "income_source_salary": 47.1, "income_source_pensions": 29.1, "income_source_unemployment": 1.6, "income_source_other_benefits": 4.4, "income_source_other_income": 17.9 }, "geometry": { "type": "MultiPolygon", "coordinates": [ [ [ [ -8.41750427, 43.36010164 ], [ -8.41759637, 43.36006032 ], [ -8.4180722, 43.35986708 ], [ -8.41810467, 43.359853 ], [ -8.41828574, 43.35977452 ], [ -8.41914685, 43.35940107 ], [ -8.41923039, 43.35936544 ], [ -8.41963066, 43.35990254 ], [ -8.41997074, 43.3603588 ], [ -8.41907229, 43.36070866 ], [ -8.41889305, 43.36077845 ], [ -8.41878974, 43.36081817 ], [ -8.4187174, 43.36070697 ], [ -8.41849992, 43.36037314 ], [ -8.41791248, 43.36056863 ], [ -8.41750427, 43.36010164 ] ] ] ] } },
{ "type": "Feature", "properties": { "CUSEC": "1503006020", "income_mean_household": 28839.0, "income_mean_person": 12027.0, "poverty_fixed_7500eur": 15.5, "poverty_relative_below60pct": 32.7, "affluence_relative_above200pct": 3.4, "child_poverty_relative_below60pct": null, "gini_index": 30.7, "p80p20_ratio": 2.8, "pct_under18": 13.9, "pct_over65": 30.5, "income_source_salary": 50.7, "income_source_pensions": 34.5, "income_source_unemployment": 1.9, "income_source_other_benefits": 4.0, "income_source_other_income": 8.9 }, "geometry": { "type": "MultiPolygon", "coordinates": [ [ [ [ -8.42170565, 43.36271662 ], [ -8.42149863, 43.36243744 ], [ -8.42113577, 43.36194846 ], [ -8.42058561, 43.36121852 ], [ -8.4212127, 43.36097048 ], [ -8.42134684, 43.36093162 ], [ -8.42151069, 43.36115641 ], [ -8.42187725, 43.3616591 ], [ -8.42258458, 43.36262929 ], [ -8.42185273, 43.36291565 ], [ -8.42180632, 43.3628522 ], [ -8.42170565, 43.36271662 ] ] ] ] } },
{ "type": "Feature", "properties": { "CUSEC": "1503006021", "income_mean_household": 29827.0, "income_mean_person": 12333.0, "poverty_fixed_7500eur": 11.9, "poverty_relative_below60pct": 31.2, "affluence_relative_above200pct": 3.2, "child_poverty_relative_below60pct": null, "gini_index": 29.7, "p80p20_ratio": 2.6, "pct_under18": 13.7, "pct_over65": 29.4, "income_source_salary": 54.1, "income_source_pensions": 32.6, "income_source_unemployment": 1.5, "income_source_other_benefits": 4.5, "income_source_other_income": 7.3 }, "geometry": { "type": "MultiPolygon", "coordinates": [ [ [ [ -8.42113472, 43.36286115 ], [ -8.42149546, 43.36276976 ], [ -8.42170565, 43.36271662 ], [ -8.42180632, 43.3628522 ], [ -8.42185273, 43.36291565 ], [ -8.42258458, 43.36262929 ], [ -8.42259103, 43.36263807 ], [ -8.42283944, 43.3629789 ], [ -8.42305876, 43.36327938 ], [ -8.42230889, 43.3635406 ], [ -8.4215434, 43.36380723 ], [ -8.42149403, 43.36381762 ], [ -8.42148562, 43.36379524 ], [ -8.4211759, 43.36297057 ], [ -8.42113472, 43.36286115 ] ] ] ] } },
{ "type": "Feature", "properties": { "CUSEC": "1503006022", "income_mean_household": 27283.0, "income_mean_person": 11159.0, "poverty_fixed_7500eur": 15.2, "poverty_relative_below60pct": 31.9, "affluence_relative_above200pct": 1.0, "child_poverty_relative_below60pct": null, "gini_index": 27.3, "p80p20_ratio": 2.3, "pct_under18": 12.3, "pct_over65": 25.1, "income_source_salary": 57.0, "income_source_pensions": 29.0, "income_source_unemployment": 2.3, "income_source_other_benefits": 5.7, "income_source_other_income": 6.1 }, "geometry": { "type": "MultiPolygon", "coordinates": [ [ [ [ -8.42147835, 43.36382107 ], [ -8.42149403, 43.36381762 ], [ -8.4215434, 43.36380723 ], [ -8.42230889, 43.3635406 ], [ -8.42281425, 43.36423275 ], [ -8.42282493, 43.36425169 ], [ -8.42282808, 43.36426539 ], [ -8.42282338, 43.36428241 ], [ -8.42281367, 43.36429415 ], [ -8.42196106, 43.36503921 ], [ -8.42195277, 43.36502817 ], [ -8.4214852, 43.36383837 ], [ -8.42147835, 43.36382107 ] ] ] ] } },
{ "type": "Feature", "properties": { "CUSEC": "1503006023", "income_mean_household": 31125.0, "income_mean_person": 13522.0, "poverty_fixed_7500eur": 9.5, "poverty_relative_below60pct": 26.0, "affluence_relative_above200pct": 4.5, "child_poverty_relative_below60pct": null, "gini_index": 29.3, "p80p20_ratio": 2.7, "pct_under18": 10.5, "pct_over65": 31.9, "income_source_salary": 51.1, "income_source_pensions": 34.2, "income_source_unemployment": 1.7, "income_source_other_benefits": 4.8, "income_source_other_income": 8.2 }, "geometry": { "type": "MultiPolygon", "coordinates": [ [ [ [ -8.42134684, 43.36093162 ], [ -8.42119223, 43.3607195 ], [ -8.42093948, 43.3603729 ], [ -8.42152034, 43.36015361 ], [ -8.42180447, 43.36004635 ], [ -8.42218672, 43.36059802 ], [ -8.42272197, 43.36038534 ], [ -8.42278067, 43.36034311 ], [ -8.42278964, 43.36035623 ], [ -8.42295532, 43.36059747 ], [ -8.42300047, 43.36064119 ], [ -8.42314833, 43.36072939 ], [ -8.42359107, 43.3609932 ], [ -8.42321963, 43.36113749 ], [ -8.42295379, 43.36124079 ], [ -8.42268898, 43.36134372 ], [ -8.42237966, 43.36146385 ], [ -8.42187725, 43.3616591 ], [ -8.42151069, 43.36115641 ], [ -8.42134684, 43.36093162 ] ] ] ] } },
{ "type": "Feature", "properties": { "CUSEC": "1503007001", "income_mean_household": 34977.0, "income_mean_person": 14380.0, "poverty_fixed_7500eur": 10.3, "poverty_relative_below60pct": 25.6, "affluence_relative_above200pct": 8.3, "child_poverty_relative_below60pct": null, "gini_index": 32.3, "p80p20_ratio": 2.8, "pct_under18": 11.8, "pct_over65": 26.5, "income_source_salary": 57.2, "income_source_pensions": 28.4, "income_source_unemployment": 1.7, "income_source_other_benefits": 4.5, "income_source_other_income": 8.2 }, "geometry": { "type": "MultiPolygon", "coordinates": [ [ [ [ -8.39375336, 43.35365056 ], [ -8.39459155, 43.35343566 ], [ -8.3945918, 43.35343578 ], [ -8.39470417, 43.35348848 ], [ -8.39558737, 43.35370636 ], [ -8.39571835, 43.35342574 ], [ -8.39566363, 43.35340676 ], [ -8.39574726, 43.35323651 ], [ -8.39632899, 43.35314616 ], [ -8.39657892, 43.35307371 ], [ -8.39683407, 43.3530784 ], [ -8.39683413, 43.35307841 ], [ -8.39687404, 43.35307914 ], [ -8.39690871, 43.3530798 ], [ -8.39769581, 43.35309427 ], [ -8.3978496, 43.35310564 ], [ -8.39782628, 43.35312674 ], [ -8.39756769, 43.35344424 ], [ -8.39724358, 43.35384228 ], [ -8.39717797, 43.35392284 ], [ -8.39695899, 43.35419167 ], [ -8.39689158, 43.35426155 ], [ -8.3965726, 43.35422006 ], [ -8.39611102, 43.35419207 ], [ -8.39593067, 43.35417382 ], [ -8.39585518, 43.35416075 ], [ -8.39574715, 43.35414206 ], [ -8.39542699, 43.35406329 ], [ -8.39446422, 43.35382768 ], [ -8.39435866, 43.35379982 ], [ -8.39375336, 43.35365056 ] ] ] ] } },
{ "type": "Feature", "properties": { "CUSEC": "1503007002", "income_mean_household": 35865.0, "income_mean_person": 16308.0, "poverty_fixed_7500eur": 5.5, "poverty_relative_below60pct": 15.4, "affluence_relative_above200pct": 9.5, "child_poverty_relative_below60pct": null, "gini_index": 27.8, "p80p20_ratio": 2.4, "pct_under18": 12.3, "pct_over65": 29.2, "income_source_salary": 57.0, "income_source_pensions": 28.7, "income_source_unemployment": 1.1, "income_source_other_benefits": 3.0, "income_source_other_income": 10.3 }, "geometry": { "type": "MultiPolygon", "coordinates": [ [ [ [ -8.39089535, 43.35294591 ], [ -8.39088182, 43.35292581 ], [ -8.39084797, 43.35287351 ], [ -8.39081255, 43.35281471 ], [ -8.39077743, 43.35275177 ], [ -8.39073961, 43.3526769 ], [ -8.39068927, 43.35257743 ], [ -8.39065481, 43.35251 ], [ -8.39059343, 43.3523949 ], [ -8.39054903, 43.35231164 ], [ -8.39051307, 43.3522455 ], [ -8.39047385, 43.35217336 ], [ -8.39047442, 43.35216932 ], [ -8.39074843, 43.35213761 ], [ -8.39140302, 43.35206178 ], [ -8.39141185, 43.35206926 ], [ -8.39145628, 43.35210818 ], [ -8.39153183, 43.35217432 ], [ -8.39159335, 43.35219562 ], [ -8.39169261, 43.35223001 ], [ -8.39180954, 43.35227053 ], [ -8.39191055, 43.35230552 ], [ -8.39202751, 43.35234605 ], [ -8.39228852, 43.35243649 ], [ -8.39259173, 43.35254155 ], [ -8.39270525, 43.35258089 ], [ -8.39290671, 43.35265068 ], [ -8.3930437, 43.35269799 ], [ -8.39307085, 43.35270123 ], [ -8.39316686, 43.35271271 ], [ -8.39327123, 43.35272519 ], [ -8.39335412, 43.3527351 ], [ -8.39351346, 43.35275415 ], [ -8.39366476, 43.35277225 ], [ -8.39375388, 43.3527829 ], [ -8.3938389, 43.35279307 ], [ -8.39403997, 43.35281711 ], [ -8.39416255, 43.35283159 ], [ -8.39422347, 43.35283734 ], [ -8.39426033, 43.3528408 ], [ -8.39434622, 43.35284886 ], [ -8.39447712, 43.35286114 ], [ -8.39461315, 43.35287392 ], [ -8.3946681, 43.35286995 ], [ -8.3946929, 43.35287221 ], [ -8.39475964, 43.35287825 ], [ -8.39484529, 43.35288602 ], [ -8.39492736, 43.35289358 ], [ -8.39498161, 43.352899 ], [ -8.39498077, 43.35290725 ], [ -8.39497347, 43.35294808 ], [ -8.39496454, 43.35299778 ], [ -8.39495898, 43.35302878 ], [ -8.39495197, 43.3530679 ], [ -8.39494261, 43.3531201 ], [ -8.39494042, 43.35313241 ], [ -8.39494039, 43.35313348 ], [ -8.39494168, 43.35313801 ], [ -8.39494638, 43.3531546 ], [ -8.39495579, 43.35318765 ], [ -8.39498052, 43.35327469 ], [ -8.39500274, 43.35335216 ], [ -8.39494846, 43.35336059 ], [ -8.39480355, 43.35338308 ], [ -8.39478269, 43.35338659 ], [ -8.39474106, 43.35339726 ], [ -8.39463919, 43.35342341 ], [ -8.3945918, 43.35343578 ], [ -8.39459155, 43.35343566 ], [ -8.39375336, 43.35365056 ], [ -8.39361638, 43.35361681 ], [ -8.39348395, 43.35358415 ], [ -8.39338463, 43.35355966 ], [ -8.39322903, 43.3535213 ], [ -8.39307763, 43.35348398 ], [ -8.39289171, 43.35343814 ], [ -8.39267711, 43.35338522 ], [ -8.39249192, 43.35333957 ], [ -8.39225666, 43.35328156 ], [ -8.39198572, 43.35321476 ], [ -8.39181524, 43.35317273 ], [ -8.39157608, 43.35311376 ], [ -8.39132731, 43.3530524 ], [ -8.39114936, 43.35300854 ], [ -8.39101094, 43.35297444 ], [ -8.39091361, 43.35295041 ], [ -8.39089535, 43.35294591 ] ] ] ] } },
{ "type": "Feature", "properties": { "CUSEC": "1503007003", "income_mean_household": 30836.0, "income_mean_person": 14073.0, "poverty_fixed_7500eur": 10.8, "poverty_relative_below60pct": 23.2, "affluence_relative_above200pct": 5.5, "child_poverty_relative_below60pct": null, "gini_index": 28.1, "p80p20_ratio": 2.6, "pct_under18": 12.3, "pct_over65": 20.6, "income_source_salary": 67.1, "income_source_pensions": 21.4, "income_source_unemployment": 1.9, "income_source_other_benefits": 3.7, "income_source_other_income": 6.0 }, "geometry": { "type": "MultiPolygon", "coordinates": [ [ [ [ -8.3945918, 43.35343578 ], [ -8.39463919, 43.35342341 ], [ -8.39474106, 43.35339726 ], [ -8.39478269, 43.35338659 ], [ -8.39480355, 43.35338308 ], [ -8.39494846, 43.35336059 ], [ -8.39500274, 43.35335216 ], [ -8.39498052, 43.35327469 ], [ -8.39495579, 43.35318765 ], [ -8.39494638, 43.3531546 ], [ -8.39494168, 43.35313801 ], [ -8.39494039, 43.35313348 ], [ -8.39494042, 43.35313241 ], [ -8.39494261, 43.3531201 ], [ -8.39495197, 43.3530679 ], [ -8.39495898, 43.35302878 ], [ -8.39496454, 43.35299778 ], [ -8.39497347, 43.35294808 ], [ -8.39498077, 43.35290725 ], [ -8.39498161, 43.352899 ], [ -8.39492736, 43.35289358 ], [ -8.39484529, 43.35288602 ], [ -8.39475964, 43.35287825 ], [ -8.3946929, 43.35287221 ], [ -8.3946681, 43.35286995 ], [ -8.39461315, 43.35287392 ], [ -8.39447712, 43.35286114 ], [ -8.39434622, 43.35284886 ], [ -8.39426033, 43.3528408 ], [ -8.39422347, 43.35283734 ], [ -8.39424231, 43.35276611 ], [ -8.39429091, 43.35272113 ], [ -8.39445959, 43.35256492 ], [ -8.39453054, 43.35249921 ], [ -8.39457347, 43.35245947 ], [ -8.39461358, 43.35242232 ], [ -8.39463213, 43.35240515 ], [ -8.39467656, 43.35240863 ], [ -8.39468233, 43.35240825 ], [ -8.39468155, 43.3524091 ], [ -8.39469289, 43.35241016 ], [ -8.39472145, 43.35241285 ], [ -8.3948401, 43.35241266 ], [ -8.39494021, 43.35241231 ], [ -8.39507286, 43.35241188 ], [ -8.39532634, 43.35241034 ], [ -8.39546148, 43.35240696 ], [ -8.39551657, 43.35240058 ], [ -8.3955774, 43.35238968 ], [ -8.39561686, 43.35238029 ], [ -8.39574871, 43.35234892 ], [ -8.39594484, 43.35230225 ], [ -8.39612156, 43.3522602 ], [ -8.39616058, 43.35225093 ], [ -8.39618294, 43.35224544 ], [ -8.39620236, 43.35224001 ], [ -8.39623645, 43.35223045 ], [ -8.39626838, 43.35222154 ], [ -8.39662332, 43.35274963 ], [ -8.39662749, 43.3527523 ], [ -8.39664013, 43.35277236 ], [ -8.39667707, 43.35283068 ], [ -8.39671225, 43.35288709 ], [ -8.39673411, 43.35292123 ], [ -8.39677467, 43.35298511 ], [ -8.39680728, 43.35303617 ], [ -8.39681961, 43.35305574 ], [ -8.39683319, 43.35307661 ], [ -8.39683413, 43.35307841 ], [ -8.39683407, 43.3530784 ], [ -8.39657892, 43.35307371 ], [ -8.39632899, 43.35314616 ], [ -8.39574726, 43.35323651 ], [ -8.39566363, 43.35340676 ], [ -8.39571835, 43.35342574 ], [ -8.39558737, 43.35370636 ], [ -8.39470417, 43.35348848 ], [ -8.3945918, 43.35343578 ] ] ] ] } },
{ "type": "Feature", "properties": { "CUSEC": "1503007004", "income_mean_household": 36552.0, "income_mean_person": 15643.0, "poverty_fixed_7500eur": 8.3, "poverty_relative_below60pct": 15.5, "affluence_relative_above200pct": 9.2, "child_poverty_relative_below60pct": null, "gini_index": 27.7, "p80p20_ratio": 2.4, "pct_under18": 14.2, "pct_over65": 32.5, "income_source_salary": 52.9, "income_source_pensions": 34.5, "income_source_unemployment": 1.1, "income_source_other_benefits": 3.1, "income_source_other_income": 8.4 }, "geometry": { "type": "MultiPolygon", "coordinates": [ [ [ [ -8.39069369, 43.35289983 ], [ -8.39046978, 43.3528448 ], [ -8.39019192, 43.3527765 ], [ -8.38992129, 43.35270998 ], [ -8.38974545, 43.35266674 ], [ -8.38939168, 43.35257978 ], [ -8.38914425, 43.35251894 ], [ -8.3890408, 43.35249352 ], [ -8.38893654, 43.3524679 ], [ -8.38881218, 43.35243733 ], [ -8.3887163, 43.35241374 ], [ -8.38862087, 43.35238886 ], [ -8.38857827, 43.3523769 ], [ -8.38851281, 43.35235359 ], [ -8.38849565, 43.35234601 ], [ -8.38845594, 43.35232599 ], [ -8.38841419, 43.35230012 ], [ -8.38838487, 43.35228093 ], [ -8.38834637, 43.35225086 ], [ -8.38831091, 43.35221986 ], [ -8.38828448, 43.35219454 ], [ -8.3882701, 43.35218031 ], [ -8.38824272, 43.35214497 ], [ -8.38822241, 43.3521151 ], [ -8.38821354, 43.35210062 ], [ -8.38818792, 43.3520505 ], [ -8.38817257, 43.35201611 ], [ -8.38814805, 43.35196668 ], [ -8.38813068, 43.35193179 ], [ -8.3881212, 43.35191208 ], [ -8.38814706, 43.35182741 ], [ -8.38817191, 43.35174617 ], [ -8.38819517, 43.35167003 ], [ -8.38820862, 43.35162601 ], [ -8.38823112, 43.35155244 ], [ -8.38825313, 43.35148014 ], [ -8.38827204, 43.35141824 ], [ -8.38828055, 43.35139031 ], [ -8.38828922, 43.35136724 ], [ -8.38831052, 43.35131232 ], [ -8.38833563, 43.35124759 ], [ -8.3883532, 43.35120227 ], [ -8.38836654, 43.35117035 ], [ -8.38837544, 43.35115044 ], [ -8.38840193, 43.35109108 ], [ -8.3884199, 43.35105079 ], [ -8.38844058, 43.35100448 ], [ -8.38846385, 43.35095235 ], [ -8.38848663, 43.35090134 ], [ -8.38850178, 43.35086737 ], [ -8.3885125, 43.35084497 ], [ -8.38852064, 43.35083073 ], [ -8.38880495, 43.35090044 ], [ -8.38881663, 43.35090339 ], [ -8.38885172, 43.35091194 ], [ -8.38921727, 43.35072236 ], [ -8.38925368, 43.35069619 ], [ -8.38955058, 43.35110045 ], [ -8.38957573, 43.35113842 ], [ -8.38960566, 43.35119276 ], [ -8.38963451, 43.3512539 ], [ -8.38967686, 43.35134958 ], [ -8.38972396, 43.35145697 ], [ -8.38976358, 43.35155163 ], [ -8.38981444, 43.35167285 ], [ -8.39006743, 43.35163303 ], [ -8.39019728, 43.35161266 ], [ -8.39020652, 43.3516399 ], [ -8.3902252, 43.35168503 ], [ -8.39023099, 43.351699 ], [ -8.39025029, 43.35174539 ], [ -8.39027776, 43.35180724 ], [ -8.39030208, 43.35185634 ], [ -8.39037149, 43.35198511 ], [ -8.3904718, 43.35216962 ], [ -8.39047442, 43.35216932 ], [ -8.39047385, 43.35217336 ], [ -8.39051307, 43.3522455 ], [ -8.39054903, 43.35231164 ], [ -8.39059343, 43.3523949 ], [ -8.39065481, 43.35251 ], [ -8.39068927, 43.35257743 ], [ -8.39073961, 43.3526769 ], [ -8.39077743, 43.35275177 ], [ -8.39081255, 43.35281471 ], [ -8.39084797, 43.35287351 ], [ -8.39088182, 43.35292581 ], [ -8.39089535, 43.35294591 ], [ -8.39079709, 43.35292168 ], [ -8.39074904, 43.35290979 ], [ -8.39074075, 43.35290773 ], [ -8.39074038, 43.35291131 ], [ -8.39071967, 43.35290622 ], [ -8.39069369, 43.35289983 ] ] ] ] } },
{ "type": "Feature", "properties": { "CUSEC": "1503007005", "income_mean_household": 35222.0, "income_mean_person": 14981.0, "poverty_fixed_7500eur": 6.2, "poverty_relative_below60pct": 19.9, "affluence_relative_above200pct": 6.9, "child_poverty_relative_below60pct": null, "gini_index": 28.3, "p80p20_ratio": 2.7, "pct_under18": 14.5, "pct_over65": 25.8, "income_source_salary": 60.2, "income_source_pensions": 27.2, "income_source_unemployment": 1.3, "income_source_other_benefits": 4.3, "income_source_other_income": 6.9 }, "geometry": { "type": "MultiPolygon", "coordinates": [ [ [ [ -8.39140302, 43.35206178 ], [ -8.3914033, 43.35206175 ], [ -8.39166976, 43.35203094 ], [ -8.39209839, 43.35199673 ], [ -8.39231195, 43.35195724 ], [ -8.39231345, 43.35195697 ], [ -8.39232375, 43.35195504 ], [ -8.39235786, 43.35194786 ], [ -8.39243152, 43.3519321 ], [ -8.39248685, 43.35192019 ], [ -8.3925382, 43.35190915 ], [ -8.39256411, 43.35190365 ], [ -8.39258602, 43.35190036 ], [ -8.39268334, 43.35188647 ], [ -8.39313585, 43.35182187 ], [ -8.39358355, 43.35175795 ], [ -8.39361691, 43.35175326 ], [ -8.39363001, 43.35176022 ], [ -8.39380337, 43.35185217 ], [ -8.39383294, 43.35184796 ], [ -8.39413415, 43.35180512 ], [ -8.39461819, 43.35173627 ], [ -8.39478865, 43.35171202 ], [ -8.3947923, 43.35171163 ], [ -8.39483148, 43.35174947 ], [ -8.39498491, 43.35224572 ], [ -8.39492708, 43.35226359 ], [ -8.39481273, 43.35228549 ], [ -8.39468467, 43.35240582 ], [ -8.39468459, 43.35240582 ], [ -8.39468233, 43.35240825 ], [ -8.39467656, 43.35240863 ], [ -8.39463213, 43.35240515 ], [ -8.39461358, 43.35242232 ], [ -8.39457347, 43.35245947 ], [ -8.39453054, 43.35249921 ], [ -8.39445959, 43.35256492 ], [ -8.39429091, 43.35272113 ], [ -8.39424231, 43.35276611 ], [ -8.39422347, 43.35283734 ], [ -8.39416255, 43.35283159 ], [ -8.39403997, 43.35281711 ], [ -8.3938389, 43.35279307 ], [ -8.39375388, 43.3527829 ], [ -8.39366476, 43.35277225 ], [ -8.39351346, 43.35275415 ], [ -8.39335412, 43.3527351 ], [ -8.39327123, 43.35272519 ], [ -8.39316686, 43.35271271 ], [ -8.39307085, 43.35270123 ], [ -8.3930437, 43.35269799 ], [ -8.39290671, 43.35265068 ], [ -8.39270525, 43.35258089 ], [ -8.39259173, 43.35254155 ], [ -8.39228852, 43.35243649 ], [ -8.39202751, 43.35234605 ], [ -8.39191055, 43.35230552 ], [ -8.39180954, 43.35227053 ], [ -8.39169261, 43.35223001 ], [ -8.39159335, 43.35219562 ], [ -8.39153183, 43.35217432 ], [ -8.39145628, 43.35210818 ], [ -8.39141185, 43.35206926 ], [ -8.39140302, 43.35206178 ] ] ] ] } },
{ "type": "Feature", "properties": { "CUSEC": "1503007006", "income_mean_household": 36453.0, "income_mean_person": 15657.0, "poverty_fixed_7500eur": 7.9, "poverty_relative_below60pct": 17.6, "affluence_relative_above200pct": 11.8, "child_poverty_relative_below60pct": null, "gini_index": 29.8, "p80p20_ratio": 2.7, "pct_under18": 13.5, "pct_over65": 26.9, "income_source_salary": 57.2, "income_source_pensions": 26.4, "income_source_unemployment": 1.2, "income_source_other_benefits": 3.2, "income_source_other_income": 12.0 }, "geometry": { "type": "MultiPolygon", "coordinates": [ [ [ [ -8.38852064, 43.35083073 ], [ -8.38876716, 43.35039967 ], [ -8.38879063, 43.35037153 ], [ -8.38881993, 43.35034458 ], [ -8.38887168, 43.35031208 ], [ -8.38893208, 43.35028286 ], [ -8.3897265, 43.34998347 ], [ -8.38980876, 43.34995904 ], [ -8.3907727, 43.34971316 ], [ -8.39100971, 43.34965272 ], [ -8.39114849, 43.34961727 ], [ -8.3911607, 43.34961417 ], [ -8.39117522, 43.34957257 ], [ -8.39119014, 43.34952124 ], [ -8.39119335, 43.34950808 ], [ -8.39131421, 43.34952827 ], [ -8.3913471, 43.34953376 ], [ -8.39139658, 43.34954844 ], [ -8.3914305, 43.34956161 ], [ -8.39144594, 43.34956914 ], [ -8.39145981, 43.34957626 ], [ -8.3914809, 43.34959067 ], [ -8.39150032, 43.34961015 ], [ -8.391509, 43.34962038 ], [ -8.39151747, 43.34963355 ], [ -8.39152233, 43.34964364 ], [ -8.39153118, 43.34967241 ], [ -8.39153399, 43.34968667 ], [ -8.39153609, 43.34971323 ], [ -8.39153653, 43.3497381 ], [ -8.39153625, 43.34976845 ], [ -8.39153278, 43.34988196 ], [ -8.39153461, 43.35000785 ], [ -8.39154183, 43.35011426 ], [ -8.39154917, 43.35018065 ], [ -8.3915843, 43.3504073 ], [ -8.39163194, 43.35066563 ], [ -8.39176146, 43.3512842 ], [ -8.39222643, 43.35124481 ], [ -8.39223385, 43.35156478 ], [ -8.3922349, 43.35160701 ], [ -8.39226313, 43.35174404 ], [ -8.39231345, 43.35195697 ], [ -8.39231195, 43.35195724 ], [ -8.39209839, 43.35199673 ], [ -8.39166976, 43.35203094 ], [ -8.3914033, 43.35206175 ], [ -8.39140302, 43.35206178 ], [ -8.39074843, 43.35213761 ], [ -8.39047442, 43.35216932 ], [ -8.3904718, 43.35216962 ], [ -8.39037149, 43.35198511 ], [ -8.39030208, 43.35185634 ], [ -8.39027776, 43.35180724 ], [ -8.39025029, 43.35174539 ], [ -8.39023099, 43.351699 ], [ -8.3902252, 43.35168503 ], [ -8.39020652, 43.3516399 ], [ -8.39019728, 43.35161266 ], [ -8.39006743, 43.35163303 ], [ -8.38981444, 43.35167285 ], [ -8.38976358, 43.35155163 ], [ -8.38972396, 43.35145697 ], [ -8.38967686, 43.35134958 ], [ -8.38963451, 43.3512539 ], [ -8.38960566, 43.35119276 ], [ -8.38957573, 43.35113842 ], [ -8.38955058, 43.35110045 ], [ -8.38925368, 43.35069619 ], [ -8.38921727, 43.35072236 ], [ -8.38885172, 43.35091194 ], [ -8.38881663, 43.35090339 ], [ -8.38880495, 43.35090044 ], [ -8.38852064, 43.35083073 ] ] ] ] } },
{ "type": "Feature", "properties": { "CUSEC": "1503007007", "income_mean_household": 34448.0, "income_mean_person": 14885.0, "poverty_fixed_7500eur": 5.3, "poverty_relative_below60pct": 17.5, "affluence_relative_above200pct": 7.6, "child_poverty_relative_below60pct": null, "gini_index": 27.0, "p80p20_ratio": 2.4, "pct_under18": 12.9, "pct_over65": 22.6, "income_source_salary": 67.5, "income_source_pensions": 22.2, "income_source_unemployment": 1.6, "income_source_other_benefits": 3.4, "income_source_other_income": 5.4 }, "geometry": { "type": "MultiPolygon", "coordinates": [ [ [ [ -8.39468233, 43.35240825 ], [ -8.39468459, 43.35240582 ], [ -8.39468467, 43.35240582 ], [ -8.39481273, 43.35228549 ], [ -8.39492708, 43.35226359 ], [ -8.39498491, 43.35224572 ], [ -8.39483148, 43.35174947 ], [ -8.3947923, 43.35171163 ], [ -8.3948848, 43.35157864 ], [ -8.39489228, 43.35156787 ], [ -8.39476761, 43.35145936 ], [ -8.39453591, 43.35061179 ], [ -8.3951535, 43.35052942 ], [ -8.39549104, 43.35039145 ], [ -8.39553114, 43.35037041 ], [ -8.39568156, 43.35029143 ], [ -8.39575988, 43.35023852 ], [ -8.39632059, 43.35054001 ], [ -8.39635306, 43.35055322 ], [ -8.39656458, 43.35063943 ], [ -8.39664795, 43.35065219 ], [ -8.39665799, 43.35066567 ], [ -8.39692837, 43.3510842 ], [ -8.39697368, 43.35115422 ], [ -8.39733899, 43.35099954 ], [ -8.39740568, 43.35112883 ], [ -8.39742109, 43.35116577 ], [ -8.39743095, 43.35120704 ], [ -8.39745119, 43.35134097 ], [ -8.39692403, 43.35153342 ], [ -8.39677256, 43.35158871 ], [ -8.39638234, 43.35173109 ], [ -8.39604104, 43.35186642 ], [ -8.39598229, 43.35188441 ], [ -8.39624055, 43.35218652 ], [ -8.39624456, 43.3521912 ], [ -8.39626201, 43.35221161 ], [ -8.39627047, 43.35222095 ], [ -8.39626899, 43.35222136 ], [ -8.39626838, 43.35222154 ], [ -8.39623645, 43.35223045 ], [ -8.39620236, 43.35224001 ], [ -8.39618294, 43.35224544 ], [ -8.39616058, 43.35225093 ], [ -8.39612156, 43.3522602 ], [ -8.39594484, 43.35230225 ], [ -8.39574871, 43.35234892 ], [ -8.39561686, 43.35238029 ], [ -8.3955774, 43.35238968 ], [ -8.39551657, 43.35240058 ], [ -8.39546148, 43.35240696 ], [ -8.39532634, 43.35241034 ], [ -8.39507286, 43.35241188 ], [ -8.39494021, 43.35241231 ], [ -8.3948401, 43.35241266 ], [ -8.39472145, 43.35241285 ], [ -8.39469289, 43.35241016 ], [ -8.39468155, 43.3524091 ], [ -8.39468233, 43.35240825 ] ] ] ] } },
{ "type": "Feature", "properties": { "CUSEC": "1503007008", "income_mean_household": 36245.0, "income_mean_person": 15330.0, "poverty_fixed_7500eur": 6.5, "poverty_relative_below60pct": 17.9, "affluence_relative_above200pct": 8.3, "child_poverty_relative_below60pct": null, "gini_index": 28.3, "p80p20_ratio": 2.3, "pct_under18": 15.2, "pct_over65": 18.7, "income_source_salary": 68.7, "income_source_pensions": 19.4, "income_source_unemployment": 1.5, "income_source_other_benefits": 2.8, "income_source_other_income": 7.6 }, "geometry": { "type": "MultiPolygon", "coordinates": [ [ [ [ -8.39683413, 43.35307841 ], [ -8.39683319, 43.35307661 ], [ -8.39681961, 43.35305574 ], [ -8.39680728, 43.35303617 ], [ -8.39677467, 43.35298511 ], [ -8.39673411, 43.35292123 ], [ -8.39671225, 43.35288709 ], [ -8.39667707, 43.35283068 ], [ -8.39664013, 43.35277236 ], [ -8.39662749, 43.3527523 ], [ -8.39662332, 43.35274963 ], [ -8.39626838, 43.35222154 ], [ -8.39626899, 43.35222136 ], [ -8.39627047, 43.35222095 ], [ -8.39626201, 43.35221161 ], [ -8.39624456, 43.3521912 ], [ -8.39624055, 43.35218652 ], [ -8.39598229, 43.35188441 ], [ -8.39604104, 43.35186642 ], [ -8.39638234, 43.35173109 ], [ -8.39677256, 43.35158871 ], [ -8.39692403, 43.35153342 ], [ -8.39745119, 43.35134097 ], [ -8.39743095, 43.35120704 ], [ -8.39742109, 43.35116577 ], [ -8.39740568, 43.35112883 ], [ -8.39733899, 43.35099954 ], [ -8.39697368, 43.35115422 ], [ -8.39692837, 43.3510842 ], [ -8.39665799, 43.35066567 ], [ -8.39693388, 43.35053925 ], [ -8.39699767, 43.35051004 ], [ -8.39698208, 43.35046677 ], [ -8.39697699, 43.35043584 ], [ -8.39697728, 43.35040728 ], [ -8.39700373, 43.35001104 ], [ -8.39700146, 43.34995657 ], [ -8.39700137, 43.34995431 ], [ -8.39700127, 43.34995328 ], [ -8.39702357, 43.3499549 ], [ -8.39709283, 43.34996062 ], [ -8.39731109, 43.3499773 ], [ -8.39750271, 43.34999138 ], [ -8.39759214, 43.35002574 ], [ -8.39769802, 43.35006704 ], [ -8.3977437, 43.35010476 ], [ -8.39785652, 43.3501843 ], [ -8.39796272, 43.35024874 ], [ -8.39803979, 43.35030297 ], [ -8.39813235, 43.3503526 ], [ -8.3982898, 43.35045835 ], [ -8.39845026, 43.3505781 ], [ -8.39857968, 43.35067238 ], [ -8.39862212, 43.35070765 ], [ -8.39863038, 43.35071019 ], [ -8.39863463, 43.35071312 ], [ -8.39866178, 43.35073119 ], [ -8.39868363, 43.35074502 ], [ -8.39869924, 43.35075326 ], [ -8.39872176, 43.35076499 ], [ -8.39873399, 43.3507699 ], [ -8.39876363, 43.350781 ], [ -8.39880506, 43.3507957 ], [ -8.39885509, 43.35081347 ], [ -8.39888806, 43.35082516 ], [ -8.39890612, 43.35083273 ], [ -8.3989384, 43.35084321 ], [ -8.3989768, 43.35085706 ], [ -8.39901175, 43.35086689 ], [ -8.39905637, 43.35088965 ], [ -8.39912388, 43.35092663 ], [ -8.3991799, 43.35093019 ], [ -8.39919347, 43.3509353 ], [ -8.39925043, 43.35096416 ], [ -8.39927165, 43.35096698 ], [ -8.39932827, 43.35097722 ], [ -8.39934113, 43.35098187 ], [ -8.39937408, 43.35099131 ], [ -8.39940528, 43.35100322 ], [ -8.39944737, 43.35101941 ], [ -8.39947675, 43.35101084 ], [ -8.39950748, 43.35100267 ], [ -8.3995157, 43.3509846 ], [ -8.39953524, 43.35094636 ], [ -8.39955605, 43.3509076 ], [ -8.39958375, 43.35085799 ], [ -8.39960525, 43.35083449 ], [ -8.39962781, 43.35080807 ], [ -8.39964061, 43.35078005 ], [ -8.39965629, 43.35079103 ], [ -8.39969465, 43.35081789 ], [ -8.39972374, 43.35083823 ], [ -8.39975962, 43.3508635 ], [ -8.39976166, 43.35092122 ], [ -8.39976746, 43.35092923 ], [ -8.39977915, 43.35094057 ], [ -8.39978929, 43.35094656 ], [ -8.39982315, 43.35096597 ], [ -8.39984173, 43.35097663 ], [ -8.39984588, 43.350979 ], [ -8.39984777, 43.35098011 ], [ -8.39984768, 43.35098024 ], [ -8.39984326, 43.35098418 ], [ -8.39983631, 43.35099016 ], [ -8.39981711, 43.3510066 ], [ -8.39978142, 43.35103685 ], [ -8.39975224, 43.35105786 ], [ -8.39970527, 43.35109165 ], [ -8.39966666, 43.35111308 ], [ -8.39963174, 43.35113015 ], [ -8.39958385, 43.3511541 ], [ -8.39955642, 43.35116782 ], [ -8.39952858, 43.35118173 ], [ -8.39951702, 43.35118751 ], [ -8.39951399, 43.35118934 ], [ -8.39950518, 43.35119482 ], [ -8.39949331, 43.35120217 ], [ -8.39949164, 43.35120337 ], [ -8.39948268, 43.35120994 ], [ -8.39946178, 43.35122522 ], [ -8.39944342, 43.35123864 ], [ -8.39943607, 43.35124351 ], [ -8.39941719, 43.35125566 ], [ -8.39939005, 43.35127319 ], [ -8.39937337, 43.35128394 ], [ -8.39936876, 43.3512869 ], [ -8.39936126, 43.35129176 ], [ -8.3993591, 43.35129313 ], [ -8.3993565, 43.35129447 ], [ -8.39934896, 43.35129833 ], [ -8.39933434, 43.35130583 ], [ -8.39931805, 43.35131418 ], [ -8.39931602, 43.35131523 ], [ -8.39931294, 43.35131632 ], [ -8.39930676, 43.35131845 ], [ -8.39929458, 43.35132266 ], [ -8.399285, 43.35132599 ], [ -8.39927464, 43.35132967 ], [ -8.39925659, 43.35133613 ], [ -8.39924984, 43.35133854 ], [ -8.39924792, 43.35133916 ], [ -8.39924773, 43.35133939 ], [ -8.39924627, 43.35134108 ], [ -8.39924197, 43.35134613 ], [ -8.39922806, 43.35136248 ], [ -8.39923087, 43.35143042 ], [ -8.39923225, 43.35143408 ], [ -8.39925006, 43.35148143 ], [ -8.39926802, 43.35152916 ], [ -8.3992355, 43.35155299 ], [ -8.39914527, 43.35161912 ], [ -8.39906396, 43.35167867 ], [ -8.39903239, 43.35170179 ], [ -8.39900067, 43.35172519 ], [ -8.39897479, 43.35174497 ], [ -8.39888023, 43.35181724 ], [ -8.39876732, 43.35190354 ], [ -8.39872161, 43.3519416 ], [ -8.39864164, 43.35200942 ], [ -8.39857202, 43.35207005 ], [ -8.39855206, 43.3520879 ], [ -8.39855674, 43.35209056 ], [ -8.39856916, 43.35209777 ], [ -8.39858296, 43.35210583 ], [ -8.39865581, 43.35214831 ], [ -8.39874691, 43.35220145 ], [ -8.3988584, 43.35226647 ], [ -8.39901668, 43.35235877 ], [ -8.39907461, 43.35239256 ], [ -8.39916376, 43.35244454 ], [ -8.39924522, 43.35249205 ], [ -8.39935075, 43.35255378 ], [ -8.39929733, 43.35257213 ], [ -8.39919891, 43.35260595 ], [ -8.39883945, 43.35272939 ], [ -8.3986832, 43.35278305 ], [ -8.39859298, 43.35281481 ], [ -8.39833095, 43.35290681 ], [ -8.39801192, 43.35302177 ], [ -8.39797539, 43.35303489 ], [ -8.39792558, 43.35305775 ], [ -8.39788599, 43.35308026 ], [ -8.3978496, 43.35310564 ], [ -8.39769581, 43.35309427 ], [ -8.39690871, 43.3530798 ], [ -8.39687404, 43.35307914 ], [ -8.39683413, 43.35307841 ] ] ] ] } },
{ "type": "Feature", "properties": { "CUSEC": "1503007009", "income_mean_household": 37699.0, "income_mean_person": 17328.0, "poverty_fixed_7500eur": 8.1, "poverty_relative_below60pct": 17.8, "affluence_relative_above200pct": 13.3, "child_poverty_relative_below60pct": null, "gini_index": 31.0, "p80p20_ratio": 2.8, "pct_under18": 12.1, "pct_over65": 27.7, "income_source_salary": 57.2, "income_source_pensions": 27.8, "income_source_unemployment": 1.1, "income_source_other_benefits": 3.2, "income_source_other_income": 10.8 }, "geometry": { "type": "MultiPolygon", "coordinates": [ [ [ [ -8.40196785, 43.3550289 ], [ -8.40170873, 43.35488923 ], [ -8.40127248, 43.3546775 ], [ -8.40115027, 43.35463573 ], [ -8.40092296, 43.35458601 ], [ -8.40065778, 43.3545234 ], [ -8.40073386, 43.35446541 ], [ -8.40152262, 43.35386472 ], [ -8.40167766, 43.35374666 ], [ -8.40166355, 43.35373686 ], [ -8.40135787, 43.35352311 ], [ -8.4013226, 43.35349836 ], [ -8.40153484, 43.35333666 ], [ -8.40150028, 43.35327444 ], [ -8.40137344, 43.35304567 ], [ -8.40123078, 43.35278839 ], [ -8.40117232, 43.35268283 ], [ -8.40106139, 43.3524826 ], [ -8.40082102, 43.35204911 ], [ -8.40093102, 43.35201135 ], [ -8.40159266, 43.3517843 ], [ -8.40171018, 43.35175096 ], [ -8.40182377, 43.35172507 ], [ -8.40196734, 43.35170088 ], [ -8.40221982, 43.35166123 ], [ -8.40236314, 43.35164297 ], [ -8.40256993, 43.35161912 ], [ -8.40265148, 43.35161118 ], [ -8.40273504, 43.3516045 ], [ -8.40277161, 43.35160151 ], [ -8.40284013, 43.35159756 ], [ -8.40285505, 43.35159664 ], [ -8.40295371, 43.35159152 ], [ -8.40304269, 43.35158754 ], [ -8.40309305, 43.35158593 ], [ -8.40312011, 43.35158507 ], [ -8.40322096, 43.35158305 ], [ -8.40330734, 43.35158224 ], [ -8.40345562, 43.35158258 ], [ -8.40360106, 43.35158848 ], [ -8.40373507, 43.3515954 ], [ -8.40405191, 43.35161162 ], [ -8.40407648, 43.35161285 ], [ -8.40420559, 43.35161947 ], [ -8.40438355, 43.35162857 ], [ -8.40500046, 43.35166015 ], [ -8.40527697, 43.35167427 ], [ -8.4052842, 43.35169161 ], [ -8.4053128, 43.35175891 ], [ -8.40532282, 43.35178239 ], [ -8.40533706, 43.35181578 ], [ -8.40542897, 43.35205551 ], [ -8.40548209, 43.35219966 ], [ -8.40553178, 43.35234435 ], [ -8.40558825, 43.35246433 ], [ -8.4056427, 43.35257995 ], [ -8.40545317, 43.35263735 ], [ -8.4054294, 43.35261894 ], [ -8.40521384, 43.35266833 ], [ -8.40522081, 43.35268537 ], [ -8.40513869, 43.35270341 ], [ -8.40504643, 43.35272653 ], [ -8.40496175, 43.35274607 ], [ -8.40486205, 43.35276905 ], [ -8.40482197, 43.35277832 ], [ -8.40479931, 43.35277665 ], [ -8.4048076, 43.3527965 ], [ -8.40471485, 43.35281727 ], [ -8.40461473, 43.35283966 ], [ -8.40461081, 43.35283059 ], [ -8.40458527, 43.35277149 ], [ -8.40412807, 43.35287473 ], [ -8.40415292, 43.35293196 ], [ -8.40376359, 43.35301891 ], [ -8.40376757, 43.35302965 ], [ -8.40365247, 43.35305487 ], [ -8.40353423, 43.35308073 ], [ -8.40341747, 43.35310623 ], [ -8.40333861, 43.35312393 ], [ -8.40304332, 43.3531224 ], [ -8.403051, 43.3531481 ], [ -8.40307697, 43.35321603 ], [ -8.40309141, 43.35325366 ], [ -8.40311245, 43.35329907 ], [ -8.40313564, 43.35334664 ], [ -8.40317255, 43.35341275 ], [ -8.40320629, 43.35346579 ], [ -8.40324254, 43.35352045 ], [ -8.40328296, 43.3535727 ], [ -8.40331728, 43.3536151 ], [ -8.4033978, 43.3537088 ], [ -8.40341159, 43.35372404 ], [ -8.4035172, 43.35383937 ], [ -8.40355015, 43.35387546 ], [ -8.40397503, 43.35434015 ], [ -8.40400235, 43.35440868 ], [ -8.40388023, 43.35450571 ], [ -8.4033569, 43.35492178 ], [ -8.40329123, 43.35497402 ], [ -8.4032406, 43.35501429 ], [ -8.4032032, 43.35504409 ], [ -8.40319026, 43.35505427 ], [ -8.40316526, 43.35507424 ], [ -8.40305801, 43.35515947 ], [ -8.4030435, 43.35517102 ], [ -8.40302241, 43.35515686 ], [ -8.40301332, 43.3551508 ], [ -8.40269569, 43.35540467 ], [ -8.40267613, 43.35543448 ], [ -8.40257837, 43.35534924 ], [ -8.40238708, 43.35525485 ], [ -8.40196785, 43.3550289 ] ] ] ] } },
{ "type": "Feature", "properties": { "CUSEC": "1503007010", "income_mean_household": 41506.0, "income_mean_person": 17817.0, "poverty_fixed_7500eur": 10.4, "poverty_relative_below60pct": 19.6, "affluence_relative_above200pct": 16.5, "child_poverty_relative_below60pct": null, "gini_index": 34.5, "p80p20_ratio": 3.2, "pct_under18": 13.4, "pct_over65": 27.5, "income_source_salary": 58.1, "income_source_pensions": 25.0, "income_source_unemployment": 1.2, "income_source_other_benefits": 3.8, "income_source_other_income": 11.9 }, "geometry": { "type": "MultiPolygon", "coordinates": [ [ [ [ -8.3983941, 43.3542807 ], [ -8.39837677, 43.35407695 ], [ -8.39835818, 43.35386901 ], [ -8.3985451, 43.35384919 ], [ -8.39864512, 43.35383865 ], [ -8.39910034, 43.35379051 ], [ -8.399119, 43.35378811 ], [ -8.39926329, 43.35376905 ], [ -8.39930401, 43.35374574 ], [ -8.39979884, 43.3534214 ], [ -8.40003812, 43.35325481 ], [ -8.40016286, 43.353168 ], [ -8.40031634, 43.35304581 ], [ -8.4009924, 43.35250772 ], [ -8.40106139, 43.3524826 ], [ -8.40117232, 43.35268283 ], [ -8.40123078, 43.35278839 ], [ -8.40137344, 43.35304567 ], [ -8.40150028, 43.35327444 ], [ -8.40153484, 43.35333666 ], [ -8.4013226, 43.35349836 ], [ -8.40135787, 43.35352311 ], [ -8.40166355, 43.35373686 ], [ -8.40167766, 43.35374666 ], [ -8.40152262, 43.35386472 ], [ -8.40073386, 43.35446541 ], [ -8.40065778, 43.3545234 ], [ -8.40034388, 43.35444916 ], [ -8.40023081, 43.35442245 ], [ -8.39963503, 43.35425174 ], [ -8.39955883, 43.35424371 ], [ -8.39951315, 43.35424884 ], [ -8.39926608, 43.35427666 ], [ -8.39902739, 43.35430358 ], [ -8.39897768, 43.35430176 ], [ -8.3983941, 43.3542807 ] ] ] ] } },
{ "type": "Feature", "properties": { "CUSEC": "1503007011", "income_mean_household": 34761.0, "income_mean_person": 15156.0, "poverty_fixed_7500eur": 10.8, "poverty_relative_below60pct": 21.9, "affluence_relative_above200pct": 9.1, "child_poverty_relative_below60pct": null, "gini_index": 31.2, "p80p20_ratio": 2.7, "pct_under18": 12.5, "pct_over65": 25.2, "income_source_salary": 61.4, "income_source_pensions": 26.8, "income_source_unemployment": 1.3, "income_source_other_benefits": 3.6, "income_source_other_income": 6.8 }, "geometry": { "type": "MultiPolygon", "coordinates": [ [ [ [ -8.39689158, 43.35426155 ], [ -8.39695899, 43.35419167 ], [ -8.39717797, 43.35392284 ], [ -8.39724358, 43.35384228 ], [ -8.39756769, 43.35344424 ], [ -8.39782628, 43.35312674 ], [ -8.3978496, 43.35310564 ], [ -8.39788599, 43.35308026 ], [ -8.39792558, 43.35305775 ], [ -8.39797539, 43.35303489 ], [ -8.39801192, 43.35302177 ], [ -8.39833095, 43.35290681 ], [ -8.39859298, 43.35281481 ], [ -8.3986832, 43.35278305 ], [ -8.39883945, 43.35272939 ], [ -8.39919891, 43.35260595 ], [ -8.39929733, 43.35257213 ], [ -8.39935075, 43.35255378 ], [ -8.39935095, 43.35255371 ], [ -8.39935108, 43.35255367 ], [ -8.39946657, 43.35251396 ], [ -8.39958819, 43.35247218 ], [ -8.39970035, 43.35243372 ], [ -8.40070854, 43.35208773 ], [ -8.40082102, 43.35204911 ], [ -8.40106139, 43.3524826 ], [ -8.4009924, 43.35250772 ], [ -8.40031634, 43.35304581 ], [ -8.40016286, 43.353168 ], [ -8.40003812, 43.35325481 ], [ -8.39979884, 43.3534214 ], [ -8.39930401, 43.35374574 ], [ -8.39926329, 43.35376905 ], [ -8.399119, 43.35378811 ], [ -8.39910034, 43.35379051 ], [ -8.39864512, 43.35383865 ], [ -8.3985451, 43.35384919 ], [ -8.39835818, 43.35386901 ], [ -8.39837677, 43.35407695 ], [ -8.3983941, 43.3542807 ], [ -8.39792094, 43.35426354 ], [ -8.39762355, 43.35425278 ], [ -8.39754111, 43.35426198 ], [ -8.397485, 43.35430835 ], [ -8.39745446, 43.35437688 ], [ -8.39735559, 43.3543427 ], [ -8.39722808, 43.35431068 ], [ -8.39710082, 43.35428875 ], [ -8.39689158, 43.35426155 ] ] ] ] } },
{ "type": "Feature", "properties": { "CUSEC": "1503007012", "income_mean_household": 41316.0, "income_mean_person": 18348.0, "poverty_fixed_7500eur": 8.7, "poverty_relative_below60pct": 17.0, "affluence_relative_above200pct": 17.1, "child_poverty_relative_below60pct": null, "gini_index": 32.8, "p80p20_ratio": 2.8, "pct_under18": 11.7, "pct_over65": 27.9, "income_source_salary": 54.6, "income_source_pensions": 27.8, "income_source_unemployment": 1.1, "income_source_other_benefits": 3.3, "income_source_other_income": 13.3 }, "geometry": { "type": "MultiPolygon", "coordinates": [ [ [ [ -8.39559208, 43.3549471 ], [ -8.39652595, 43.35448796 ], [ -8.39681775, 43.35433798 ], [ -8.39689158, 43.35426155 ], [ -8.39710082, 43.35428875 ], [ -8.39722808, 43.35431068 ], [ -8.39735559, 43.3543427 ], [ -8.39745446, 43.35437688 ], [ -8.397485, 43.35430835 ], [ -8.39754111, 43.35426198 ], [ -8.39762355, 43.35425278 ], [ -8.39792094, 43.35426354 ], [ -8.3983941, 43.3542807 ], [ -8.39897768, 43.35430176 ], [ -8.39902739, 43.35430358 ], [ -8.39926608, 43.35427666 ], [ -8.39951315, 43.35424884 ], [ -8.39955883, 43.35424371 ], [ -8.39963503, 43.35425174 ], [ -8.40023081, 43.35442245 ], [ -8.40034388, 43.35444916 ], [ -8.40065778, 43.3545234 ], [ -8.40092296, 43.35458601 ], [ -8.40115027, 43.35463573 ], [ -8.40127248, 43.3546775 ], [ -8.40170873, 43.35488923 ], [ -8.40196785, 43.3550289 ], [ -8.40171559, 43.35518339 ], [ -8.40157815, 43.35524506 ], [ -8.40075358, 43.35544397 ], [ -8.40070226, 43.35545639 ], [ -8.40062633, 43.35547474 ], [ -8.40053654, 43.3554964 ], [ -8.39917293, 43.35582539 ], [ -8.39812512, 43.35607534 ], [ -8.39807122, 43.35609777 ], [ -8.39805203, 43.35610587 ], [ -8.39754874, 43.35622459 ], [ -8.39735907, 43.35609952 ], [ -8.39719111, 43.35598644 ], [ -8.39688193, 43.3557821 ], [ -8.39684798, 43.35575969 ], [ -8.3965924, 43.35558985 ], [ -8.39641524, 43.3554731 ], [ -8.39621895, 43.35534344 ], [ -8.39609207, 43.35525873 ], [ -8.39597279, 43.35518084 ], [ -8.3958703, 43.35511333 ], [ -8.39576947, 43.35505038 ], [ -8.39570303, 43.35501024 ], [ -8.3956127, 43.35495816 ], [ -8.39559208, 43.3549471 ] ] ] ] } },
{ "type": "Feature", "properties": { "CUSEC": "1503007013", "income_mean_household": 38422.0, "income_mean_person": 16854.0, "poverty_fixed_7500eur": 7.6, "poverty_relative_below60pct": 17.7, "affluence_relative_above200pct": 13.9, "child_poverty_relative_below60pct": null, "gini_index": 32.1, "p80p20_ratio": 2.8, "pct_under18": 12.0, "pct_over65": 33.5, "income_source_salary": 52.6, "income_source_pensions": 30.7, "income_source_unemployment": 1.2, "income_source_other_benefits": 3.7, "income_source_other_income": 11.9 }, "geometry": { "type": "MultiPolygon", "coordinates": [ [ [ [ -8.38962937, 43.3548966 ], [ -8.38915025, 43.35462666 ], [ -8.38859057, 43.35443703 ], [ -8.3883539, 43.35413315 ], [ -8.3882189, 43.35402739 ], [ -8.38821868, 43.35402724 ], [ -8.38821792, 43.35402663 ], [ -8.38823241, 43.35399976 ], [ -8.3882618, 43.35394887 ], [ -8.38841584, 43.35371506 ], [ -8.38853809, 43.35351595 ], [ -8.38860584, 43.3534114 ], [ -8.38866916, 43.35330669 ], [ -8.38869953, 43.35331437 ], [ -8.38872318, 43.3533181 ], [ -8.38879467, 43.35332766 ], [ -8.38879511, 43.3533278 ], [ -8.38881879, 43.35332786 ], [ -8.38886683, 43.35332967 ], [ -8.38890616, 43.35332728 ], [ -8.38895993, 43.35332341 ], [ -8.38898563, 43.35331773 ], [ -8.38908762, 43.35329516 ], [ -8.38920464, 43.35326927 ], [ -8.38938231, 43.35322995 ], [ -8.38954252, 43.35319452 ], [ -8.38961366, 43.35317877 ], [ -8.38988358, 43.35311905 ], [ -8.39009372, 43.35307256 ], [ -8.39017271, 43.35305507 ], [ -8.39038132, 43.35300892 ], [ -8.3906733, 43.35294431 ], [ -8.39069055, 43.35290654 ], [ -8.39069369, 43.35289983 ], [ -8.39071967, 43.35290622 ], [ -8.39074038, 43.35291131 ], [ -8.39074075, 43.35290773 ], [ -8.39074904, 43.35290979 ], [ -8.39079709, 43.35292168 ], [ -8.39089535, 43.35294591 ], [ -8.39091361, 43.35295041 ], [ -8.39101094, 43.35297444 ], [ -8.39114936, 43.35300854 ], [ -8.39132731, 43.3530524 ], [ -8.39157608, 43.35311376 ], [ -8.39181524, 43.35317273 ], [ -8.39198572, 43.35321476 ], [ -8.39225666, 43.35328156 ], [ -8.39249192, 43.35333957 ], [ -8.39267711, 43.35338522 ], [ -8.39289171, 43.35343814 ], [ -8.39307763, 43.35348398 ], [ -8.39322903, 43.3535213 ], [ -8.39338463, 43.35355966 ], [ -8.39348395, 43.35358415 ], [ -8.39361638, 43.35361681 ], [ -8.39375336, 43.35365056 ], [ -8.39435866, 43.35379982 ], [ -8.39446422, 43.35382768 ], [ -8.39542699, 43.35406329 ], [ -8.39574715, 43.35414206 ], [ -8.39585518, 43.35416075 ], [ -8.39593067, 43.35417382 ], [ -8.39611102, 43.35419207 ], [ -8.3965726, 43.35422006 ], [ -8.39689158, 43.35426155 ], [ -8.39681775, 43.35433798 ], [ -8.39652595, 43.35448796 ], [ -8.39559208, 43.3549471 ], [ -8.395531, 43.35491424 ], [ -8.39288667, 43.35502369 ], [ -8.39175132, 43.35510331 ], [ -8.39089109, 43.35505591 ], [ -8.39016876, 43.35490932 ], [ -8.38970076, 43.3547641 ], [ -8.38962937, 43.3548966 ] ] ] ] } },
{ "type": "Feature", "properties": { "CUSEC": "1503007014", "income_mean_household": 35013.0, "income_mean_person": 15889.0, "poverty_fixed_7500eur": 9.5, "poverty_relative_below60pct": 20.9, "affluence_relative_above200pct": 10.4, "child_poverty_relative_below60pct": null, "gini_index": 29.9, "p80p20_ratio": 2.6, "pct_under18": 10.6, "pct_over65": 29.5, "income_source_salary": 55.1, "income_source_pensions": 31.7, "income_source_unemployment": 1.6, "income_source_other_benefits": 3.7, "income_source_other_income": 8.0 }, "geometry": { "type": "MultiPolygon", "coordinates": [ [ [ [ -8.38679629, 43.35027077 ], [ -8.38852064, 43.35083073 ], [ -8.3885125, 43.35084497 ], [ -8.38850178, 43.35086737 ], [ -8.38848663, 43.35090134 ], [ -8.38846385, 43.35095235 ], [ -8.38844058, 43.35100448 ], [ -8.3884199, 43.35105079 ], [ -8.38840193, 43.35109108 ], [ -8.38837544, 43.35115044 ], [ -8.38836654, 43.35117035 ], [ -8.3883532, 43.35120227 ], [ -8.38833563, 43.35124759 ], [ -8.38831052, 43.35131232 ], [ -8.38828922, 43.35136724 ], [ -8.38828055, 43.35139031 ], [ -8.38827204, 43.35141824 ], [ -8.38825313, 43.35148014 ], [ -8.38823112, 43.35155244 ], [ -8.38820862, 43.35162601 ], [ -8.38819517, 43.35167003 ], [ -8.38817191, 43.35174617 ], [ -8.38814706, 43.35182741 ], [ -8.3881212, 43.35191208 ], [ -8.38813068, 43.35193179 ], [ -8.38814805, 43.35196668 ], [ -8.38817257, 43.35201611 ], [ -8.38818792, 43.3520505 ], [ -8.38821354, 43.35210062 ], [ -8.38822241, 43.3521151 ], [ -8.38824272, 43.35214497 ], [ -8.3882701, 43.35218031 ], [ -8.38828448, 43.35219454 ], [ -8.38831091, 43.35221986 ], [ -8.38834637, 43.35225086 ], [ -8.38838487, 43.35228093 ], [ -8.38841419, 43.35230012 ], [ -8.38845594, 43.35232599 ], [ -8.38849565, 43.35234601 ], [ -8.38851281, 43.35235359 ], [ -8.38857827, 43.3523769 ], [ -8.38862087, 43.35238886 ], [ -8.3887163, 43.35241374 ], [ -8.38881218, 43.35243733 ], [ -8.38893654, 43.3524679 ], [ -8.3890408, 43.35249352 ], [ -8.38914425, 43.35251894 ], [ -8.38939168, 43.35257978 ], [ -8.38974545, 43.35266674 ], [ -8.38992129, 43.35270998 ], [ -8.39019192, 43.3527765 ], [ -8.39046978, 43.3528448 ], [ -8.39069369, 43.35289983 ], [ -8.39069055, 43.35290654 ], [ -8.3906733, 43.35294431 ], [ -8.39038132, 43.35300892 ], [ -8.39017271, 43.35305507 ], [ -8.39009372, 43.35307256 ], [ -8.38988358, 43.35311905 ], [ -8.38961366, 43.35317877 ], [ -8.38954252, 43.35319452 ], [ -8.38938231, 43.35322995 ], [ -8.38920464, 43.35326927 ], [ -8.38908762, 43.35329516 ], [ -8.38898563, 43.35331773 ], [ -8.38895993, 43.35332341 ], [ -8.38890616, 43.35332728 ], [ -8.38886683, 43.35332967 ], [ -8.38881879, 43.35332786 ], [ -8.38879511, 43.3533278 ], [ -8.38879467, 43.35332766 ], [ -8.38872318, 43.3533181 ], [ -8.38869953, 43.35331437 ], [ -8.38866916, 43.35330669 ], [ -8.38860584, 43.3534114 ], [ -8.38853809, 43.35351595 ], [ -8.38841584, 43.35371506 ], [ -8.3882618, 43.35394887 ], [ -8.38823241, 43.35399976 ], [ -8.38821792, 43.35402663 ], [ -8.38734627, 43.35334354 ], [ -8.38730775, 43.35304829 ], [ -8.38710837, 43.35288665 ], [ -8.38758402, 43.3507396 ], [ -8.38717109, 43.35081315 ], [ -8.38690079, 43.35054684 ], [ -8.3866582, 43.35031525 ], [ -8.38679629, 43.35027077 ] ] ] ] } },
{ "type": "Feature", "properties": { "CUSEC": "1503007015", "income_mean_household": 36680.0, "income_mean_person": 15756.0, "poverty_fixed_7500eur": 7.1, "poverty_relative_below60pct": 13.9, "affluence_relative_above200pct": 6.9, "child_poverty_relative_below60pct": null, "gini_index": 25.8, "p80p20_ratio": 2.2, "pct_under18": 13.1, "pct_over65": 28.8, "income_source_salary": 57.4, "income_source_pensions": 30.4, "income_source_unemployment": 0.9, "income_source_other_benefits": 3.2, "income_source_other_income": 8.1 }, "geometry": { "type": "MultiPolygon", "coordinates": [ [ [ [ -8.40781266, 43.35222679 ], [ -8.40852364, 43.35164994 ], [ -8.40856904, 43.35160967 ], [ -8.40866907, 43.35151617 ], [ -8.40879989, 43.35138296 ], [ -8.40883982, 43.35134109 ], [ -8.40888085, 43.351296 ], [ -8.40896536, 43.35119586 ], [ -8.40904473, 43.35109905 ], [ -8.40909962, 43.35102682 ], [ -8.40918315, 43.35091436 ], [ -8.40927027, 43.35078486 ], [ -8.40929659, 43.35074591 ], [ -8.4096105, 43.35024887 ], [ -8.40993841, 43.34973135 ], [ -8.41014412, 43.34940715 ], [ -8.41023137, 43.34926973 ], [ -8.41046591, 43.34890023 ], [ -8.41055959, 43.34875627 ], [ -8.4105953, 43.34870017 ], [ -8.41064723, 43.34862329 ], [ -8.4106988, 43.3485499 ], [ -8.4107361, 43.34849667 ], [ -8.41077777, 43.3484381 ], [ -8.41081805, 43.34837978 ], [ -8.41085755, 43.34832442 ], [ -8.4108788, 43.34829556 ], [ -8.41091571, 43.34824683 ], [ -8.41096027, 43.34819167 ], [ -8.41107129, 43.34805692 ], [ -8.41113627, 43.34798278 ], [ -8.41118803, 43.34792676 ], [ -8.4112299, 43.34788213 ], [ -8.41127377, 43.34783518 ], [ -8.41130341, 43.34780492 ], [ -8.41134082, 43.34776693 ], [ -8.41138306, 43.34772636 ], [ -8.41143433, 43.34767708 ], [ -8.41151441, 43.34760148 ], [ -8.41156916, 43.34755351 ], [ -8.41167357, 43.3474631 ], [ -8.41175737, 43.34739507 ], [ -8.41186901, 43.34730957 ], [ -8.41206345, 43.34716587 ], [ -8.4121614, 43.34709353 ], [ -8.41233062, 43.34697383 ], [ -8.41249718, 43.34685512 ], [ -8.41273121, 43.34669465 ], [ -8.41285829, 43.3466077 ], [ -8.4131199, 43.3464365 ], [ -8.41334693, 43.34629287 ], [ -8.413499, 43.34619695 ], [ -8.41366243, 43.34609975 ], [ -8.41372966, 43.34605963 ], [ -8.41390966, 43.34596251 ], [ -8.41414761, 43.34584981 ], [ -8.41429939, 43.34578298 ], [ -8.41431574, 43.3457763 ], [ -8.41434115, 43.34576608 ], [ -8.4144105, 43.34573814 ], [ -8.41446735, 43.34571755 ], [ -8.4144884, 43.34570992 ], [ -8.4146268, 43.34566795 ], [ -8.41470352, 43.34564691 ], [ -8.41479098, 43.34562294 ], [ -8.41485098, 43.3456065 ], [ -8.414958, 43.34601358 ], [ -8.41494523, 43.34602167 ], [ -8.41493326, 43.3460316 ], [ -8.41492167, 43.34604268 ], [ -8.41491132, 43.34605785 ], [ -8.41490567, 43.34606726 ], [ -8.41490147, 43.34607843 ], [ -8.41489724, 43.34609769 ], [ -8.41489738, 43.34610882 ], [ -8.41489631, 43.34614413 ], [ -8.41490408, 43.34718061 ], [ -8.41490457, 43.34723534 ], [ -8.41494679, 43.34738613 ], [ -8.41475455, 43.34752706 ], [ -8.41455569, 43.34766768 ], [ -8.4142052, 43.34793018 ], [ -8.41405133, 43.34804529 ], [ -8.41390801, 43.34815351 ], [ -8.41337712, 43.3485507 ], [ -8.41330368, 43.34860568 ], [ -8.41300418, 43.34882556 ], [ -8.41278229, 43.3489956 ], [ -8.41249871, 43.34923141 ], [ -8.41228396, 43.34941826 ], [ -8.41184844, 43.34979729 ], [ -8.41165244, 43.34997925 ], [ -8.41079281, 43.35074138 ], [ -8.41064409, 43.35087666 ], [ -8.41054654, 43.35097025 ], [ -8.41044916, 43.35108 ], [ -8.41024271, 43.35136006 ], [ -8.41015017, 43.3514752 ], [ -8.41004248, 43.35160924 ], [ -8.40998377, 43.35165747 ], [ -8.40964561, 43.35193541 ], [ -8.40957628, 43.35197954 ], [ -8.40935556, 43.35211995 ], [ -8.40925687, 43.35218133 ], [ -8.40898834, 43.35234787 ], [ -8.40862473, 43.352705 ], [ -8.40856497, 43.35266975 ], [ -8.40818019, 43.35244329 ], [ -8.40781266, 43.35222679 ] ] ] ] } },
{ "type": "Feature", "properties": { "CUSEC": "1503007016", "income_mean_household": 29921.0, "income_mean_person": 13279.0, "poverty_fixed_7500eur": 6.8, "poverty_relative_below60pct": 19.9, "affluence_relative_above200pct": 2.3, "child_poverty_relative_below60pct": null, "gini_index": 24.1, "p80p20_ratio": 2.2, "pct_under18": 12.2, "pct_over65": 33.4, "income_source_salary": 55.6, "income_source_pensions": 33.3, "income_source_unemployment": 1.7, "income_source_other_benefits": 5.1, "income_source_other_income": 4.3 }, "geometry": { "type": "MultiPolygon", "coordinates": [ [ [ [ -8.40971661, 43.34827406 ], [ -8.40971796, 43.34826845 ], [ -8.40998556, 43.34715518 ], [ -8.40999794, 43.34710356 ], [ -8.41000722, 43.34707558 ], [ -8.41002562, 43.34703149 ], [ -8.41004811, 43.34699045 ], [ -8.41007927, 43.34694487 ], [ -8.41011737, 43.34690011 ], [ -8.41016558, 43.34685399 ], [ -8.41020724, 43.3468211 ], [ -8.41025266, 43.34679024 ], [ -8.41075164, 43.34650549 ], [ -8.41201184, 43.34579104 ], [ -8.41204375, 43.34577329 ], [ -8.41301727, 43.34522847 ], [ -8.41309023, 43.34518375 ], [ -8.41316627, 43.34513415 ], [ -8.41319448, 43.34511168 ], [ -8.41322544, 43.34508772 ], [ -8.4132751, 43.34504287 ], [ -8.41330821, 43.34500745 ], [ -8.413329, 43.34498107 ], [ -8.41333796, 43.34496745 ], [ -8.41334537, 43.34495389 ], [ -8.41335332, 43.34493816 ], [ -8.41336048, 43.34492137 ], [ -8.41336584, 43.34490716 ], [ -8.41337131, 43.34489008 ], [ -8.41351488, 43.34427565 ], [ -8.41353125, 43.34420252 ], [ -8.41353741, 43.34416759 ], [ -8.41353752, 43.34415464 ], [ -8.41353566, 43.34414263 ], [ -8.41352956, 43.34412605 ], [ -8.41350941, 43.3440884 ], [ -8.41349208, 43.34405696 ], [ -8.41348036, 43.34401954 ], [ -8.41347708, 43.34397622 ], [ -8.41347947, 43.34395939 ], [ -8.4134827, 43.34394371 ], [ -8.41348978, 43.34392171 ], [ -8.41350281, 43.34389133 ], [ -8.41351685, 43.34386555 ], [ -8.41352988, 43.34384051 ], [ -8.41360487, 43.34374686 ], [ -8.41369599, 43.34365281 ], [ -8.41363828, 43.34346847 ], [ -8.41369221, 43.34350296 ], [ -8.41373747, 43.34353371 ], [ -8.41382055, 43.34359042 ], [ -8.41393128, 43.34367239 ], [ -8.41402508, 43.34374938 ], [ -8.41412618, 43.34383187 ], [ -8.4142098, 43.34390026 ], [ -8.41447264, 43.34412755 ], [ -8.41461826, 43.34426039 ], [ -8.41467688, 43.3443083 ], [ -8.41468261, 43.34432023 ], [ -8.41482909, 43.34445668 ], [ -8.41507199, 43.34469519 ], [ -8.4152314, 43.34486053 ], [ -8.41528781, 43.34493142 ], [ -8.41537325, 43.34503874 ], [ -8.41546707, 43.34516312 ], [ -8.41549334, 43.34520591 ], [ -8.41551773, 43.34524569 ], [ -8.41552204, 43.3452754 ], [ -8.41553553, 43.34536949 ], [ -8.41554193, 43.34541345 ], [ -8.41549129, 43.34543024 ], [ -8.41545762, 43.34544143 ], [ -8.41536991, 43.34546628 ], [ -8.41535852, 43.34546942 ], [ -8.41524794, 43.34550157 ], [ -8.41499514, 43.34556701 ], [ -8.41485098, 43.3456065 ], [ -8.41479098, 43.34562294 ], [ -8.41470352, 43.34564691 ], [ -8.4146268, 43.34566795 ], [ -8.4144884, 43.34570992 ], [ -8.41446735, 43.34571755 ], [ -8.4144105, 43.34573814 ], [ -8.41434115, 43.34576608 ], [ -8.41431574, 43.3457763 ], [ -8.41429939, 43.34578298 ], [ -8.41414761, 43.34584981 ], [ -8.41390966, 43.34596251 ], [ -8.41372966, 43.34605963 ], [ -8.41366243, 43.34609975 ], [ -8.413499, 43.34619695 ], [ -8.41334693, 43.34629287 ], [ -8.4131199, 43.3464365 ], [ -8.41285829, 43.3466077 ], [ -8.41273121, 43.34669465 ], [ -8.41249718, 43.34685512 ], [ -8.41233062, 43.34697383 ], [ -8.4121614, 43.34709353 ], [ -8.41206345, 43.34716587 ], [ -8.41186901, 43.34730957 ], [ -8.41175737, 43.34739507 ], [ -8.41167357, 43.3474631 ], [ -8.41156916, 43.34755351 ], [ -8.41151441, 43.34760148 ], [ -8.41143433, 43.34767708 ], [ -8.41138306, 43.34772636 ], [ -8.41134082, 43.34776693 ], [ -8.41130341, 43.34780492 ], [ -8.41127377, 43.34783518 ], [ -8.4112299, 43.34788213 ], [ -8.41118803, 43.34792676 ], [ -8.41113627, 43.34798278 ], [ -8.41107129, 43.34805692 ], [ -8.41096027, 43.34819167 ], [ -8.41091571, 43.34824683 ], [ -8.4108788, 43.34829556 ], [ -8.41085755, 43.34832442 ], [ -8.41081805, 43.34837978 ], [ -8.41077777, 43.3484381 ], [ -8.4107361, 43.34849667 ], [ -8.4106988, 43.3485499 ], [ -8.41064723, 43.34862329 ], [ -8.4105953, 43.34870017 ], [ -8.41055959, 43.34875627 ], [ -8.41046591, 43.34890023 ], [ -8.41023137, 43.34926973 ], [ -8.41021712, 43.34926489 ], [ -8.41020185, 43.34925976 ], [ -8.41012403, 43.34923354 ], [ -8.41009143, 43.34922257 ], [ -8.40953341, 43.34903671 ], [ -8.40968987, 43.34838533 ], [ -8.40971634, 43.34827516 ], [ -8.40971637, 43.34827503 ], [ -8.40971661, 43.34827406 ] ] ] ] } },
{ "type": "Feature", "properties": { "CUSEC": "1503007017", "income_mean_household": 37404.0, "income_mean_person": 16428.0, "poverty_fixed_7500eur": 4.5, "poverty_relative_below60pct": 17.0, "affluence_relative_above200pct": 10.2, "child_poverty_relative_below60pct": null, "gini_index": 28.4, "p80p20_ratio": 2.3, "pct_under18": 10.3, "pct_over65": 43.6, "income_source_salary": 41.8, "income_source_pensions": 44.6, "income_source_unemployment": 1.2, "income_source_other_benefits": 3.6, "income_source_other_income": 8.8 }, "geometry": { "type": "MultiPolygon", "coordinates": [ [ [ [ -8.40527697, 43.35167427 ], [ -8.40526996, 43.35165794 ], [ -8.4052595, 43.35163321 ], [ -8.40524293, 43.35159413 ], [ -8.40523186, 43.35156822 ], [ -8.40521789, 43.35153529 ], [ -8.40516804, 43.35141781 ], [ -8.40483724, 43.35063863 ], [ -8.40480511, 43.35057857 ], [ -8.40470449, 43.35039488 ], [ -8.40466363, 43.3503437 ], [ -8.40462957, 43.3503077 ], [ -8.40458092, 43.35026261 ], [ -8.40454737, 43.35023595 ], [ -8.40444714, 43.35015658 ], [ -8.40450757, 43.3500907 ], [ -8.40471946, 43.34989575 ], [ -8.4048815, 43.34972885 ], [ -8.40503513, 43.34959087 ], [ -8.40512436, 43.34951029 ], [ -8.40519389, 43.34944338 ], [ -8.40525273, 43.34938184 ], [ -8.40527416, 43.34935945 ], [ -8.40531022, 43.34932179 ], [ -8.4053628, 43.34926677 ], [ -8.40537564, 43.34925346 ], [ -8.40540834, 43.3492159 ], [ -8.40546065, 43.3491514 ], [ -8.40550952, 43.34909036 ], [ -8.40553937, 43.34905171 ], [ -8.40555811, 43.34902639 ], [ -8.40559067, 43.3489801 ], [ -8.40563547, 43.34891459 ], [ -8.40566563, 43.34886884 ], [ -8.40570215, 43.34880941 ], [ -8.40572497, 43.34877063 ], [ -8.40575199, 43.34872134 ], [ -8.40576768, 43.34869189 ], [ -8.40578767, 43.34865337 ], [ -8.40581263, 43.34860191 ], [ -8.40585088, 43.34851348 ], [ -8.40587596, 43.34845661 ], [ -8.4058941, 43.34841069 ], [ -8.40591005, 43.34836565 ], [ -8.40591921, 43.34833877 ], [ -8.40593444, 43.34829312 ], [ -8.40596313, 43.34819927 ], [ -8.40596682, 43.3481874 ], [ -8.40597441, 43.34815494 ], [ -8.40599885, 43.34805137 ], [ -8.40599899, 43.34805077 ], [ -8.40601981, 43.34796243 ], [ -8.40602826, 43.34792659 ], [ -8.4070577, 43.34804647 ], [ -8.40727088, 43.34807359 ], [ -8.40791562, 43.3481656 ], [ -8.40784052, 43.3484789 ], [ -8.40765221, 43.34927645 ], [ -8.4074655, 43.35006227 ], [ -8.40737681, 43.3504332 ], [ -8.4072972, 43.35076632 ], [ -8.40715607, 43.3513569 ], [ -8.40709735, 43.35160261 ], [ -8.40704665, 43.3518286 ], [ -8.40703534, 43.35188511 ], [ -8.40697481, 43.35186661 ], [ -8.40684698, 43.3518321 ], [ -8.40671869, 43.35180213 ], [ -8.40668059, 43.35179467 ], [ -8.4065656, 43.3517721 ], [ -8.40642526, 43.35174975 ], [ -8.40628228, 43.35173208 ], [ -8.40616717, 43.35172148 ], [ -8.40605731, 43.35171424 ], [ -8.40551228, 43.35168642 ], [ -8.40527697, 43.35167427 ] ] ] ] } },
{ "type": "Feature", "properties": { "CUSEC": "1503007018", "income_mean_household": 34574.0, "income_mean_person": 16113.0, "poverty_fixed_7500eur": 4.7, "poverty_relative_below60pct": 12.9, "affluence_relative_above200pct": 8.1, "child_poverty_relative_below60pct": null, "gini_index": 26.1, "p80p20_ratio": 2.3, "pct_under18": 11.1, "pct_over65": 39.5, "income_source_salary": 43.5, "income_source_pensions": 44.1, "income_source_unemployment": 1.3, "income_source_other_benefits": 3.1, "income_source_other_income": 8.1 }, "geometry": { "type": "MultiPolygon", "coordinates": [ [ [ [ -8.40296375, 43.34850632 ], [ -8.40287811, 43.34838996 ], [ -8.40279242, 43.34827378 ], [ -8.40273571, 43.34820309 ], [ -8.4026985, 43.34816283 ], [ -8.40262771, 43.34809319 ], [ -8.40254428, 43.34801155 ], [ -8.4022229, 43.34771912 ], [ -8.40192425, 43.34744742 ], [ -8.40250394, 43.34711638 ], [ -8.4028088, 43.34694228 ], [ -8.40314043, 43.34675293 ], [ -8.40320772, 43.34671455 ], [ -8.40351683, 43.34654698 ], [ -8.40357686, 43.34651191 ], [ -8.40362504, 43.34648326 ], [ -8.40365916, 43.34646238 ], [ -8.40367244, 43.34645295 ], [ -8.40369193, 43.3464392 ], [ -8.40372644, 43.3464102 ], [ -8.40375057, 43.34638701 ], [ -8.40377338, 43.34636227 ], [ -8.40379964, 43.34632998 ], [ -8.40633701, 43.34662755 ], [ -8.40621598, 43.34713581 ], [ -8.40619394, 43.34722822 ], [ -8.406099, 43.34762637 ], [ -8.40604416, 43.3478591 ], [ -8.40604408, 43.34785941 ], [ -8.40604086, 43.3478731 ], [ -8.40602826, 43.34792659 ], [ -8.40601981, 43.34796243 ], [ -8.40599899, 43.34805077 ], [ -8.40599885, 43.34805137 ], [ -8.40597441, 43.34815494 ], [ -8.40596682, 43.3481874 ], [ -8.40596313, 43.34819927 ], [ -8.40593444, 43.34829312 ], [ -8.40591921, 43.34833877 ], [ -8.40591005, 43.34836565 ], [ -8.4058941, 43.34841069 ], [ -8.40587596, 43.34845661 ], [ -8.40585088, 43.34851348 ], [ -8.40581263, 43.34860191 ], [ -8.40578767, 43.34865337 ], [ -8.40576768, 43.34869189 ], [ -8.40575199, 43.34872134 ], [ -8.40572497, 43.34877063 ], [ -8.40570215, 43.34880941 ], [ -8.40566563, 43.34886884 ], [ -8.40563547, 43.34891459 ], [ -8.40559067, 43.3489801 ], [ -8.40555811, 43.34902639 ], [ -8.40553937, 43.34905171 ], [ -8.40550952, 43.34909036 ], [ -8.40546065, 43.3491514 ], [ -8.40540834, 43.3492159 ], [ -8.40537564, 43.34925346 ], [ -8.4053628, 43.34926677 ], [ -8.40531022, 43.34932179 ], [ -8.40527416, 43.34935945 ], [ -8.40525273, 43.34938184 ], [ -8.40519389, 43.34944338 ], [ -8.40512436, 43.34951029 ], [ -8.40503513, 43.34959087 ], [ -8.4048815, 43.34972885 ], [ -8.40471946, 43.34989575 ], [ -8.40450757, 43.3500907 ], [ -8.40444714, 43.35015658 ], [ -8.4043539, 43.35008288 ], [ -8.40413108, 43.34990664 ], [ -8.40400801, 43.34980939 ], [ -8.40394949, 43.34976156 ], [ -8.40389959, 43.34971644 ], [ -8.40384865, 43.34966657 ], [ -8.40378462, 43.34960371 ], [ -8.40376386, 43.34957942 ], [ -8.40372387, 43.34953167 ], [ -8.40360684, 43.34937346 ], [ -8.4034308, 43.34914195 ], [ -8.40312105, 43.34872053 ], [ -8.40296375, 43.34850632 ] ] ] ] } },
{ "type": "Feature", "properties": { "CUSEC": "1503007019", "income_mean_household": 40022.0, "income_mean_person": 17765.0, "poverty_fixed_7500eur": 5.4, "poverty_relative_below60pct": 12.0, "affluence_relative_above200pct": 9.3, "child_poverty_relative_below60pct": null, "gini_index": 27.1, "p80p20_ratio": 2.3, "pct_under18": 9.6, "pct_over65": 37.1, "income_source_salary": 51.4, "income_source_pensions": 36.7, "income_source_unemployment": 1.1, "income_source_other_benefits": 3.3, "income_source_other_income": 7.6 }, "geometry": { "type": "MultiPolygon", "coordinates": [ [ [ [ -8.40793888, 43.34806853 ], [ -8.40796834, 43.34794563 ], [ -8.40798489, 43.34787653 ], [ -8.40802061, 43.34772748 ], [ -8.40804782, 43.347614 ], [ -8.40816666, 43.34714204 ], [ -8.40822089, 43.34691351 ], [ -8.40824276, 43.34681732 ], [ -8.40833845, 43.34641158 ], [ -8.40840504, 43.34612926 ], [ -8.40843381, 43.34600268 ], [ -8.40852075, 43.34562692 ], [ -8.40860092, 43.34529262 ], [ -8.40860873, 43.34525949 ], [ -8.40860894, 43.34525951 ], [ -8.41168083, 43.34565027 ], [ -8.41195057, 43.34568459 ], [ -8.41204375, 43.34577329 ], [ -8.41201184, 43.34579104 ], [ -8.41075164, 43.34650549 ], [ -8.41025266, 43.34679024 ], [ -8.41020724, 43.3468211 ], [ -8.41016558, 43.34685399 ], [ -8.41011737, 43.34690011 ], [ -8.41007927, 43.34694487 ], [ -8.41004811, 43.34699045 ], [ -8.41002562, 43.34703149 ], [ -8.41000722, 43.34707558 ], [ -8.40999794, 43.34710356 ], [ -8.40998556, 43.34715518 ], [ -8.40971796, 43.34826845 ], [ -8.40971661, 43.34827406 ], [ -8.40938896, 43.34823664 ], [ -8.40837856, 43.3481177 ], [ -8.40793888, 43.34806853 ] ] ] ] } },
{ "type": "Feature", "properties": { "CUSEC": "1503007020", "income_mean_household": 46891.0, "income_mean_person": 20285.0, "poverty_fixed_7500eur": 3.8, "poverty_relative_below60pct": 9.0, "affluence_relative_above200pct": 18.4, "child_poverty_relative_below60pct": null, "gini_index": 26.4, "p80p20_ratio": 2.2, "pct_under18": 14.8, "pct_over65": 24.6, "income_source_salary": 67.3, "income_source_pensions": 21.6, "income_source_unemployment": 0.8, "income_source_other_benefits": 2.2, "income_source_other_income": 8.1 }, "geometry": { "type": "MultiPolygon", "coordinates": [ [ [ [ -8.40196734, 43.35170088 ], [ -8.40205271, 43.35161631 ], [ -8.40210625, 43.35156779 ], [ -8.40211434, 43.35155876 ], [ -8.40214506, 43.35152432 ], [ -8.40222364, 43.35144715 ], [ -8.40230901, 43.35136507 ], [ -8.40236915, 43.35129849 ], [ -8.40239529, 43.35127055 ], [ -8.40248402, 43.351186 ], [ -8.40256, 43.35112137 ], [ -8.40262919, 43.35106395 ], [ -8.40270932, 43.35099564 ], [ -8.40274859, 43.35096513 ], [ -8.40285661, 43.35087673 ], [ -8.40287934, 43.35085696 ], [ -8.40291943, 43.35081782 ], [ -8.40296436, 43.35076827 ], [ -8.40306732, 43.35063831 ], [ -8.40310275, 43.35058671 ], [ -8.40318862, 43.35046202 ], [ -8.40320291, 43.35040336 ], [ -8.40320291, 43.35040213 ], [ -8.40298859, 43.35004017 ], [ -8.40288231, 43.35009284 ], [ -8.40276703, 43.35000779 ], [ -8.4027607, 43.34993663 ], [ -8.40287395, 43.34975894 ], [ -8.40240443, 43.34914994 ], [ -8.40239122, 43.34914771 ], [ -8.40239928, 43.34914113 ], [ -8.40242218, 43.34911912 ], [ -8.40247386, 43.34907692 ], [ -8.40252732, 43.34903323 ], [ -8.402449, 43.34896928 ], [ -8.40248229, 43.3489463 ], [ -8.40249028, 43.34894802 ], [ -8.40253938, 43.34893344 ], [ -8.40259089, 43.34888448 ], [ -8.40263468, 43.3488421 ], [ -8.40267418, 43.34880389 ], [ -8.40268281, 43.348791 ], [ -8.40270499, 43.34875752 ], [ -8.4027366, 43.3487098 ], [ -8.40274789, 43.34869278 ], [ -8.40275539, 43.34867235 ], [ -8.4027722, 43.34862666 ], [ -8.40279493, 43.34859367 ], [ -8.4028627, 43.34854814 ], [ -8.40287937, 43.34854125 ], [ -8.40296375, 43.34850632 ], [ -8.40312105, 43.34872053 ], [ -8.4034308, 43.34914195 ], [ -8.40360684, 43.34937346 ], [ -8.40372387, 43.34953167 ], [ -8.40376386, 43.34957942 ], [ -8.40378462, 43.34960371 ], [ -8.40384865, 43.34966657 ], [ -8.40389959, 43.34971644 ], [ -8.40394949, 43.34976156 ], [ -8.40400801, 43.34980939 ], [ -8.40413108, 43.34990664 ], [ -8.4043539, 43.35008288 ], [ -8.40444714, 43.35015658 ], [ -8.40454737, 43.35023595 ], [ -8.40458092, 43.35026261 ], [ -8.40462957, 43.3503077 ], [ -8.40466363, 43.3503437 ], [ -8.40470449, 43.35039488 ], [ -8.40480511, 43.35057857 ], [ -8.40483724, 43.35063863 ], [ -8.40516804, 43.35141781 ], [ -8.40521789, 43.35153529 ], [ -8.40523186, 43.35156822 ], [ -8.40524293, 43.35159413 ], [ -8.4052595, 43.35163321 ], [ -8.40526996, 43.35165794 ], [ -8.40527697, 43.35167427 ], [ -8.40500046, 43.35166015 ], [ -8.40438355, 43.35162857 ], [ -8.40420559, 43.35161947 ], [ -8.40407648, 43.35161285 ], [ -8.40405191, 43.35161162 ], [ -8.40373507, 43.3515954 ], [ -8.40360106, 43.35158848 ], [ -8.40345562, 43.35158258 ], [ -8.40330734, 43.35158224 ], [ -8.40322096, 43.35158305 ], [ -8.40312011, 43.35158507 ], [ -8.40309305, 43.35158593 ], [ -8.40304269, 43.35158754 ], [ -8.40295371, 43.35159152 ], [ -8.40285505, 43.35159664 ], [ -8.40284013, 43.35159756 ], [ -8.40277161, 43.35160151 ], [ -8.40273504, 43.3516045 ], [ -8.40265148, 43.35161118 ], [ -8.40256993, 43.35161912 ], [ -8.40236314, 43.35164297 ], [ -8.40221982, 43.35166123 ], [ -8.40196734, 43.35170088 ] ] ] ] } },
{ "type": "Feature", "properties": { "CUSEC": "1503007021", "income_mean_household": 32249.0, "income_mean_person": 14198.0, "poverty_fixed_7500eur": 9.2, "poverty_relative_below60pct": 20.5, "affluence_relative_above200pct": 6.7, "child_poverty_relative_below60pct": null, "gini_index": 29.2, "p80p20_ratio": 2.3, "pct_under18": 13.9, "pct_over65": 31.4, "income_source_salary": 55.6, "income_source_pensions": 31.2, "income_source_unemployment": 1.4, "income_source_other_benefits": 3.9, "income_source_other_income": 8.0 }, "geometry": { "type": "MultiPolygon", "coordinates": [ [ [ [ -8.39567087, 43.34748839 ], [ -8.39570413, 43.34747265 ], [ -8.39575698, 43.34744447 ], [ -8.39581727, 43.34741335 ], [ -8.39586688, 43.34738289 ], [ -8.39593668, 43.34733878 ], [ -8.39601811, 43.34729087 ], [ -8.39607048, 43.34725847 ], [ -8.39610748, 43.34723641 ], [ -8.39614866, 43.34721369 ], [ -8.39619839, 43.3471863 ], [ -8.39623006, 43.34716883 ], [ -8.39626071, 43.34715206 ], [ -8.39628609, 43.3471384 ], [ -8.39631489, 43.34712413 ], [ -8.39640304, 43.34709191 ], [ -8.39642222, 43.34708457 ], [ -8.39644327, 43.34707639 ], [ -8.39697479, 43.34693367 ], [ -8.39728607, 43.34675703 ], [ -8.39754621, 43.34661647 ], [ -8.39769135, 43.3465612 ], [ -8.39803859, 43.34709314 ], [ -8.39812549, 43.34722616 ], [ -8.3981766, 43.34722481 ], [ -8.39957466, 43.34781108 ], [ -8.39960549, 43.34783111 ], [ -8.39915281, 43.34879894 ], [ -8.3991156, 43.3489319 ], [ -8.39757356, 43.34942887 ], [ -8.39756105, 43.3495819 ], [ -8.39722208, 43.34980754 ], [ -8.3969871, 43.34985582 ], [ -8.3969809, 43.34982714 ], [ -8.39697376, 43.34980316 ], [ -8.39696132, 43.34977311 ], [ -8.39694172, 43.34973654 ], [ -8.39677601, 43.34942799 ], [ -8.39672725, 43.34933721 ], [ -8.39651921, 43.34895011 ], [ -8.39651993, 43.34887878 ], [ -8.39644802, 43.34890207 ], [ -8.39644033, 43.34889477 ], [ -8.39639132, 43.34881093 ], [ -8.39638644, 43.34880272 ], [ -8.3963605, 43.34875828 ], [ -8.39642248, 43.34866523 ], [ -8.39600361, 43.34853905 ], [ -8.39600387, 43.34851166 ], [ -8.39616077, 43.34829601 ], [ -8.39623211, 43.34819082 ], [ -8.39604768, 43.34798793 ], [ -8.39567087, 43.34748839 ] ] ] ] } },
{ "type": "Feature", "properties": { "CUSEC": "1503007022", "income_mean_household": 38326.0, "income_mean_person": 15759.0, "poverty_fixed_7500eur": 5.8, "poverty_relative_below60pct": 14.9, "affluence_relative_above200pct": 10.1, "child_poverty_relative_below60pct": null, "gini_index": 26.8, "p80p20_ratio": 2.3, "pct_under18": 11.3, "pct_over65": 30.3, "income_source_salary": 57.4, "income_source_pensions": 29.7, "income_source_unemployment": 1.0, "income_source_other_benefits": 3.7, "income_source_other_income": 8.1 }, "geometry": { "type": "MultiPolygon", "coordinates": [ [ [ [ -8.39960549, 43.34783111 ], [ -8.39957466, 43.34781108 ], [ -8.39954956, 43.34710108 ], [ -8.39954777, 43.34704717 ], [ -8.39950519, 43.34587254 ], [ -8.40010383, 43.3456573 ], [ -8.4002291, 43.3458035 ], [ -8.40026249, 43.34584471 ], [ -8.40033189, 43.3459306 ], [ -8.40009632, 43.34629614 ], [ -8.40008421, 43.34632057 ], [ -8.4000761, 43.34634214 ], [ -8.40007198, 43.34636142 ], [ -8.40006538, 43.34639038 ], [ -8.40006282, 43.34641465 ], [ -8.40006363, 43.34643267 ], [ -8.40007228, 43.34645406 ], [ -8.40008212, 43.34647211 ], [ -8.40051548, 43.34710615 ], [ -8.4005436, 43.34714728 ], [ -8.40055029, 43.34721684 ], [ -8.40066736, 43.34736771 ], [ -8.40075438, 43.34752622 ], [ -8.4008075, 43.3475636 ], [ -8.40081786, 43.34766053 ], [ -8.40083542, 43.34782188 ], [ -8.40088104, 43.34817296 ], [ -8.40086206, 43.3484491 ], [ -8.40086135, 43.34844943 ], [ -8.40083205, 43.34846271 ], [ -8.40076711, 43.34849209 ], [ -8.40034636, 43.3483424 ], [ -8.40022723, 43.34828567 ], [ -8.3998085, 43.34804739 ], [ -8.39978601, 43.3479484 ], [ -8.39960549, 43.34783111 ] ] ] ] } },
{ "type": "Feature", "properties": { "CUSEC": "1503007023", "income_mean_household": 28440.0, "income_mean_person": 12495.0, "poverty_fixed_7500eur": 11.0, "poverty_relative_below60pct": 25.9, "affluence_relative_above200pct": 2.6, "child_poverty_relative_below60pct": null, "gini_index": 27.1, "p80p20_ratio": 2.2, "pct_under18": 13.4, "pct_over65": 27.2, "income_source_salary": 56.2, "income_source_pensions": 32.2, "income_source_unemployment": 2.1, "income_source_other_benefits": 4.1, "income_source_other_income": 5.4 }, "geometry": { "type": "MultiPolygon", "coordinates": [ [ [ [ -8.40033189, 43.3459306 ], [ -8.40026249, 43.34584471 ], [ -8.4002291, 43.3458035 ], [ -8.40010383, 43.3456573 ], [ -8.40002613, 43.34556674 ], [ -8.40055563, 43.34523554 ], [ -8.40229009, 43.34521423 ], [ -8.40233026, 43.34521373 ], [ -8.40233735, 43.34555811 ], [ -8.40315306, 43.345535 ], [ -8.40316658, 43.34550298 ], [ -8.40355887, 43.34549525 ], [ -8.40357717, 43.3454789 ], [ -8.4036247, 43.34541232 ], [ -8.40394134, 43.34541075 ], [ -8.40408607, 43.34544682 ], [ -8.40441318, 43.34544851 ], [ -8.40384849, 43.34626378 ], [ -8.40381925, 43.34630342 ], [ -8.40379964, 43.34632998 ], [ -8.40377338, 43.34636227 ], [ -8.40375057, 43.34638701 ], [ -8.40372644, 43.3464102 ], [ -8.40369193, 43.3464392 ], [ -8.40367244, 43.34645295 ], [ -8.40365916, 43.34646238 ], [ -8.40362504, 43.34648326 ], [ -8.40357686, 43.34651191 ], [ -8.40351683, 43.34654698 ], [ -8.40320772, 43.34671455 ], [ -8.40314043, 43.34675293 ], [ -8.4028088, 43.34694228 ], [ -8.40250394, 43.34711638 ], [ -8.40192425, 43.34744742 ], [ -8.40155519, 43.3471116 ], [ -8.40142652, 43.34699448 ], [ -8.40084442, 43.34645413 ], [ -8.40079517, 43.3464084 ], [ -8.40070299, 43.3463295 ], [ -8.40051472, 43.34614347 ], [ -8.40044499, 43.34607015 ], [ -8.40033189, 43.3459306 ] ] ] ] } },
{ "type": "Feature", "properties": { "CUSEC": "1503007025", "income_mean_household": 32189.0, "income_mean_person": 14922.0, "poverty_fixed_7500eur": 7.9, "poverty_relative_below60pct": 20.6, "affluence_relative_above200pct": 5.7, "child_poverty_relative_below60pct": null, "gini_index": 27.2, "p80p20_ratio": 2.5, "pct_under18": 11.2, "pct_over65": 31.6, "income_source_salary": 54.8, "income_source_pensions": 33.3, "income_source_unemployment": 1.2, "income_source_other_benefits": 5.2, "income_source_other_income": 5.5 }, "geometry": { "type": "MultiPolygon", "coordinates": [ [ [ [ -8.40229009, 43.34521423 ], [ -8.40227339, 43.34489666 ], [ -8.40317744, 43.34397667 ], [ -8.40326673, 43.34388579 ], [ -8.40364123, 43.3435047 ], [ -8.40453787, 43.34352863 ], [ -8.40452739, 43.34370185 ], [ -8.40475598, 43.34370303 ], [ -8.40503784, 43.34365958 ], [ -8.40502937, 43.34362744 ], [ -8.40579681, 43.34362417 ], [ -8.40577357, 43.3436495 ], [ -8.40544004, 43.34401345 ], [ -8.40537665, 43.34408018 ], [ -8.40534359, 43.34411917 ], [ -8.40530291, 43.34416718 ], [ -8.40520599, 43.34429823 ], [ -8.40511367, 43.34443345 ], [ -8.40492828, 43.34470487 ], [ -8.40481428, 43.34486931 ], [ -8.40480875, 43.3448773 ], [ -8.40441318, 43.34544851 ], [ -8.40408607, 43.34544682 ], [ -8.40394134, 43.34541075 ], [ -8.4036247, 43.34541232 ], [ -8.40357717, 43.3454789 ], [ -8.40355887, 43.34549525 ], [ -8.40316658, 43.34550298 ], [ -8.40315306, 43.345535 ], [ -8.40233735, 43.34555811 ], [ -8.40233026, 43.34521373 ], [ -8.40229009, 43.34521423 ] ] ] ] } },
{ "type": "Feature", "properties": { "CUSEC": "1503007026", "income_mean_household": 29063.0, "income_mean_person": 12638.0, "poverty_fixed_7500eur": 9.7, "poverty_relative_below60pct": 25.0, "affluence_relative_above200pct": 2.5, "child_poverty_relative_below60pct": null, "gini_index": 26.4, "p80p20_ratio": 2.2, "pct_under18": 12.0, "pct_over65": 26.9, "income_source_salary": 53.9, "income_source_pensions": 32.1, "income_source_unemployment": 1.8, "income_source_other_benefits": 7.1, "income_source_other_income": 5.0 }, "geometry": { "type": "MultiPolygon", "coordinates": [ [ [ [ -8.39939975, 43.34487538 ], [ -8.39939125, 43.3448491 ], [ -8.39934865, 43.3447179 ], [ -8.39934829, 43.34471677 ], [ -8.39934501, 43.3447066 ], [ -8.39931, 43.34459775 ], [ -8.39930324, 43.34456007 ], [ -8.39929209, 43.34448779 ], [ -8.39929452, 43.34443471 ], [ -8.39929708, 43.34437828 ], [ -8.39930231, 43.3443506 ], [ -8.39931748, 43.34427949 ], [ -8.39932556, 43.34424992 ], [ -8.39937581, 43.34410445 ], [ -8.39941619, 43.3439912 ], [ -8.39946498, 43.34385581 ], [ -8.39949405, 43.34377977 ], [ -8.39952108, 43.34372616 ], [ -8.39955919, 43.34365529 ], [ -8.39962017, 43.3435623 ], [ -8.39968363, 43.34348398 ], [ -8.39976938, 43.34339522 ], [ -8.39981612, 43.34335521 ], [ -8.39988644, 43.3432986 ], [ -8.39994911, 43.34325223 ], [ -8.39999062, 43.34322648 ], [ -8.40005832, 43.34318495 ], [ -8.4001144, 43.34315429 ], [ -8.40018613, 43.34311722 ], [ -8.40027413, 43.3430785 ], [ -8.40032623, 43.34305697 ], [ -8.40037548, 43.34303936 ], [ -8.4005139, 43.34299772 ], [ -8.40060678, 43.34297619 ], [ -8.40068192, 43.3429598 ], [ -8.40069084, 43.34298 ], [ -8.40071259, 43.34302402 ], [ -8.40072121, 43.34306074 ], [ -8.40073174, 43.34311098 ], [ -8.40073126, 43.34315759 ], [ -8.40073072, 43.34321319 ], [ -8.40073004, 43.34328227 ], [ -8.40073361, 43.34332013 ], [ -8.40074802, 43.34334727 ], [ -8.40077724, 43.34339294 ], [ -8.40084236, 43.34349463 ], [ -8.40089511, 43.34357701 ], [ -8.40094468, 43.34365446 ], [ -8.40096953, 43.34368675 ], [ -8.40098906, 43.34371067 ], [ -8.40103079, 43.34374555 ], [ -8.40105018, 43.34376115 ], [ -8.40111776, 43.34381065 ], [ -8.40119637, 43.34386795 ], [ -8.40126696, 43.34389958 ], [ -8.40132047, 43.34390912 ], [ -8.40140743, 43.34390786 ], [ -8.40153724, 43.34390599 ], [ -8.40194168, 43.34390012 ], [ -8.40248114, 43.34389229 ], [ -8.40264134, 43.34388998 ], [ -8.40288517, 43.34388644 ], [ -8.40326673, 43.34388579 ], [ -8.40317744, 43.34397667 ], [ -8.40227339, 43.34489666 ], [ -8.40229009, 43.34521423 ], [ -8.40055563, 43.34523554 ], [ -8.40002613, 43.34556674 ], [ -8.39996918, 43.34550036 ], [ -8.39963933, 43.34511498 ], [ -8.39959897, 43.34506785 ], [ -8.39949844, 43.34495113 ], [ -8.39940013, 43.34487652 ], [ -8.39939975, 43.34487538 ] ] ] ] } },
{ "type": "Feature", "properties": { "CUSEC": "1503007027", "income_mean_household": 32110.0, "income_mean_person": 14618.0, "poverty_fixed_7500eur": 8.0, "poverty_relative_below60pct": 21.9, "affluence_relative_above200pct": 8.0, "child_poverty_relative_below60pct": null, "gini_index": 30.0, "p80p20_ratio": 2.5, "pct_under18": 10.1, "pct_over65": 32.0, "income_source_salary": 47.6, "income_source_pensions": 36.3, "income_source_unemployment": 1.7, "income_source_other_benefits": 4.2, "income_source_other_income": 10.3 }, "geometry": { "type": "MultiPolygon", "coordinates": [ [ [ [ -8.40671641, 43.34501171 ], [ -8.40672667, 43.34495391 ], [ -8.40673471, 43.34488723 ], [ -8.4067361, 43.34487554 ], [ -8.40674664, 43.34478915 ], [ -8.40674962, 43.34473663 ], [ -8.40674874, 43.34467651 ], [ -8.40674769, 43.34464398 ], [ -8.4067436, 43.34460765 ], [ -8.40673286, 43.34452245 ], [ -8.40671878, 43.34445735 ], [ -8.40669201, 43.3443678 ], [ -8.40665503, 43.34426422 ], [ -8.40661944, 43.34418112 ], [ -8.40658097, 43.34410473 ], [ -8.40651194, 43.34399678 ], [ -8.40646157, 43.34392295 ], [ -8.40638816, 43.34382243 ], [ -8.4063226, 43.34373951 ], [ -8.40626674, 43.3436761 ], [ -8.40622592, 43.34363355 ], [ -8.40619302, 43.34360225 ], [ -8.40616379, 43.34357893 ], [ -8.40612348, 43.34354923 ], [ -8.40595715, 43.34344911 ], [ -8.40579681, 43.34362417 ], [ -8.40502937, 43.34362744 ], [ -8.40503784, 43.34365958 ], [ -8.40475598, 43.34370303 ], [ -8.40452739, 43.34370185 ], [ -8.40453787, 43.34352863 ], [ -8.40364123, 43.3435047 ], [ -8.40326673, 43.34388579 ], [ -8.40288517, 43.34388644 ], [ -8.40264134, 43.34388998 ], [ -8.40248114, 43.34389229 ], [ -8.40194168, 43.34390012 ], [ -8.40153724, 43.34390599 ], [ -8.40140743, 43.34390786 ], [ -8.40132047, 43.34390912 ], [ -8.40126696, 43.34389958 ], [ -8.40119637, 43.34386795 ], [ -8.40111776, 43.34381065 ], [ -8.40105018, 43.34376115 ], [ -8.40103079, 43.34374555 ], [ -8.40098906, 43.34371067 ], [ -8.40096953, 43.34368675 ], [ -8.40094468, 43.34365446 ], [ -8.40089511, 43.34357701 ], [ -8.40084236, 43.34349463 ], [ -8.40077724, 43.34339294 ], [ -8.40074802, 43.34334727 ], [ -8.40073361, 43.34332013 ], [ -8.40073004, 43.34328227 ], [ -8.40073072, 43.34321319 ], [ -8.40073126, 43.34315759 ], [ -8.40073174, 43.34311098 ], [ -8.40072121, 43.34306074 ], [ -8.40071259, 43.34302402 ], [ -8.40069084, 43.34298 ], [ -8.40068192, 43.3429598 ], [ -8.40060678, 43.34297619 ], [ -8.4005139, 43.34299772 ], [ -8.40037548, 43.34303936 ], [ -8.40032623, 43.34305697 ], [ -8.40027413, 43.3430785 ], [ -8.40018613, 43.34311722 ], [ -8.4001144, 43.34315429 ], [ -8.40005832, 43.34318495 ], [ -8.39999062, 43.34322648 ], [ -8.39994911, 43.34325223 ], [ -8.39988644, 43.3432986 ], [ -8.39981612, 43.34335521 ], [ -8.39976938, 43.34339522 ], [ -8.39968363, 43.34348398 ], [ -8.39962017, 43.3435623 ], [ -8.39955919, 43.34365529 ], [ -8.39952108, 43.34372616 ], [ -8.39949405, 43.34377977 ], [ -8.39946498, 43.34385581 ], [ -8.39941619, 43.3439912 ], [ -8.39937581, 43.34410445 ], [ -8.39932556, 43.34424992 ], [ -8.39931748, 43.34427949 ], [ -8.39930231, 43.3443506 ], [ -8.39929708, 43.34437828 ], [ -8.39929452, 43.34443471 ], [ -8.39929209, 43.34448779 ], [ -8.39930324, 43.34456007 ], [ -8.39931, 43.34459775 ], [ -8.39934501, 43.3447066 ], [ -8.39934829, 43.34471677 ], [ -8.39934865, 43.3447179 ], [ -8.39939125, 43.3448491 ], [ -8.39939975, 43.34487538 ], [ -8.39939196, 43.34487558 ], [ -8.39926145, 43.34486067 ], [ -8.39915245, 43.34484821 ], [ -8.39903737, 43.34481988 ], [ -8.39894269, 43.34479608 ], [ -8.39890508, 43.34478662 ], [ -8.39886754, 43.3447747 ], [ -8.39884098, 43.34476553 ], [ -8.39879745, 43.3447416 ], [ -8.39876964, 43.34471889 ], [ -8.39870356, 43.34466267 ], [ -8.3986657, 43.34463034 ], [ -8.39860706, 43.34457167 ], [ -8.39857567, 43.34454028 ], [ -8.39852768, 43.34449227 ], [ -8.39849527, 43.34445983 ], [ -8.39847334, 43.34443251 ], [ -8.39844534, 43.34439604 ], [ -8.39842428, 43.34436861 ], [ -8.39837995, 43.34431086 ], [ -8.39832073, 43.34423373 ], [ -8.39825134, 43.34414337 ], [ -8.39821819, 43.34410019 ], [ -8.39820337, 43.34407805 ], [ -8.39817044, 43.34402673 ], [ -8.39811805, 43.34394512 ], [ -8.39809432, 43.34390812 ], [ -8.39806799, 43.34386707 ], [ -8.39804685, 43.34383444 ], [ -8.39799854, 43.34377122 ], [ -8.3979274, 43.34367815 ], [ -8.39790772, 43.34365036 ], [ -8.39786205, 43.34357951 ], [ -8.39782056, 43.34351517 ], [ -8.39778558, 43.34346095 ], [ -8.39775069, 43.34340683 ], [ -8.39772455, 43.3433663 ], [ -8.39771023, 43.3433441 ], [ -8.39770984, 43.34334404 ], [ -8.39762912, 43.34321737 ], [ -8.39759427, 43.34316286 ], [ -8.39755877, 43.34310741 ], [ -8.39752809, 43.34305948 ], [ -8.39751647, 43.34304131 ], [ -8.39749506, 43.34298478 ], [ -8.39747418, 43.3429292 ], [ -8.39746677, 43.34290947 ], [ -8.39739772, 43.34281064 ], [ -8.39736849, 43.34276883 ], [ -8.39735451, 43.34274935 ], [ -8.39731865, 43.34270889 ], [ -8.39727292, 43.34265727 ], [ -8.39726115, 43.342644 ], [ -8.39726143, 43.34264375 ], [ -8.39727156, 43.34264168 ], [ -8.39731232, 43.34263339 ], [ -8.39739129, 43.34261719 ], [ -8.39742869, 43.34261542 ], [ -8.39756394, 43.34261116 ], [ -8.39771968, 43.34260673 ], [ -8.3979209, 43.34259835 ], [ -8.39808726, 43.34258985 ], [ -8.39816472, 43.34258344 ], [ -8.39828581, 43.34257331 ], [ -8.39836502, 43.3425639 ], [ -8.3984582, 43.34255245 ], [ -8.39849427, 43.34254536 ], [ -8.39859128, 43.34252633 ], [ -8.3986339, 43.34251797 ], [ -8.39871841, 43.34250139 ], [ -8.39890373, 43.34246503 ], [ -8.39891508, 43.3424628 ], [ -8.3989292, 43.34246003 ], [ -8.39894683, 43.34245973 ], [ -8.39899509, 43.34245901 ], [ -8.39903832, 43.34246078 ], [ -8.39911798, 43.3424647 ], [ -8.39919567, 43.34246852 ], [ -8.39925491, 43.34247199 ], [ -8.39935018, 43.34247896 ], [ -8.39939351, 43.34248215 ], [ -8.39943354, 43.34248582 ], [ -8.39960332, 43.34250459 ], [ -8.39963546, 43.34251064 ], [ -8.3997006, 43.3425234 ], [ -8.39976492, 43.34254419 ], [ -8.39980053, 43.34255572 ], [ -8.39983687, 43.34257444 ], [ -8.39987792, 43.34259568 ], [ -8.39996996, 43.34264337 ], [ -8.40006081, 43.34269035 ], [ -8.40008571, 43.34270164 ], [ -8.40017389, 43.34274027 ], [ -8.40027276, 43.34275019 ], [ -8.40068031, 43.34282663 ], [ -8.40093487, 43.34292359 ], [ -8.40106179, 43.34291966 ], [ -8.40108986, 43.34291896 ], [ -8.40113926, 43.34291773 ], [ -8.40117526, 43.34291864 ], [ -8.40125088, 43.34292075 ], [ -8.40131738, 43.34292262 ], [ -8.40134022, 43.3429238 ], [ -8.40137629, 43.34292698 ], [ -8.40143544, 43.3429322 ], [ -8.40151264, 43.34293901 ], [ -8.40161194, 43.34294779 ], [ -8.40171416, 43.34295681 ], [ -8.40178438, 43.34296301 ], [ -8.40183451, 43.34296744 ], [ -8.40188085, 43.34297153 ], [ -8.40189166, 43.34297152 ], [ -8.40191849, 43.34297126 ], [ -8.40195494, 43.3429709 ], [ -8.40198794, 43.34297057 ], [ -8.40200884, 43.34297037 ], [ -8.4020469, 43.34296804 ], [ -8.40207815, 43.34296594 ], [ -8.40211475, 43.34296348 ], [ -8.40213593, 43.34296098 ], [ -8.40223629, 43.34294907 ], [ -8.40234993, 43.34293561 ], [ -8.40253103, 43.34291414 ], [ -8.40275366, 43.34288776 ], [ -8.40295308, 43.34286411 ], [ -8.40318784, 43.34283632 ], [ -8.4034761, 43.34280214 ], [ -8.40373122, 43.34277191 ], [ -8.40407135, 43.34273158 ], [ -8.40422681, 43.34271315 ], [ -8.40436194, 43.34269714 ], [ -8.40443251, 43.34268791 ], [ -8.40448558, 43.34268081 ], [ -8.40460423, 43.34268005 ], [ -8.40477758, 43.34268039 ], [ -8.40491736, 43.34268373 ], [ -8.40509174, 43.34268946 ], [ -8.40516405, 43.34269309 ], [ -8.40518593, 43.34269424 ], [ -8.40536585, 43.34270371 ], [ -8.40564206, 43.34271205 ], [ -8.40612772, 43.34272637 ], [ -8.40653873, 43.34273753 ], [ -8.40693463, 43.34274827 ], [ -8.40733292, 43.34275908 ], [ -8.40778675, 43.34277139 ], [ -8.4080208, 43.34277806 ], [ -8.40830006, 43.34278602 ], [ -8.40853889, 43.34279288 ], [ -8.40854589, 43.34280637 ], [ -8.4085502, 43.34281527 ], [ -8.40861717, 43.34295043 ], [ -8.40862196, 43.34296026 ], [ -8.40865585, 43.34304122 ], [ -8.40866769, 43.34307119 ], [ -8.4086876, 43.34312721 ], [ -8.40871014, 43.34319567 ], [ -8.40873438, 43.34327475 ], [ -8.40875724, 43.34335214 ], [ -8.40877002, 43.34340371 ], [ -8.4087775, 43.34343579 ], [ -8.40878762, 43.343487 ], [ -8.40880313, 43.3435793 ], [ -8.40881936, 43.34368751 ], [ -8.4088244, 43.34372589 ], [ -8.40882992, 43.34380832 ], [ -8.40883533, 43.34389757 ], [ -8.40883779, 43.34396171 ], [ -8.40883813, 43.34401321 ], [ -8.4088359, 43.34407786 ], [ -8.40883337, 43.34413486 ], [ -8.40882475, 43.34422636 ], [ -8.40881533, 43.34430583 ], [ -8.40880559, 43.34437936 ], [ -8.40879469, 43.34444802 ], [ -8.40878646, 43.3444954 ], [ -8.40877043, 43.34457117 ], [ -8.40875308, 43.34465409 ], [ -8.40873275, 43.34473844 ], [ -8.40869484, 43.34489736 ], [ -8.4086537, 43.34506969 ], [ -8.4086372, 43.3451392 ], [ -8.40863309, 43.34515693 ], [ -8.40861548, 43.34523116 ], [ -8.40671641, 43.34501171 ] ] ] ] } },
{ "type": "Feature", "properties": { "CUSEC": "1503007028", "income_mean_household": 28699.0, "income_mean_person": 12504.0, "poverty_fixed_7500eur": 8.3, "poverty_relative_below60pct": 21.9, "affluence_relative_above200pct": 2.0, "child_poverty_relative_below60pct": null, "gini_index": 24.3, "p80p20_ratio": 2.1, "pct_under18": 9.1, "pct_over65": 38.3, "income_source_salary": 48.8, "income_source_pensions": 39.6, "income_source_unemployment": 1.7, "income_source_other_benefits": 6.4, "income_source_other_income": 3.6 }, "geometry": { "type": "MultiPolygon", "coordinates": [ [ [ [ -8.41363828, 43.34346847 ], [ -8.41355017, 43.34341966 ], [ -8.41347593, 43.34337857 ], [ -8.41344108, 43.34335932 ], [ -8.41335144, 43.34331138 ], [ -8.4132456, 43.34326231 ], [ -8.41317939, 43.34323172 ], [ -8.41302195, 43.34317057 ], [ -8.41295603, 43.34314744 ], [ -8.41286602, 43.34311586 ], [ -8.41268487, 43.34305665 ], [ -8.41247459, 43.34299441 ], [ -8.41246023, 43.34299057 ], [ -8.41244042, 43.34298536 ], [ -8.41240062, 43.34297648 ], [ -8.41233538, 43.34296291 ], [ -8.4122514, 43.34294691 ], [ -8.41216731, 43.34293136 ], [ -8.41211792, 43.34292244 ], [ -8.41206125, 43.34291351 ], [ -8.41201427, 43.34290708 ], [ -8.41195834, 43.34289974 ], [ -8.41188303, 43.34289135 ], [ -8.41181513, 43.34288399 ], [ -8.41177948, 43.34288164 ], [ -8.41176363, 43.34288066 ], [ -8.41172438, 43.3428781 ], [ -8.41161328, 43.34287185 ], [ -8.41126235, 43.34285305 ], [ -8.41121477, 43.34285092 ], [ -8.41116173, 43.34284848 ], [ -8.41110413, 43.34284662 ], [ -8.41100741, 43.34284506 ], [ -8.41092056, 43.34284436 ], [ -8.41080699, 43.34284322 ], [ -8.41065669, 43.34284271 ], [ -8.41042256, 43.34283774 ], [ -8.40976327, 43.3428257 ], [ -8.40942745, 43.34281703 ], [ -8.41165843, 43.34127247 ], [ -8.41299278, 43.3404495 ], [ -8.41311466, 43.34036628 ], [ -8.41321818, 43.3402956 ], [ -8.41334969, 43.34029313 ], [ -8.41356302, 43.34042026 ], [ -8.4135782, 43.34042937 ], [ -8.41361417, 43.34045006 ], [ -8.41366297, 43.34047835 ], [ -8.41371564, 43.34050874 ], [ -8.41386333, 43.34059408 ], [ -8.41400946, 43.34067855 ], [ -8.41403389, 43.34069273 ], [ -8.41422329, 43.34080214 ], [ -8.41445011, 43.34092503 ], [ -8.41466601, 43.34106515 ], [ -8.415407, 43.34152888 ], [ -8.41539223, 43.34154577 ], [ -8.41530985, 43.34170066 ], [ -8.41522711, 43.34205531 ], [ -8.41510233, 43.34259935 ], [ -8.41509711, 43.3426791 ], [ -8.4150961, 43.34269387 ], [ -8.4150513, 43.3428759 ], [ -8.41497967, 43.34316647 ], [ -8.41495327, 43.34323358 ], [ -8.41475105, 43.34412961 ], [ -8.41473976, 43.34416385 ], [ -8.41471545, 43.34423783 ], [ -8.41471049, 43.34425304 ], [ -8.41467688, 43.3443083 ], [ -8.41461826, 43.34426039 ], [ -8.41447264, 43.34412755 ], [ -8.4142098, 43.34390026 ], [ -8.41412618, 43.34383187 ], [ -8.41402508, 43.34374938 ], [ -8.41393128, 43.34367239 ], [ -8.41382055, 43.34359042 ], [ -8.41373747, 43.34353371 ], [ -8.41369221, 43.34350296 ], [ -8.41363828, 43.34346847 ] ] ] ] } },
{ "type": "Feature", "properties": { "CUSEC": "1503007029", "income_mean_household": 43816.0, "income_mean_person": 18728.0, "poverty_fixed_7500eur": 7.8, "poverty_relative_below60pct": 14.1, "affluence_relative_above200pct": 19.9, "child_poverty_relative_below60pct": null, "gini_index": 28.8, "p80p20_ratio": 2.5, "pct_under18": 13.0, "pct_over65": 41.1, "income_source_salary": 40.6, "income_source_pensions": 46.2, "income_source_unemployment": 0.6, "income_source_other_benefits": 3.6, "income_source_other_income": 9.0 }, "geometry": { "type": "MultiPolygon", "coordinates": [ [ [ [ -8.40703534, 43.35188511 ], [ -8.40704665, 43.3518286 ], [ -8.40709735, 43.35160261 ], [ -8.40715607, 43.3513569 ], [ -8.4072972, 43.35076632 ], [ -8.40737681, 43.3504332 ], [ -8.4074655, 43.35006227 ], [ -8.40765221, 43.34927645 ], [ -8.40784052, 43.3484789 ], [ -8.40791562, 43.3481656 ], [ -8.40793767, 43.34807364 ], [ -8.40793888, 43.34806853 ], [ -8.40837856, 43.3481177 ], [ -8.40938896, 43.34823664 ], [ -8.40971661, 43.34827406 ], [ -8.40971637, 43.34827503 ], [ -8.40971634, 43.34827516 ], [ -8.40968987, 43.34838533 ], [ -8.40953341, 43.34903671 ], [ -8.41009143, 43.34922257 ], [ -8.41012403, 43.34923354 ], [ -8.41020185, 43.34925976 ], [ -8.41021712, 43.34926489 ], [ -8.41023137, 43.34926973 ], [ -8.41014412, 43.34940715 ], [ -8.40993841, 43.34973135 ], [ -8.4096105, 43.35024887 ], [ -8.40929659, 43.35074591 ], [ -8.40927027, 43.35078486 ], [ -8.40918315, 43.35091436 ], [ -8.40909962, 43.35102682 ], [ -8.40904473, 43.35109905 ], [ -8.40896536, 43.35119586 ], [ -8.40888085, 43.351296 ], [ -8.40883982, 43.35134109 ], [ -8.40879989, 43.35138296 ], [ -8.40866907, 43.35151617 ], [ -8.40856904, 43.35160967 ], [ -8.40852364, 43.35164994 ], [ -8.40781266, 43.35222679 ], [ -8.40778367, 43.35220971 ], [ -8.40767505, 43.35214881 ], [ -8.40754897, 43.35208461 ], [ -8.40743374, 43.3520316 ], [ -8.4073768, 43.35200815 ], [ -8.40729647, 43.35197498 ], [ -8.40719701, 43.35193792 ], [ -8.4070965, 43.35190378 ], [ -8.40703534, 43.35188511 ] ] ] ] } },
{ "type": "Feature", "properties": { "CUSEC": "1503007030", "income_mean_household": 34165.0, "income_mean_person": 14273.0, "poverty_fixed_7500eur": 9.8, "poverty_relative_below60pct": 20.4, "affluence_relative_above200pct": 5.8, "child_poverty_relative_below60pct": null, "gini_index": 27.6, "p80p20_ratio": 2.4, "pct_under18": 12.6, "pct_over65": 34.6, "income_source_salary": 51.3, "income_source_pensions": 36.1, "income_source_unemployment": 1.3, "income_source_other_benefits": 4.4, "income_source_other_income": 6.8 }, "geometry": { "type": "MultiPolygon", "coordinates": [ [ [ [ -8.40860873, 43.34525949 ], [ -8.40860882, 43.34525911 ], [ -8.40861548, 43.34523116 ], [ -8.40863309, 43.34515693 ], [ -8.4086372, 43.3451392 ], [ -8.4086537, 43.34506969 ], [ -8.40869484, 43.34489736 ], [ -8.40873275, 43.34473844 ], [ -8.40875308, 43.34465409 ], [ -8.40877043, 43.34457117 ], [ -8.40878646, 43.3444954 ], [ -8.40879469, 43.34444802 ], [ -8.40880559, 43.34437936 ], [ -8.40881533, 43.34430583 ], [ -8.40882475, 43.34422636 ], [ -8.40883337, 43.34413486 ], [ -8.4088359, 43.34407786 ], [ -8.40883813, 43.34401321 ], [ -8.40883779, 43.34396171 ], [ -8.40883533, 43.34389757 ], [ -8.40882992, 43.34380832 ], [ -8.4088244, 43.34372589 ], [ -8.40881936, 43.34368751 ], [ -8.40880313, 43.3435793 ], [ -8.40878762, 43.343487 ], [ -8.4087775, 43.34343579 ], [ -8.40877002, 43.34340371 ], [ -8.40875724, 43.34335214 ], [ -8.40873438, 43.34327475 ], [ -8.40871014, 43.34319567 ], [ -8.4086876, 43.34312721 ], [ -8.40866769, 43.34307119 ], [ -8.40865585, 43.34304122 ], [ -8.40862196, 43.34296026 ], [ -8.40861717, 43.34295043 ], [ -8.4085502, 43.34281527 ], [ -8.40854589, 43.34280637 ], [ -8.40853889, 43.34279288 ], [ -8.40853885, 43.3427928 ], [ -8.40886547, 43.34280216 ], [ -8.40900581, 43.34280612 ], [ -8.40903062, 43.34280677 ], [ -8.40904663, 43.34280721 ], [ -8.40934772, 43.34281501 ], [ -8.40942745, 43.34281703 ], [ -8.40976327, 43.3428257 ], [ -8.41042256, 43.34283774 ], [ -8.41065669, 43.34284271 ], [ -8.41080699, 43.34284322 ], [ -8.41092056, 43.34284436 ], [ -8.41100741, 43.34284506 ], [ -8.41110413, 43.34284662 ], [ -8.41116173, 43.34284848 ], [ -8.41121477, 43.34285092 ], [ -8.41126235, 43.34285305 ], [ -8.41161328, 43.34287185 ], [ -8.41172438, 43.3428781 ], [ -8.41176363, 43.34288066 ], [ -8.41177948, 43.34288164 ], [ -8.41181513, 43.34288399 ], [ -8.41188303, 43.34289135 ], [ -8.41195834, 43.34289974 ], [ -8.41201427, 43.34290708 ], [ -8.41206125, 43.34291351 ], [ -8.41211792, 43.34292244 ], [ -8.41216731, 43.34293136 ], [ -8.4122514, 43.34294691 ], [ -8.41233538, 43.34296291 ], [ -8.41240062, 43.34297648 ], [ -8.41244042, 43.34298536 ], [ -8.41246023, 43.34299057 ], [ -8.41247459, 43.34299441 ], [ -8.41268487, 43.34305665 ], [ -8.41286602, 43.34311586 ], [ -8.41295603, 43.34314744 ], [ -8.41302195, 43.34317057 ], [ -8.41317939, 43.34323172 ], [ -8.4132456, 43.34326231 ], [ -8.41335144, 43.34331138 ], [ -8.41344108, 43.34335932 ], [ -8.41347593, 43.34337857 ], [ -8.41355017, 43.34341966 ], [ -8.41363828, 43.34346847 ], [ -8.41369599, 43.34365281 ], [ -8.41360487, 43.34374686 ], [ -8.41352988, 43.34384051 ], [ -8.41351685, 43.34386555 ], [ -8.41350281, 43.34389133 ], [ -8.41348978, 43.34392171 ], [ -8.4134827, 43.34394371 ], [ -8.41347947, 43.34395939 ], [ -8.41347708, 43.34397622 ], [ -8.41348036, 43.34401954 ], [ -8.41349208, 43.34405696 ], [ -8.41350941, 43.3440884 ], [ -8.41352956, 43.34412605 ], [ -8.41353566, 43.34414263 ], [ -8.41353752, 43.34415464 ], [ -8.41353741, 43.34416759 ], [ -8.41353125, 43.34420252 ], [ -8.41351488, 43.34427565 ], [ -8.41337131, 43.34489008 ], [ -8.41336584, 43.34490716 ], [ -8.41336048, 43.34492137 ], [ -8.41335332, 43.34493816 ], [ -8.41334537, 43.34495389 ], [ -8.41333796, 43.34496745 ], [ -8.413329, 43.34498107 ], [ -8.41330821, 43.34500745 ], [ -8.4132751, 43.34504287 ], [ -8.41322544, 43.34508772 ], [ -8.41319448, 43.34511168 ], [ -8.41316627, 43.34513415 ], [ -8.41309023, 43.34518375 ], [ -8.41301727, 43.34522847 ], [ -8.41204375, 43.34577329 ], [ -8.41195057, 43.34568459 ], [ -8.41168083, 43.34565027 ], [ -8.40860894, 43.34525951 ], [ -8.40860873, 43.34525949 ] ] ] ] } },
{ "type": "Feature", "properties": { "CUSEC": "1503007031", "income_mean_household": 32581.0, "income_mean_person": 13269.0, "poverty_fixed_7500eur": 11.1, "poverty_relative_below60pct": 25.6, "affluence_relative_above200pct": 4.6, "child_poverty_relative_below60pct": null, "gini_index": 28.8, "p80p20_ratio": 2.7, "pct_under18": 15.6, "pct_over65": 21.3, "income_source_salary": 61.4, "income_source_pensions": 23.1, "income_source_unemployment": 1.8, "income_source_other_benefits": 5.4, "income_source_other_income": 8.3 }, "geometry": { "type": "MultiPolygon", "coordinates": [ [ [ [ -8.415407, 43.34152888 ], [ -8.41551002, 43.34141112 ], [ -8.41552999, 43.34139717 ], [ -8.41586992, 43.3411601 ], [ -8.41596321, 43.34110797 ], [ -8.41609726, 43.34100873 ], [ -8.41651505, 43.34071064 ], [ -8.41658519, 43.3406783 ], [ -8.41666128, 43.34062493 ], [ -8.41675358, 43.3405603 ], [ -8.41679737, 43.34050856 ], [ -8.41689949, 43.34043715 ], [ -8.41727135, 43.34017673 ], [ -8.4173298, 43.34015236 ], [ -8.4174084, 43.34008629 ], [ -8.41768031, 43.33986472 ], [ -8.41802455, 43.33972993 ], [ -8.41828946, 43.33974267 ], [ -8.41863111, 43.33988096 ], [ -8.41903596, 43.33992851 ], [ -8.41931715, 43.33987304 ], [ -8.41960723, 43.33961507 ], [ -8.41984353, 43.33943706 ], [ -8.42007457, 43.33923909 ], [ -8.4203846, 43.33909332 ], [ -8.42134618, 43.33863741 ], [ -8.42143922, 43.33858297 ], [ -8.42164643, 43.3384183 ], [ -8.42172027, 43.33822186 ], [ -8.42160806, 43.3378056 ], [ -8.42132672, 43.33747552 ], [ -8.42134049, 43.33715209 ], [ -8.42135144, 43.33715315 ], [ -8.4213908, 43.33715693 ], [ -8.42158683, 43.33717703 ], [ -8.42175496, 43.33719245 ], [ -8.42178008, 43.3371966 ], [ -8.42188803, 43.33719481 ], [ -8.42207281, 43.33719137 ], [ -8.42224651, 43.33718713 ], [ -8.42235545, 43.33718596 ], [ -8.42238538, 43.33718253 ], [ -8.42255005, 43.33716936 ], [ -8.42280718, 43.33714509 ], [ -8.42304078, 43.33712395 ], [ -8.42310075, 43.33711842 ], [ -8.42325409, 43.33708102 ], [ -8.4233242, 43.33706564 ], [ -8.42339326, 43.33704899 ], [ -8.42360407, 43.33697811 ], [ -8.42389567, 43.33687795 ], [ -8.42409597, 43.33681036 ], [ -8.42424763, 43.33675473 ], [ -8.42446228, 43.33667758 ], [ -8.42455677, 43.33664526 ], [ -8.42470504, 43.3365517 ], [ -8.42484026, 43.33647008 ], [ -8.42497765, 43.33638114 ], [ -8.42507132, 43.33632415 ], [ -8.42511963, 43.33629611 ], [ -8.42510226, 43.33640199 ], [ -8.42508738, 43.33648819 ], [ -8.42500772, 43.33660734 ], [ -8.42500692, 43.33660851 ], [ -8.4276815, 43.33845705 ], [ -8.42781662, 43.33866351 ], [ -8.4280717, 43.33890685 ], [ -8.42833057, 43.33919258 ], [ -8.4283533, 43.33944698 ], [ -8.42825417, 43.33964331 ], [ -8.42760824, 43.34024889 ], [ -8.42782482, 43.34038761 ], [ -8.42850358, 43.34080238 ], [ -8.42927707, 43.3412978 ], [ -8.4298782, 43.34182271 ], [ -8.43083357, 43.34239461 ], [ -8.43143662, 43.34294072 ], [ -8.43184265, 43.34324072 ], [ -8.43224489, 43.34349833 ], [ -8.43241098, 43.3437246 ], [ -8.43266989, 43.34401032 ], [ -8.43299259, 43.34435688 ], [ -8.43324306, 43.34472586 ], [ -8.4331759, 43.34473864 ], [ -8.43315143, 43.3447435 ], [ -8.43309533, 43.34475598 ], [ -8.43305716, 43.34476449 ], [ -8.43302595, 43.34477145 ], [ -8.43297362, 43.34478451 ], [ -8.43292163, 43.3447975 ], [ -8.43288797, 43.3448059 ], [ -8.43283995, 43.34481944 ], [ -8.4327756, 43.34483764 ], [ -8.43271649, 43.3448546 ], [ -8.43264797, 43.34487483 ], [ -8.4325822, 43.34489422 ], [ -8.43250085, 43.34491831 ], [ -8.43243426, 43.34493814 ], [ -8.43237137, 43.34495688 ], [ -8.43232652, 43.34497058 ], [ -8.43225414, 43.34499311 ], [ -8.43218961, 43.34501326 ], [ -8.43213633, 43.34503104 ], [ -8.43209654, 43.3450443 ], [ -8.43205638, 43.34505766 ], [ -8.43200862, 43.34507356 ], [ -8.4319286, 43.3451002 ], [ -8.43182281, 43.34513535 ], [ -8.43171859, 43.34516986 ], [ -8.43165177, 43.34519189 ], [ -8.43158538, 43.34521356 ], [ -8.43153178, 43.34523109 ], [ -8.4314603, 43.34525442 ], [ -8.43137681, 43.345281 ], [ -8.43127974, 43.34531135 ], [ -8.43116995, 43.34534571 ], [ -8.4310702, 43.34537692 ], [ -8.43102941, 43.34538968 ], [ -8.43095242, 43.34541377 ], [ -8.43084694, 43.34544677 ], [ -8.43076411, 43.34547335 ], [ -8.43065572, 43.34550986 ], [ -8.43054343, 43.34554767 ], [ -8.43047537, 43.34557135 ], [ -8.43039364, 43.34560088 ], [ -8.43032698, 43.34562498 ], [ -8.4302427, 43.34565544 ], [ -8.43018551, 43.34567604 ], [ -8.43011309, 43.34570213 ], [ -8.43002143, 43.34573515 ], [ -8.4299136, 43.34577398 ], [ -8.42981595, 43.34580917 ], [ -8.4297131, 43.34584622 ], [ -8.42963884, 43.34587297 ], [ -8.42955005, 43.34590496 ], [ -8.42951159, 43.34591881 ], [ -8.4294908, 43.3459263 ], [ -8.42943362, 43.34594687 ], [ -8.42934961, 43.34597742 ], [ -8.4292625, 43.34600953 ], [ -8.42912909, 43.34605871 ], [ -8.42903207, 43.34609447 ], [ -8.428962, 43.3461203 ], [ -8.42883238, 43.34616808 ], [ -8.42872938, 43.34620605 ], [ -8.42864826, 43.34623594 ], [ -8.4285945, 43.34625576 ], [ -8.42852012, 43.34628107 ], [ -8.42846383, 43.34630022 ], [ -8.42838329, 43.34632762 ], [ -8.42828412, 43.34636134 ], [ -8.42815715, 43.34640453 ], [ -8.42803692, 43.34644519 ], [ -8.42792138, 43.34648425 ], [ -8.42782356, 43.3465173 ], [ -8.42773966, 43.34654554 ], [ -8.42767396, 43.34656703 ], [ -8.42764051, 43.34657799 ], [ -8.42755691, 43.34660534 ], [ -8.42748045, 43.34663035 ], [ -8.42737039, 43.34666634 ], [ -8.42722279, 43.34671446 ], [ -8.42713907, 43.34674104 ], [ -8.42708932, 43.34675683 ], [ -8.42702263, 43.34677803 ], [ -8.4269138, 43.34681247 ], [ -8.42682807, 43.34683947 ], [ -8.42671738, 43.34687433 ], [ -8.42665458, 43.34689411 ], [ -8.42658882, 43.34691504 ], [ -8.42646327, 43.34695582 ], [ -8.42636328, 43.34698798 ], [ -8.426298, 43.34700862 ], [ -8.42618906, 43.34704304 ], [ -8.42608512, 43.34707628 ], [ -8.42599324, 43.3471059 ], [ -8.42589362, 43.34713778 ], [ -8.4258023, 43.34716672 ], [ -8.42570539, 43.34719745 ], [ -8.4256357, 43.3472196 ], [ -8.42547249, 43.34727141 ], [ -8.42530624, 43.34732407 ], [ -8.42518577, 43.3473621 ], [ -8.42504903, 43.3474054 ], [ -8.42498016, 43.3474274 ], [ -8.42486467, 43.34746425 ], [ -8.42471514, 43.34751178 ], [ -8.42458526, 43.34755304 ], [ -8.42441693, 43.34760702 ], [ -8.42431409, 43.34764045 ], [ -8.4242277, 43.34766854 ], [ -8.42413751, 43.34769787 ], [ -8.42405184, 43.34772573 ], [ -8.42400401, 43.3477413 ], [ -8.42394113, 43.34775937 ], [ -8.42381874, 43.34779451 ], [ -8.42370669, 43.34782666 ], [ -8.42358614, 43.34786148 ], [ -8.42353673, 43.34787706 ], [ -8.42342675, 43.34791176 ], [ -8.42336722, 43.34793055 ], [ -8.42326002, 43.34796438 ], [ -8.4232066, 43.34798122 ], [ -8.42313486, 43.34800387 ], [ -8.42302306, 43.34803914 ], [ -8.42288156, 43.34808378 ], [ -8.42277111, 43.34811863 ], [ -8.42265924, 43.34815392 ], [ -8.42255927, 43.34818551 ], [ -8.42247867, 43.34821115 ], [ -8.42240724, 43.34823387 ], [ -8.42236216, 43.3482482 ], [ -8.42235064, 43.34825186 ], [ -8.42234498, 43.34825368 ], [ -8.42234462, 43.34825379 ], [ -8.42234302, 43.34825431 ], [ -8.42179807, 43.34842766 ], [ -8.42163125, 43.34848102 ], [ -8.42090057, 43.34871479 ], [ -8.4208706, 43.34872436 ], [ -8.42083941, 43.3487344 ], [ -8.42066858, 43.34879432 ], [ -8.42040703, 43.34888603 ], [ -8.42036794, 43.34886898 ], [ -8.42023385, 43.34870146 ], [ -8.41995969, 43.34838299 ], [ -8.41991209, 43.34823295 ], [ -8.41979264, 43.34804817 ], [ -8.41868064, 43.34753475 ], [ -8.41809143, 43.34725764 ], [ -8.4179584, 43.34719619 ], [ -8.41785485, 43.34714831 ], [ -8.417604, 43.3470297 ], [ -8.41757675, 43.34701676 ], [ -8.41755246, 43.34700528 ], [ -8.41748196, 43.34697198 ], [ -8.41744746, 43.34695565 ], [ -8.41744021, 43.34695222 ], [ -8.41738712, 43.34692709 ], [ -8.41734819, 43.34690872 ], [ -8.41700881, 43.34674831 ], [ -8.41699276, 43.34674111 ], [ -8.41689024, 43.34669548 ], [ -8.41675395, 43.34664194 ], [ -8.41661576, 43.34660081 ], [ -8.4165346, 43.34658608 ], [ -8.41645163, 43.34657809 ], [ -8.41636963, 43.34657694 ], [ -8.41628804, 43.34658065 ], [ -8.41620969, 43.34659081 ], [ -8.4161307, 43.34660726 ], [ -8.41606254, 43.34662709 ], [ -8.41600432, 43.34664811 ], [ -8.41587745, 43.34670556 ], [ -8.41578403, 43.34675944 ], [ -8.41567941, 43.34683465 ], [ -8.41547634, 43.34698787 ], [ -8.4152188, 43.34718203 ], [ -8.41519198, 43.34720226 ], [ -8.41514938, 43.34723417 ], [ -8.41494679, 43.34738613 ], [ -8.41490457, 43.34723534 ], [ -8.41490408, 43.34718061 ], [ -8.41489631, 43.34614413 ], [ -8.41489738, 43.34610882 ], [ -8.41489724, 43.34609769 ], [ -8.41490147, 43.34607843 ], [ -8.41490567, 43.34606726 ], [ -8.41491132, 43.34605785 ], [ -8.41492167, 43.34604268 ], [ -8.41493326, 43.3460316 ], [ -8.41494523, 43.34602167 ], [ -8.414958, 43.34601358 ], [ -8.41485098, 43.3456065 ], [ -8.41499514, 43.34556701 ], [ -8.41524794, 43.34550157 ], [ -8.41535852, 43.34546942 ], [ -8.41536991, 43.34546628 ], [ -8.41545762, 43.34544143 ], [ -8.41549129, 43.34543024 ], [ -8.41554193, 43.34541345 ], [ -8.41553553, 43.34536949 ], [ -8.41552204, 43.3452754 ], [ -8.41551773, 43.34524569 ], [ -8.41549334, 43.34520591 ], [ -8.41546707, 43.34516312 ], [ -8.41537325, 43.34503874 ], [ -8.41528781, 43.34493142 ], [ -8.4152314, 43.34486053 ], [ -8.41507199, 43.34469519 ], [ -8.41482909, 43.34445668 ], [ -8.41468261, 43.34432023 ], [ -8.41467688, 43.3443083 ], [ -8.41471049, 43.34425304 ], [ -8.41471545, 43.34423783 ], [ -8.41473976, 43.34416385 ], [ -8.41475105, 43.34412961 ], [ -8.41495327, 43.34323358 ], [ -8.41497967, 43.34316647 ], [ -8.4150513, 43.3428759 ], [ -8.4150961, 43.34269387 ], [ -8.41509711, 43.3426791 ], [ -8.41510233, 43.34259935 ], [ -8.41522711, 43.34205531 ], [ -8.41530985, 43.34170066 ], [ -8.41539223, 43.34154577 ], [ -8.415407, 43.34152888 ] ] ] ] } },
{ "type": "Feature", "properties": { "CUSEC": "1503007033", "income_mean_household": 40263.0, "income_mean_person": 17925.0, "poverty_fixed_7500eur": 2.8, "poverty_relative_below60pct": 7.3, "affluence_relative_above200pct": 10.9, "child_poverty_relative_below60pct": null, "gini_index": 22.3, "p80p20_ratio": 2.0, "pct_under18": 10.5, "pct_over65": 34.1, "income_source_salary": 51.3, "income_source_pensions": 38.1, "income_source_unemployment": 1.2, "income_source_other_benefits": 2.2, "income_source_other_income": 7.2 }, "geometry": { "type": "MultiPolygon", "coordinates": [ [ [ [ -8.40379964, 43.34632998 ], [ -8.40381925, 43.34630342 ], [ -8.40384849, 43.34626378 ], [ -8.40441318, 43.34544851 ], [ -8.40480875, 43.3448773 ], [ -8.40481428, 43.34486931 ], [ -8.40492828, 43.34470487 ], [ -8.40511367, 43.34443345 ], [ -8.40520599, 43.34429823 ], [ -8.40530291, 43.34416718 ], [ -8.40534359, 43.34411917 ], [ -8.40537665, 43.34408018 ], [ -8.40544004, 43.34401345 ], [ -8.40577357, 43.3436495 ], [ -8.40579681, 43.34362417 ], [ -8.40595715, 43.34344911 ], [ -8.40612348, 43.34354923 ], [ -8.40616379, 43.34357893 ], [ -8.40619302, 43.34360225 ], [ -8.40622592, 43.34363355 ], [ -8.40626674, 43.3436761 ], [ -8.4063226, 43.34373951 ], [ -8.40638816, 43.34382243 ], [ -8.40646157, 43.34392295 ], [ -8.40651194, 43.34399678 ], [ -8.40658097, 43.34410473 ], [ -8.40661944, 43.34418112 ], [ -8.40665503, 43.34426422 ], [ -8.40669201, 43.3443678 ], [ -8.40671878, 43.34445735 ], [ -8.40673286, 43.34452245 ], [ -8.4067436, 43.34460765 ], [ -8.40674769, 43.34464398 ], [ -8.40674874, 43.34467651 ], [ -8.40674962, 43.34473663 ], [ -8.40674664, 43.34478915 ], [ -8.4067361, 43.34487554 ], [ -8.40673471, 43.34488723 ], [ -8.40672667, 43.34495391 ], [ -8.40671641, 43.34501171 ], [ -8.40671129, 43.34504079 ], [ -8.40668255, 43.34517626 ], [ -8.40655674, 43.34570491 ], [ -8.40633701, 43.34662755 ], [ -8.40379964, 43.34632998 ] ] ] ] } },
{ "type": "Feature", "properties": { "CUSEC": "1503007034", "income_mean_household": 38176.0, "income_mean_person": 16327.0, "poverty_fixed_7500eur": 4.4, "poverty_relative_below60pct": 10.2, "affluence_relative_above200pct": 7.6, "child_poverty_relative_below60pct": null, "gini_index": 23.3, "p80p20_ratio": 2.0, "pct_under18": 8.4, "pct_over65": 43.1, "income_source_salary": 42.2, "income_source_pensions": 47.3, "income_source_unemployment": 1.0, "income_source_other_benefits": 3.2, "income_source_other_income": 6.2 }, "geometry": { "type": "MultiPolygon", "coordinates": [ [ [ [ -8.40602826, 43.34792659 ], [ -8.40604086, 43.3478731 ], [ -8.40604408, 43.34785941 ], [ -8.40604416, 43.3478591 ], [ -8.406099, 43.34762637 ], [ -8.40619394, 43.34722822 ], [ -8.40621598, 43.34713581 ], [ -8.40633701, 43.34662755 ], [ -8.40655674, 43.34570491 ], [ -8.40668255, 43.34517626 ], [ -8.40671129, 43.34504079 ], [ -8.40671641, 43.34501171 ], [ -8.40861548, 43.34523116 ], [ -8.40860882, 43.34525911 ], [ -8.40860873, 43.34525949 ], [ -8.40860092, 43.34529262 ], [ -8.40852075, 43.34562692 ], [ -8.40843381, 43.34600268 ], [ -8.40840504, 43.34612926 ], [ -8.40833845, 43.34641158 ], [ -8.40824276, 43.34681732 ], [ -8.40822089, 43.34691351 ], [ -8.40816666, 43.34714204 ], [ -8.40804782, 43.347614 ], [ -8.40802061, 43.34772748 ], [ -8.40798489, 43.34787653 ], [ -8.40796834, 43.34794563 ], [ -8.40793888, 43.34806853 ], [ -8.40793767, 43.34807364 ], [ -8.40791562, 43.3481656 ], [ -8.40727088, 43.34807359 ], [ -8.4070577, 43.34804647 ], [ -8.40602826, 43.34792659 ] ] ] ] } },
{ "type": "Feature", "properties": { "CUSEC": "1503007035", "income_mean_household": 37434.0, "income_mean_person": 15824.0, "poverty_fixed_7500eur": 9.0, "poverty_relative_below60pct": 20.0, "affluence_relative_above200pct": 12.0, "child_poverty_relative_below60pct": null, "gini_index": 30.9, "p80p20_ratio": 2.7, "pct_under18": 13.4, "pct_over65": 26.8, "income_source_salary": 55.5, "income_source_pensions": 28.0, "income_source_unemployment": 1.2, "income_source_other_benefits": 5.3, "income_source_other_income": 10.0 }, "geometry": { "type": "MultiPolygon", "coordinates": [ [ [ [ -8.40086135, 43.34844943 ], [ -8.40086206, 43.3484491 ], [ -8.40088104, 43.34817296 ], [ -8.40083542, 43.34782188 ], [ -8.40081786, 43.34766053 ], [ -8.4008075, 43.3475636 ], [ -8.40075438, 43.34752622 ], [ -8.40066736, 43.34736771 ], [ -8.40055029, 43.34721684 ], [ -8.4005436, 43.34714728 ], [ -8.40051548, 43.34710615 ], [ -8.40008212, 43.34647211 ], [ -8.40007228, 43.34645406 ], [ -8.40006363, 43.34643267 ], [ -8.40006282, 43.34641465 ], [ -8.40006538, 43.34639038 ], [ -8.40007198, 43.34636142 ], [ -8.4000761, 43.34634214 ], [ -8.40008421, 43.34632057 ], [ -8.40009632, 43.34629614 ], [ -8.40033189, 43.3459306 ], [ -8.40044499, 43.34607015 ], [ -8.40051472, 43.34614347 ], [ -8.40070299, 43.3463295 ], [ -8.40079517, 43.3464084 ], [ -8.40084442, 43.34645413 ], [ -8.40142652, 43.34699448 ], [ -8.40155519, 43.3471116 ], [ -8.40192425, 43.34744742 ], [ -8.4022229, 43.34771912 ], [ -8.40254428, 43.34801155 ], [ -8.40262771, 43.34809319 ], [ -8.4026985, 43.34816283 ], [ -8.40273571, 43.34820309 ], [ -8.40279242, 43.34827378 ], [ -8.40287811, 43.34838996 ], [ -8.40296375, 43.34850632 ], [ -8.40287937, 43.34854125 ], [ -8.4028627, 43.34854814 ], [ -8.40279493, 43.34859367 ], [ -8.4027722, 43.34862666 ], [ -8.40275539, 43.34867235 ], [ -8.40274789, 43.34869278 ], [ -8.4027366, 43.3487098 ], [ -8.40270499, 43.34875752 ], [ -8.40268281, 43.348791 ], [ -8.40267418, 43.34880389 ], [ -8.40263468, 43.3488421 ], [ -8.40259089, 43.34888448 ], [ -8.40253938, 43.34893344 ], [ -8.40249028, 43.34894802 ], [ -8.40248229, 43.3489463 ], [ -8.402449, 43.34896928 ], [ -8.40252732, 43.34903323 ], [ -8.40247386, 43.34907692 ], [ -8.40242218, 43.34911912 ], [ -8.40239928, 43.34914113 ], [ -8.40239122, 43.34914771 ], [ -8.4022989, 43.349132 ], [ -8.40221858, 43.34911844 ], [ -8.40215911, 43.34910911 ], [ -8.40210811, 43.34907686 ], [ -8.40202172, 43.34902576 ], [ -8.40195884, 43.34898633 ], [ -8.4019094, 43.34895766 ], [ -8.4018942, 43.34894833 ], [ -8.40182317, 43.34907712 ], [ -8.40178847, 43.34915084 ], [ -8.40178153, 43.34916394 ], [ -8.40172895, 43.34921933 ], [ -8.40169359, 43.34925749 ], [ -8.40167694, 43.34927424 ], [ -8.40142947, 43.34920387 ], [ -8.40131735, 43.34917315 ], [ -8.40122789, 43.34915094 ], [ -8.40132376, 43.3489654 ], [ -8.40133921, 43.34892949 ], [ -8.40138814, 43.34883921 ], [ -8.4014095, 43.34879581 ], [ -8.40141724, 43.34878424 ], [ -8.40132848, 43.34873274 ], [ -8.40127444, 43.3487038 ], [ -8.40122946, 43.34867949 ], [ -8.40118082, 43.34864899 ], [ -8.40112268, 43.34861253 ], [ -8.40106115, 43.34857395 ], [ -8.40098722, 43.34852761 ], [ -8.40092036, 43.34848568 ], [ -8.40087935, 43.34845995 ], [ -8.40086135, 43.34844943 ] ] ] ] } },
{ "type": "Feature", "properties": { "CUSEC": "1503007036", "income_mean_household": 36324.0, "income_mean_person": 16299.0, "poverty_fixed_7500eur": 5.7, "poverty_relative_below60pct": 15.8, "affluence_relative_above200pct": 9.8, "child_poverty_relative_below60pct": null, "gini_index": 28.1, "p80p20_ratio": 2.4, "pct_under18": 14.8, "pct_over65": 14.5, "income_source_salary": 73.3, "income_source_pensions": 13.0, "income_source_unemployment": 1.6, "income_source_other_benefits": 3.3, "income_source_other_income": 8.7 }, "geometry": { "type": "MultiPolygon", "coordinates": [ [ [ [ -8.41311466, 43.34036628 ], [ -8.41236694, 43.3397565 ], [ -8.41173755, 43.33913851 ], [ -8.41107203, 43.3384079 ], [ -8.41050649, 43.33792025 ], [ -8.40981604, 43.33749569 ], [ -8.40913068, 43.33712806 ], [ -8.40839502, 43.33678185 ], [ -8.40836902, 43.33678309 ], [ -8.40747975, 43.33617739 ], [ -8.40706516, 43.33562541 ], [ -8.40664661, 43.33536591 ], [ -8.40689565, 43.33520681 ], [ -8.40777675, 43.3348411 ], [ -8.40881316, 43.33475384 ], [ -8.40935904, 43.33472794 ], [ -8.41011795, 43.33474911 ], [ -8.41069996, 43.33483582 ], [ -8.41079512, 43.33485057 ], [ -8.41091895, 43.33477797 ], [ -8.41134959, 43.33487787 ], [ -8.41684183, 43.33615215 ], [ -8.41812241, 43.33600625 ], [ -8.4185547, 43.33602382 ], [ -8.41961522, 43.33620684 ], [ -8.42060976, 43.33645492 ], [ -8.42184521, 43.33659177 ], [ -8.42160844, 43.33675135 ], [ -8.4213904, 43.3370535 ], [ -8.42135144, 43.33715315 ], [ -8.42134049, 43.33715209 ], [ -8.42132672, 43.33747552 ], [ -8.42160806, 43.3378056 ], [ -8.42172027, 43.33822186 ], [ -8.42164643, 43.3384183 ], [ -8.42143922, 43.33858297 ], [ -8.42134618, 43.33863741 ], [ -8.4203846, 43.33909332 ], [ -8.42007457, 43.33923909 ], [ -8.41984353, 43.33943706 ], [ -8.41960723, 43.33961507 ], [ -8.41931715, 43.33987304 ], [ -8.41903596, 43.33992851 ], [ -8.41863111, 43.33988096 ], [ -8.41828946, 43.33974267 ], [ -8.41802455, 43.33972993 ], [ -8.41768031, 43.33986472 ], [ -8.4174084, 43.34008629 ], [ -8.4173298, 43.34015236 ], [ -8.41727135, 43.34017673 ], [ -8.41689949, 43.34043715 ], [ -8.41679737, 43.34050856 ], [ -8.41675358, 43.3405603 ], [ -8.41666128, 43.34062493 ], [ -8.41658519, 43.3406783 ], [ -8.41651505, 43.34071064 ], [ -8.41609726, 43.34100873 ], [ -8.41596321, 43.34110797 ], [ -8.41586992, 43.3411601 ], [ -8.41552999, 43.34139717 ], [ -8.41551002, 43.34141112 ], [ -8.415407, 43.34152888 ], [ -8.41466601, 43.34106515 ], [ -8.41445011, 43.34092503 ], [ -8.41422329, 43.34080214 ], [ -8.41403389, 43.34069273 ], [ -8.41400946, 43.34067855 ], [ -8.41386333, 43.34059408 ], [ -8.41371564, 43.34050874 ], [ -8.41366297, 43.34047835 ], [ -8.41361417, 43.34045006 ], [ -8.4135782, 43.34042937 ], [ -8.41356302, 43.34042026 ], [ -8.41334969, 43.34029313 ], [ -8.41321818, 43.3402956 ], [ -8.41311466, 43.34036628 ] ] ] ] } },
{ "type": "Feature", "properties": { "CUSEC": "1503007038", "income_mean_household": 34220.0, "income_mean_person": 13877.0, "poverty_fixed_7500eur": 6.4, "poverty_relative_below60pct": 18.2, "affluence_relative_above200pct": 5.8, "child_poverty_relative_below60pct": null, "gini_index": 26.3, "p80p20_ratio": 2.2, "pct_under18": 14.7, "pct_over65": 27.9, "income_source_salary": 57.0, "income_source_pensions": 31.3, "income_source_unemployment": 1.3, "income_source_other_benefits": 4.0, "income_source_other_income": 6.4 }, "geometry": { "type": "MultiPolygon", "coordinates": [ [ [ [ -8.39769135, 43.3465612 ], [ -8.39783389, 43.34650679 ], [ -8.3983912, 43.34629189 ], [ -8.39845847, 43.34626648 ], [ -8.39946445, 43.34588708 ], [ -8.39950519, 43.34587254 ], [ -8.39954777, 43.34704717 ], [ -8.39954956, 43.34710108 ], [ -8.39957466, 43.34781108 ], [ -8.3981766, 43.34722481 ], [ -8.39812549, 43.34722616 ], [ -8.39803859, 43.34709314 ], [ -8.39769135, 43.3465612 ] ] ] ] } },
{ "type": "Feature", "properties": { "CUSEC": "1503007039", "income_mean_household": 36262.0, "income_mean_person": 15378.0, "poverty_fixed_7500eur": 5.8, "poverty_relative_below60pct": 15.3, "affluence_relative_above200pct": 6.1, "child_poverty_relative_below60pct": null, "gini_index": 27.0, "p80p20_ratio": 2.2, "pct_under18": 14.0, "pct_over65": 21.9, "income_source_salary": 63.2, "income_source_pensions": 22.8, "income_source_unemployment": 1.7, "income_source_other_benefits": 3.2, "income_source_other_income": 9.2 }, "geometry": { "type": "MultiPolygon", "coordinates": [ [ [ [ -8.39453591, 43.35061179 ], [ -8.39454441, 43.35055643 ], [ -8.39463188, 43.34958696 ], [ -8.39463916, 43.34956076 ], [ -8.39465238, 43.34951336 ], [ -8.39464771, 43.34948309 ], [ -8.39464624, 43.34944942 ], [ -8.3946531, 43.3494049 ], [ -8.39466416, 43.34931776 ], [ -8.39466939, 43.34925442 ], [ -8.3946784, 43.34909138 ], [ -8.39467803, 43.34905276 ], [ -8.39467236, 43.34901877 ], [ -8.39466383, 43.34898048 ], [ -8.39465359, 43.34895305 ], [ -8.39463594, 43.34892016 ], [ -8.39459917, 43.34884551 ], [ -8.39456989, 43.34877756 ], [ -8.39453549, 43.34869911 ], [ -8.39448844, 43.34860141 ], [ -8.39446788, 43.34855971 ], [ -8.39446062, 43.34853341 ], [ -8.39445938, 43.34851149 ], [ -8.39445951, 43.34849618 ], [ -8.39446735, 43.34846668 ], [ -8.39448806, 43.34841631 ], [ -8.3944957, 43.34839399 ], [ -8.39450976, 43.34834345 ], [ -8.39452831, 43.34827675 ], [ -8.39453918, 43.34824152 ], [ -8.39455754, 43.34819478 ], [ -8.39456727, 43.34817465 ], [ -8.39459355, 43.34816967 ], [ -8.39484731, 43.34801145 ], [ -8.39503767, 43.34790115 ], [ -8.39513151, 43.34782223 ], [ -8.39522373, 43.34774213 ], [ -8.39534755, 43.34765915 ], [ -8.39543466, 43.34761087 ], [ -8.39559851, 43.34752271 ], [ -8.39567087, 43.34748839 ], [ -8.39604768, 43.34798793 ], [ -8.39623211, 43.34819082 ], [ -8.39616077, 43.34829601 ], [ -8.39600387, 43.34851166 ], [ -8.39600361, 43.34853905 ], [ -8.39642248, 43.34866523 ], [ -8.3963605, 43.34875828 ], [ -8.39638644, 43.34880272 ], [ -8.39639132, 43.34881093 ], [ -8.39644033, 43.34889477 ], [ -8.39644802, 43.34890207 ], [ -8.39651993, 43.34887878 ], [ -8.39651921, 43.34895011 ], [ -8.39672725, 43.34933721 ], [ -8.39677601, 43.34942799 ], [ -8.39694172, 43.34973654 ], [ -8.39696132, 43.34977311 ], [ -8.39697376, 43.34980316 ], [ -8.3969809, 43.34982714 ], [ -8.3969871, 43.34985582 ], [ -8.3969881, 43.34986041 ], [ -8.39699677, 43.34990855 ], [ -8.39700127, 43.34995328 ], [ -8.39700137, 43.34995431 ], [ -8.39700146, 43.34995657 ], [ -8.39700373, 43.35001104 ], [ -8.39697728, 43.35040728 ], [ -8.39697699, 43.35043584 ], [ -8.39698208, 43.35046677 ], [ -8.39699767, 43.35051004 ], [ -8.39693388, 43.35053925 ], [ -8.39665799, 43.35066567 ], [ -8.39664795, 43.35065219 ], [ -8.39656458, 43.35063943 ], [ -8.39635306, 43.35055322 ], [ -8.39632059, 43.35054001 ], [ -8.39575988, 43.35023852 ], [ -8.39568156, 43.35029143 ], [ -8.39553114, 43.35037041 ], [ -8.39549104, 43.35039145 ], [ -8.3951535, 43.35052942 ], [ -8.39453591, 43.35061179 ] ] ] ] } },
{ "type": "Feature", "properties": { "CUSEC": "1503007040", "income_mean_household": 33677.0, "income_mean_person": 14816.0, "poverty_fixed_7500eur": 7.9, "poverty_relative_below60pct": 17.0, "affluence_relative_above200pct": 8.0, "child_poverty_relative_below60pct": null, "gini_index": 28.1, "p80p20_ratio": 2.2, "pct_under18": 14.3, "pct_over65": 28.1, "income_source_salary": 59.1, "income_source_pensions": 29.9, "income_source_unemployment": 1.2, "income_source_other_benefits": 3.6, "income_source_other_income": 6.2 }, "geometry": { "type": "MultiPolygon", "coordinates": [ [ [ [ -8.39119335, 43.34950808 ], [ -8.39133203, 43.34944758 ], [ -8.39135798, 43.34943541 ], [ -8.3913959, 43.34941805 ], [ -8.39144165, 43.3493973 ], [ -8.3914856, 43.34937918 ], [ -8.39152769, 43.34936534 ], [ -8.39157165, 43.34935165 ], [ -8.39160657, 43.34934039 ], [ -8.39164568, 43.349327 ], [ -8.3916962, 43.34930844 ], [ -8.39172613, 43.34930068 ], [ -8.39191836, 43.34925372 ], [ -8.39197426, 43.3492386 ], [ -8.39203016, 43.34922708 ], [ -8.39209178, 43.34920979 ], [ -8.39218612, 43.34919218 ], [ -8.3922312, 43.34918862 ], [ -8.39226257, 43.34918403 ], [ -8.39237464, 43.34915699 ], [ -8.39244726, 43.34913584 ], [ -8.39255179, 43.34910947 ], [ -8.39289869, 43.34901748 ], [ -8.3929274, 43.34900709 ], [ -8.39296838, 43.3489923 ], [ -8.39300656, 43.34897563 ], [ -8.39302715, 43.3489628 ], [ -8.39307225, 43.34893017 ], [ -8.39308843, 43.3489206 ], [ -8.39311174, 43.34890768 ], [ -8.39313085, 43.34889726 ], [ -8.39316889, 43.34887924 ], [ -8.39319595, 43.34886768 ], [ -8.39321436, 43.34885968 ], [ -8.39323432, 43.34885061 ], [ -8.39325827, 43.34884029 ], [ -8.39327908, 43.3488314 ], [ -8.39330065, 43.34882251 ], [ -8.39332904, 43.34880887 ], [ -8.3933388, 43.34880291 ], [ -8.39335903, 43.34879041 ], [ -8.39337747, 43.348777 ], [ -8.39338964, 43.34876778 ], [ -8.39340267, 43.34875911 ], [ -8.39342778, 43.34874378 ], [ -8.39345804, 43.34872557 ], [ -8.39351167, 43.34869451 ], [ -8.39354316, 43.34867755 ], [ -8.39358163, 43.34865707 ], [ -8.39363732, 43.34862671 ], [ -8.39369292, 43.34859615 ], [ -8.39372976, 43.34857641 ], [ -8.39376114, 43.34856047 ], [ -8.39378877, 43.34854667 ], [ -8.39381768, 43.34853145 ], [ -8.39387449, 43.34850094 ], [ -8.3938873, 43.3484939 ], [ -8.393938, 43.34846794 ], [ -8.39403799, 43.34841391 ], [ -8.39408077, 43.34839072 ], [ -8.39414828, 43.34835209 ], [ -8.39418639, 43.34833095 ], [ -8.39422926, 43.34830812 ], [ -8.3942637, 43.34828717 ], [ -8.39429659, 43.34826554 ], [ -8.3943587, 43.34820967 ], [ -8.39450115, 43.34813156 ], [ -8.39452916, 43.34811397 ], [ -8.39457605, 43.34807873 ], [ -8.39460682, 43.34806186 ], [ -8.39464031, 43.34804791 ], [ -8.39465835, 43.34804305 ], [ -8.39463216, 43.34808441 ], [ -8.39459818, 43.34812728 ], [ -8.39457238, 43.34816418 ], [ -8.39456727, 43.34817465 ], [ -8.39455754, 43.34819478 ], [ -8.39453918, 43.34824152 ], [ -8.39452831, 43.34827675 ], [ -8.39450976, 43.34834345 ], [ -8.3944957, 43.34839399 ], [ -8.39448806, 43.34841631 ], [ -8.39446735, 43.34846668 ], [ -8.39445951, 43.34849618 ], [ -8.39445938, 43.34851149 ], [ -8.39446062, 43.34853341 ], [ -8.39446788, 43.34855971 ], [ -8.39448844, 43.34860141 ], [ -8.39453549, 43.34869911 ], [ -8.39456989, 43.34877756 ], [ -8.39459917, 43.34884551 ], [ -8.39463594, 43.34892016 ], [ -8.39465359, 43.34895305 ], [ -8.39466383, 43.34898048 ], [ -8.39467236, 43.34901877 ], [ -8.39467803, 43.34905276 ], [ -8.3946784, 43.34909138 ], [ -8.39466939, 43.34925442 ], [ -8.39466416, 43.34931776 ], [ -8.3946531, 43.3494049 ], [ -8.39464624, 43.34944942 ], [ -8.39464771, 43.34948309 ], [ -8.39465238, 43.34951336 ], [ -8.39463916, 43.34956076 ], [ -8.39463188, 43.34958696 ], [ -8.39454441, 43.35055643 ], [ -8.39453591, 43.35061179 ], [ -8.39476761, 43.35145936 ], [ -8.39489228, 43.35156787 ], [ -8.3948848, 43.35157864 ], [ -8.3947923, 43.35171163 ], [ -8.39478865, 43.35171202 ], [ -8.39461819, 43.35173627 ], [ -8.39413415, 43.35180512 ], [ -8.39383294, 43.35184796 ], [ -8.39380337, 43.35185217 ], [ -8.39363001, 43.35176022 ], [ -8.39361691, 43.35175326 ], [ -8.39358355, 43.35175795 ], [ -8.39313585, 43.35182187 ], [ -8.39268334, 43.35188647 ], [ -8.39258602, 43.35190036 ], [ -8.39256411, 43.35190365 ], [ -8.3925382, 43.35190915 ], [ -8.39248685, 43.35192019 ], [ -8.39243152, 43.3519321 ], [ -8.39235786, 43.35194786 ], [ -8.39232375, 43.35195504 ], [ -8.39231345, 43.35195697 ], [ -8.39226313, 43.35174404 ], [ -8.3922349, 43.35160701 ], [ -8.39223385, 43.35156478 ], [ -8.39222643, 43.35124481 ], [ -8.39176146, 43.3512842 ], [ -8.39163194, 43.35066563 ], [ -8.3915843, 43.3504073 ], [ -8.39154917, 43.35018065 ], [ -8.39154183, 43.35011426 ], [ -8.39153461, 43.35000785 ], [ -8.39153278, 43.34988196 ], [ -8.39153625, 43.34976845 ], [ -8.39153653, 43.3497381 ], [ -8.39153609, 43.34971323 ], [ -8.39153399, 43.34968667 ], [ -8.39153118, 43.34967241 ], [ -8.39152233, 43.34964364 ], [ -8.39151747, 43.34963355 ], [ -8.391509, 43.34962038 ], [ -8.39150032, 43.34961015 ], [ -8.3914809, 43.34959067 ], [ -8.39145981, 43.34957626 ], [ -8.39144594, 43.34956914 ], [ -8.3914305, 43.34956161 ], [ -8.39139658, 43.34954844 ], [ -8.3913471, 43.34953376 ], [ -8.39131421, 43.34952827 ], [ -8.39119335, 43.34950808 ] ] ] ] } },
{ "type": "Feature", "properties": { "CUSEC": "1503007041", "income_mean_household": 39894.0, "income_mean_person": 16294.0, "poverty_fixed_7500eur": 5.4, "poverty_relative_below60pct": 12.2, "affluence_relative_above200pct": 12.7, "child_poverty_relative_below60pct": null, "gini_index": 27.7, "p80p20_ratio": 2.2, "pct_under18": 12.7, "pct_over65": 21.9, "income_source_salary": 64.5, "income_source_pensions": 22.6, "income_source_unemployment": 1.5, "income_source_other_benefits": 2.6, "income_source_other_income": 8.8 }, "geometry": { "type": "MultiPolygon", "coordinates": [ [ [ [ -8.39700127, 43.34995328 ], [ -8.39699677, 43.34990855 ], [ -8.3969881, 43.34986041 ], [ -8.3969871, 43.34985582 ], [ -8.39722208, 43.34980754 ], [ -8.39756105, 43.3495819 ], [ -8.39757356, 43.34942887 ], [ -8.3991156, 43.3489319 ], [ -8.39915281, 43.34879894 ], [ -8.39960549, 43.34783111 ], [ -8.39978601, 43.3479484 ], [ -8.3998085, 43.34804739 ], [ -8.40022723, 43.34828567 ], [ -8.40034636, 43.3483424 ], [ -8.40076711, 43.34849209 ], [ -8.40083205, 43.34846271 ], [ -8.40086135, 43.34844943 ], [ -8.40087935, 43.34845995 ], [ -8.40092036, 43.34848568 ], [ -8.40098722, 43.34852761 ], [ -8.40106115, 43.34857395 ], [ -8.40112268, 43.34861253 ], [ -8.40118082, 43.34864899 ], [ -8.40122946, 43.34867949 ], [ -8.40127444, 43.3487038 ], [ -8.40132848, 43.34873274 ], [ -8.40141724, 43.34878424 ], [ -8.4014095, 43.34879581 ], [ -8.40138814, 43.34883921 ], [ -8.40133921, 43.34892949 ], [ -8.40132376, 43.3489654 ], [ -8.40122789, 43.34915094 ], [ -8.40131735, 43.34917315 ], [ -8.40142947, 43.34920387 ], [ -8.40167694, 43.34927424 ], [ -8.40169359, 43.34925749 ], [ -8.40172895, 43.34921933 ], [ -8.40178153, 43.34916394 ], [ -8.40178847, 43.34915084 ], [ -8.40182317, 43.34907712 ], [ -8.4018942, 43.34894833 ], [ -8.4019094, 43.34895766 ], [ -8.40195884, 43.34898633 ], [ -8.40202172, 43.34902576 ], [ -8.40210811, 43.34907686 ], [ -8.40215911, 43.34910911 ], [ -8.40221858, 43.34911844 ], [ -8.4022989, 43.349132 ], [ -8.40239122, 43.34914771 ], [ -8.40240443, 43.34914994 ], [ -8.40287395, 43.34975894 ], [ -8.4027607, 43.34993663 ], [ -8.40276703, 43.35000779 ], [ -8.40288231, 43.35009284 ], [ -8.40298859, 43.35004017 ], [ -8.40320291, 43.35040213 ], [ -8.40320291, 43.35040336 ], [ -8.40318862, 43.35046202 ], [ -8.40310275, 43.35058671 ], [ -8.40306732, 43.35063831 ], [ -8.40296436, 43.35076827 ], [ -8.40291943, 43.35081782 ], [ -8.40287934, 43.35085696 ], [ -8.40285661, 43.35087673 ], [ -8.40274859, 43.35096513 ], [ -8.40270932, 43.35099564 ], [ -8.40262919, 43.35106395 ], [ -8.40256, 43.35112137 ], [ -8.40248402, 43.351186 ], [ -8.40239529, 43.35127055 ], [ -8.40236915, 43.35129849 ], [ -8.40230901, 43.35136507 ], [ -8.40222364, 43.35144715 ], [ -8.40214506, 43.35152432 ], [ -8.40211434, 43.35155876 ], [ -8.40210625, 43.35156779 ], [ -8.40205271, 43.35161631 ], [ -8.40196734, 43.35170088 ], [ -8.40182377, 43.35172507 ], [ -8.40171018, 43.35175096 ], [ -8.40159266, 43.3517843 ], [ -8.40093102, 43.35201135 ], [ -8.40082102, 43.35204911 ], [ -8.40070854, 43.35208773 ], [ -8.39970035, 43.35243372 ], [ -8.39958819, 43.35247218 ], [ -8.39946657, 43.35251396 ], [ -8.39935108, 43.35255367 ], [ -8.39935095, 43.35255371 ], [ -8.39935075, 43.35255378 ], [ -8.39924522, 43.35249205 ], [ -8.39916376, 43.35244454 ], [ -8.39907461, 43.35239256 ], [ -8.39901668, 43.35235877 ], [ -8.3988584, 43.35226647 ], [ -8.39874691, 43.35220145 ], [ -8.39865581, 43.35214831 ], [ -8.39858296, 43.35210583 ], [ -8.39856916, 43.35209777 ], [ -8.39855674, 43.35209056 ], [ -8.39855206, 43.3520879 ], [ -8.39857202, 43.35207005 ], [ -8.39864164, 43.35200942 ], [ -8.39872161, 43.3519416 ], [ -8.39876732, 43.35190354 ], [ -8.39888023, 43.35181724 ], [ -8.39897479, 43.35174497 ], [ -8.39900067, 43.35172519 ], [ -8.39903239, 43.35170179 ], [ -8.39906396, 43.35167867 ], [ -8.39914527, 43.35161912 ], [ -8.3992355, 43.35155299 ], [ -8.39926802, 43.35152916 ], [ -8.39925006, 43.35148143 ], [ -8.39923225, 43.35143408 ], [ -8.39923087, 43.35143042 ], [ -8.39922806, 43.35136248 ], [ -8.39924197, 43.35134613 ], [ -8.39924627, 43.35134108 ], [ -8.39924773, 43.35133939 ], [ -8.39924792, 43.35133916 ], [ -8.39924984, 43.35133854 ], [ -8.39925659, 43.35133613 ], [ -8.39927464, 43.35132967 ], [ -8.399285, 43.35132599 ], [ -8.39929458, 43.35132266 ], [ -8.39930676, 43.35131845 ], [ -8.39931294, 43.35131632 ], [ -8.39931602, 43.35131523 ], [ -8.39931805, 43.35131418 ], [ -8.39933434, 43.35130583 ], [ -8.39934896, 43.35129833 ], [ -8.3993565, 43.35129447 ], [ -8.3993591, 43.35129313 ], [ -8.39936126, 43.35129176 ], [ -8.39936876, 43.3512869 ], [ -8.39937337, 43.35128394 ], [ -8.39939005, 43.35127319 ], [ -8.39941719, 43.35125566 ], [ -8.39943607, 43.35124351 ], [ -8.39944342, 43.35123864 ], [ -8.39946178, 43.35122522 ], [ -8.39948268, 43.35120994 ], [ -8.39949164, 43.35120337 ], [ -8.39949331, 43.35120217 ], [ -8.39950518, 43.35119482 ], [ -8.39951399, 43.35118934 ], [ -8.39951702, 43.35118751 ], [ -8.39952858, 43.35118173 ], [ -8.39955642, 43.35116782 ], [ -8.39958385, 43.3511541 ], [ -8.39963174, 43.35113015 ], [ -8.39966666, 43.35111308 ], [ -8.39970527, 43.35109165 ], [ -8.39975224, 43.35105786 ], [ -8.39978142, 43.35103685 ], [ -8.39981711, 43.3510066 ], [ -8.39983631, 43.35099016 ], [ -8.39984326, 43.35098418 ], [ -8.39984768, 43.35098024 ], [ -8.39984777, 43.35098011 ], [ -8.39984588, 43.350979 ], [ -8.39984173, 43.35097663 ], [ -8.39982315, 43.35096597 ], [ -8.39978929, 43.35094656 ], [ -8.39977915, 43.35094057 ], [ -8.39976746, 43.35092923 ], [ -8.39976166, 43.35092122 ], [ -8.39975962, 43.3508635 ], [ -8.39972374, 43.35083823 ], [ -8.39969465, 43.35081789 ], [ -8.39965629, 43.35079103 ], [ -8.39964061, 43.35078005 ], [ -8.39962781, 43.35080807 ], [ -8.39960525, 43.35083449 ], [ -8.39958375, 43.35085799 ], [ -8.39955605, 43.3509076 ], [ -8.39953524, 43.35094636 ], [ -8.3995157, 43.3509846 ], [ -8.39950748, 43.35100267 ], [ -8.39947675, 43.35101084 ], [ -8.39944737, 43.35101941 ], [ -8.39940528, 43.35100322 ], [ -8.39937408, 43.35099131 ], [ -8.39934113, 43.35098187 ], [ -8.39932827, 43.35097722 ], [ -8.39927165, 43.35096698 ], [ -8.39925043, 43.35096416 ], [ -8.39919347, 43.3509353 ], [ -8.3991799, 43.35093019 ], [ -8.39912388, 43.35092663 ], [ -8.39905637, 43.35088965 ], [ -8.39901175, 43.35086689 ], [ -8.3989768, 43.35085706 ], [ -8.3989384, 43.35084321 ], [ -8.39890612, 43.35083273 ], [ -8.39888806, 43.35082516 ], [ -8.39885509, 43.35081347 ], [ -8.39880506, 43.3507957 ], [ -8.39876363, 43.350781 ], [ -8.39873399, 43.3507699 ], [ -8.39872176, 43.35076499 ], [ -8.39869924, 43.35075326 ], [ -8.39868363, 43.35074502 ], [ -8.39866178, 43.35073119 ], [ -8.39863463, 43.35071312 ], [ -8.39863038, 43.35071019 ], [ -8.39862212, 43.35070765 ], [ -8.39857968, 43.35067238 ], [ -8.39845026, 43.3505781 ], [ -8.3982898, 43.35045835 ], [ -8.39813235, 43.3503526 ], [ -8.39803979, 43.35030297 ], [ -8.39796272, 43.35024874 ], [ -8.39785652, 43.3501843 ], [ -8.3977437, 43.35010476 ], [ -8.39769802, 43.35006704 ], [ -8.39759214, 43.35002574 ], [ -8.39750271, 43.34999138 ], [ -8.39731109, 43.3499773 ], [ -8.39709283, 43.34996062 ], [ -8.39702357, 43.3499549 ], [ -8.39700127, 43.34995328 ] ] ] ] } },
{ "type": "Feature", "properties": { "CUSEC": "1503007042", "income_mean_household": 48796.0, "income_mean_person": 20467.0, "poverty_fixed_7500eur": 4.0, "poverty_relative_below60pct": 9.4, "affluence_relative_above200pct": 22.5, "child_poverty_relative_below60pct": null, "gini_index": 28.6, "p80p20_ratio": 2.5, "pct_under18": 13.5, "pct_over65": 24.7, "income_source_salary": 64.7, "income_source_pensions": 22.3, "income_source_unemployment": 0.7, "income_source_other_benefits": 3.1, "income_source_other_income": 9.3 }, "geometry": { "type": "MultiPolygon", "coordinates": [ [ [ [ -8.40518593, 43.34269424 ], [ -8.40517359, 43.34267304 ], [ -8.40512074, 43.34257308 ], [ -8.40507869, 43.34249843 ], [ -8.40495624, 43.3422886 ], [ -8.40484268, 43.34209617 ], [ -8.40478727, 43.34202216 ], [ -8.40466484, 43.34186755 ], [ -8.40450336, 43.34165778 ], [ -8.40432697, 43.34143179 ], [ -8.40414675, 43.34121756 ], [ -8.40406725, 43.34111976 ], [ -8.40397885, 43.3410179 ], [ -8.40391024, 43.34093294 ], [ -8.40385704, 43.34088378 ], [ -8.40371938, 43.34076377 ], [ -8.40354506, 43.34060184 ], [ -8.40348908, 43.3405626 ], [ -8.40332257, 43.34044754 ], [ -8.40322226, 43.34037654 ], [ -8.40311952, 43.3403333 ], [ -8.40294328, 43.34025967 ], [ -8.40277838, 43.34018996 ], [ -8.4025797, 43.34010833 ], [ -8.40252323, 43.34008484 ], [ -8.40249377, 43.34007314 ], [ -8.40246022, 43.34005715 ], [ -8.4024047, 43.34003046 ], [ -8.40233041, 43.33999429 ], [ -8.40231878, 43.33998939 ], [ -8.40231923, 43.33998881 ], [ -8.40444333, 43.33724335 ], [ -8.40447797, 43.3371986 ], [ -8.40451162, 43.33724615 ], [ -8.40463013, 43.33741362 ], [ -8.40489195, 43.33777955 ], [ -8.40505502, 43.33800662 ], [ -8.4051413, 43.33812565 ], [ -8.40522592, 43.33824234 ], [ -8.40527278, 43.33830686 ], [ -8.40547685, 43.33858447 ], [ -8.40556883, 43.33871164 ], [ -8.40570536, 43.33889614 ], [ -8.40583026, 43.33906509 ], [ -8.40597471, 43.33925889 ], [ -8.406062, 43.33937658 ], [ -8.40615383, 43.33950025 ], [ -8.40643025, 43.33986989 ], [ -8.40656052, 43.34004794 ], [ -8.40668549, 43.34021438 ], [ -8.40681227, 43.34038551 ], [ -8.40683136, 43.34041124 ], [ -8.40696484, 43.3405914 ], [ -8.40711606, 43.34079471 ], [ -8.40724076, 43.34096158 ], [ -8.4073713, 43.34113908 ], [ -8.40745707, 43.3412522 ], [ -8.40759711, 43.34144209 ], [ -8.4077242, 43.34161385 ], [ -8.40789641, 43.3418432 ], [ -8.40807727, 43.34208697 ], [ -8.40827397, 43.34235875 ], [ -8.40846084, 43.34264519 ], [ -8.40847283, 43.34266533 ], [ -8.40852542, 43.3427668 ], [ -8.40853027, 43.34277619 ], [ -8.40853885, 43.3427928 ], [ -8.40853889, 43.34279288 ], [ -8.40830006, 43.34278602 ], [ -8.4080208, 43.34277806 ], [ -8.40778675, 43.34277139 ], [ -8.40733292, 43.34275908 ], [ -8.40693463, 43.34274827 ], [ -8.40653873, 43.34273753 ], [ -8.40612772, 43.34272637 ], [ -8.40564206, 43.34271205 ], [ -8.40536585, 43.34270371 ], [ -8.40518593, 43.34269424 ] ] ] ] } },
{ "type": "Feature", "properties": { "CUSEC": "1503007043", "income_mean_household": 49827.0, "income_mean_person": 20269.0, "poverty_fixed_7500eur": 3.6, "poverty_relative_below60pct": 7.0, "affluence_relative_above200pct": 23.8, "child_poverty_relative_below60pct": null, "gini_index": 26.5, "p80p20_ratio": 2.3, "pct_under18": 14.8, "pct_over65": 17.4, "income_source_salary": 69.6, "income_source_pensions": 16.1, "income_source_unemployment": 0.9, "income_source_other_benefits": 2.5, "income_source_other_income": 10.9 }, "geometry": { "type": "MultiPolygon", "coordinates": [ [ [ [ -8.40027276, 43.34275019 ], [ -8.40124215, 43.34139181 ], [ -8.4019999, 43.34040154 ], [ -8.40231878, 43.33998939 ], [ -8.40233041, 43.33999429 ], [ -8.4024047, 43.34003046 ], [ -8.40246022, 43.34005715 ], [ -8.40249377, 43.34007314 ], [ -8.40252323, 43.34008484 ], [ -8.4025797, 43.34010833 ], [ -8.40277838, 43.34018996 ], [ -8.40294328, 43.34025967 ], [ -8.40311952, 43.3403333 ], [ -8.40322226, 43.34037654 ], [ -8.40332257, 43.34044754 ], [ -8.40348908, 43.3405626 ], [ -8.40354506, 43.34060184 ], [ -8.40371938, 43.34076377 ], [ -8.40385704, 43.34088378 ], [ -8.40391024, 43.34093294 ], [ -8.40397885, 43.3410179 ], [ -8.40406725, 43.34111976 ], [ -8.40414675, 43.34121756 ], [ -8.40432697, 43.34143179 ], [ -8.40450336, 43.34165778 ], [ -8.40466484, 43.34186755 ], [ -8.40478727, 43.34202216 ], [ -8.40484268, 43.34209617 ], [ -8.40495624, 43.3422886 ], [ -8.40507869, 43.34249843 ], [ -8.40512074, 43.34257308 ], [ -8.40517359, 43.34267304 ], [ -8.40518593, 43.34269424 ], [ -8.40516405, 43.34269309 ], [ -8.40509174, 43.34268946 ], [ -8.40491736, 43.34268373 ], [ -8.40477758, 43.34268039 ], [ -8.40460423, 43.34268005 ], [ -8.40448558, 43.34268081 ], [ -8.40443251, 43.34268791 ], [ -8.40436194, 43.34269714 ], [ -8.40422681, 43.34271315 ], [ -8.40407135, 43.34273158 ], [ -8.40373122, 43.34277191 ], [ -8.4034761, 43.34280214 ], [ -8.40318784, 43.34283632 ], [ -8.40295308, 43.34286411 ], [ -8.40275366, 43.34288776 ], [ -8.40253103, 43.34291414 ], [ -8.40234993, 43.34293561 ], [ -8.40223629, 43.34294907 ], [ -8.40213593, 43.34296098 ], [ -8.40211475, 43.34296348 ], [ -8.40207815, 43.34296594 ], [ -8.4020469, 43.34296804 ], [ -8.40200884, 43.34297037 ], [ -8.40198794, 43.34297057 ], [ -8.40195494, 43.3429709 ], [ -8.40191849, 43.34297126 ], [ -8.40189166, 43.34297152 ], [ -8.40188085, 43.34297153 ], [ -8.40183451, 43.34296744 ], [ -8.40178438, 43.34296301 ], [ -8.40171416, 43.34295681 ], [ -8.40161194, 43.34294779 ], [ -8.40151264, 43.34293901 ], [ -8.40143544, 43.3429322 ], [ -8.40137629, 43.34292698 ], [ -8.40134022, 43.3429238 ], [ -8.40131738, 43.34292262 ], [ -8.40125088, 43.34292075 ], [ -8.40117526, 43.34291864 ], [ -8.40113926, 43.34291773 ], [ -8.40108986, 43.34291896 ], [ -8.40106179, 43.34291966 ], [ -8.40093487, 43.34292359 ], [ -8.40068031, 43.34282663 ], [ -8.40027276, 43.34275019 ] ] ] ] } },
{ "type": "Feature", "properties": { "CUSEC": "1503007044", "income_mean_household": 44416.0, "income_mean_person": 17951.0, "poverty_fixed_7500eur": 4.2, "poverty_relative_below60pct": 10.8, "affluence_relative_above200pct": 14.4, "child_poverty_relative_below60pct": null, "gini_index": 26.6, "p80p20_ratio": 2.2, "pct_under18": 21.2, "pct_over65": 11.6, "income_source_salary": 73.1, "income_source_pensions": 12.2, "income_source_unemployment": 1.0, "income_source_other_benefits": 2.6, "income_source_other_income": 11.2 }, "geometry": { "type": "MultiPolygon", "coordinates": [ [ [ [ -8.40664661, 43.33536591 ], [ -8.40706516, 43.33562541 ], [ -8.40747975, 43.33617739 ], [ -8.40836902, 43.33678309 ], [ -8.40839502, 43.33678185 ], [ -8.40913068, 43.33712806 ], [ -8.40981604, 43.33749569 ], [ -8.41050649, 43.33792025 ], [ -8.41107203, 43.3384079 ], [ -8.41173755, 43.33913851 ], [ -8.41236694, 43.3397565 ], [ -8.41311466, 43.34036628 ], [ -8.41299278, 43.3404495 ], [ -8.41165843, 43.34127247 ], [ -8.40942745, 43.34281703 ], [ -8.40934772, 43.34281501 ], [ -8.40904663, 43.34280721 ], [ -8.40903062, 43.34280677 ], [ -8.40900581, 43.34280612 ], [ -8.40886547, 43.34280216 ], [ -8.40853885, 43.3427928 ], [ -8.40853027, 43.34277619 ], [ -8.40852542, 43.3427668 ], [ -8.40847283, 43.34266533 ], [ -8.40846084, 43.34264519 ], [ -8.40827397, 43.34235875 ], [ -8.40807727, 43.34208697 ], [ -8.40789641, 43.3418432 ], [ -8.4077242, 43.34161385 ], [ -8.40759711, 43.34144209 ], [ -8.40745707, 43.3412522 ], [ -8.4073713, 43.34113908 ], [ -8.40724076, 43.34096158 ], [ -8.40711606, 43.34079471 ], [ -8.40696484, 43.3405914 ], [ -8.40683136, 43.34041124 ], [ -8.40681227, 43.34038551 ], [ -8.40668549, 43.34021438 ], [ -8.40656052, 43.34004794 ], [ -8.40643025, 43.33986989 ], [ -8.40615383, 43.33950025 ], [ -8.406062, 43.33937658 ], [ -8.40597471, 43.33925889 ], [ -8.40583026, 43.33906509 ], [ -8.40570536, 43.33889614 ], [ -8.40556883, 43.33871164 ], [ -8.40547685, 43.33858447 ], [ -8.40527278, 43.33830686 ], [ -8.40522592, 43.33824234 ], [ -8.4051413, 43.33812565 ], [ -8.40505502, 43.33800662 ], [ -8.40489195, 43.33777955 ], [ -8.40463013, 43.33741362 ], [ -8.40451162, 43.33724615 ], [ -8.40544973, 43.33626621 ], [ -8.40615463, 43.3356802 ], [ -8.40664661, 43.33536591 ] ] ] ] } },
{ "type": "Feature", "properties": { "CUSEC": "1503008001", "income_mean_household": 29359.0, "income_mean_person": 13069.0, "poverty_fixed_7500eur": 9.3, "poverty_relative_below60pct": 22.3, "affluence_relative_above200pct": 3.2, "child_poverty_relative_below60pct": null, "gini_index": 26.7, "p80p20_ratio": 2.3, "pct_under18": 15.3, "pct_over65": 24.9, "income_source_salary": 63.2, "income_source_pensions": 24.7, "income_source_unemployment": 1.8, "income_source_other_benefits": 4.4, "income_source_other_income": 6.0 }, "geometry": { "type": "MultiPolygon", "coordinates": [ [ [ [ -8.39402151, 43.33951681 ], [ -8.39606808, 43.33852537 ], [ -8.3965958, 43.33897104 ], [ -8.3967089, 43.33886261 ], [ -8.39671902, 43.3387809 ], [ -8.39672035, 43.33864462 ], [ -8.39662831, 43.33851467 ], [ -8.39662941, 43.33840566 ], [ -8.39660269, 43.33827605 ], [ -8.39663177, 43.33816717 ], [ -8.3967368, 43.33792921 ], [ -8.39688825, 43.33771878 ], [ -8.39707635, 43.33757667 ], [ -8.39728196, 43.33755731 ], [ -8.39760886, 43.33753859 ], [ -8.39787842, 43.33765587 ], [ -8.39805444, 43.33779308 ], [ -8.39835081, 43.33803312 ], [ -8.39842441, 43.33814255 ], [ -8.39856321, 43.3382659 ], [ -8.39866404, 43.33845728 ], [ -8.39859637, 43.33868858 ], [ -8.39737788, 43.34009717 ], [ -8.39737583, 43.34013258 ], [ -8.39737186, 43.34014643 ], [ -8.39734276, 43.34025702 ], [ -8.39733737, 43.34027736 ], [ -8.39730534, 43.34033573 ], [ -8.39729007, 43.34035607 ], [ -8.39721973, 43.34038344 ], [ -8.39720915, 43.34049145 ], [ -8.39718595, 43.34049277 ], [ -8.39715265, 43.34049329 ], [ -8.39713704, 43.34049646 ], [ -8.39712286, 43.34049918 ], [ -8.39711113, 43.34051067 ], [ -8.39708981, 43.3405107 ], [ -8.39703766, 43.34056734 ], [ -8.39701767, 43.34055392 ], [ -8.39699558, 43.34053906 ], [ -8.39697678, 43.34056078 ], [ -8.39671383, 43.34071611 ], [ -8.39658927, 43.34104253 ], [ -8.39645655, 43.34124627 ], [ -8.39616547, 43.34141507 ], [ -8.39722518, 43.34262006 ], [ -8.39723844, 43.34263318 ], [ -8.39725515, 43.34264974 ], [ -8.39725739, 43.34264748 ], [ -8.39726115, 43.342644 ], [ -8.39727292, 43.34265727 ], [ -8.39731865, 43.34270889 ], [ -8.39735451, 43.34274935 ], [ -8.39736849, 43.34276883 ], [ -8.39739772, 43.34281064 ], [ -8.39746677, 43.34290947 ], [ -8.39747418, 43.3429292 ], [ -8.39749506, 43.34298478 ], [ -8.39751647, 43.34304131 ], [ -8.39752809, 43.34305948 ], [ -8.39755877, 43.34310741 ], [ -8.39759427, 43.34316286 ], [ -8.39762912, 43.34321737 ], [ -8.39770984, 43.34334404 ], [ -8.39770941, 43.34334397 ], [ -8.3976884, 43.34335208 ], [ -8.39766759, 43.34336002 ], [ -8.39766035, 43.34336276 ], [ -8.39747451, 43.34343356 ], [ -8.39735207, 43.3434802 ], [ -8.39731939, 43.3434928 ], [ -8.39723969, 43.34358058 ], [ -8.39716375, 43.34366419 ], [ -8.39711099, 43.34372227 ], [ -8.39706313, 43.34377496 ], [ -8.39695703, 43.34389171 ], [ -8.39682793, 43.34403379 ], [ -8.39676371, 43.34410448 ], [ -8.39665491, 43.34422421 ], [ -8.39654968, 43.34434005 ], [ -8.39648535, 43.34441087 ], [ -8.3964733, 43.34442424 ], [ -8.39623315, 43.34433048 ], [ -8.3960385, 43.34425449 ], [ -8.39591698, 43.34420707 ], [ -8.39578559, 43.34415578 ], [ -8.39572533, 43.3441315 ], [ -8.39565955, 43.34420318 ], [ -8.39560695, 43.34426005 ], [ -8.39558017, 43.34428931 ], [ -8.39554617, 43.34434794 ], [ -8.39548349, 43.34445447 ], [ -8.3954468, 43.34451634 ], [ -8.39543726, 43.34452781 ], [ -8.395349, 43.344449 ], [ -8.39529833, 43.34441325 ], [ -8.39523303, 43.34437742 ], [ -8.39512921, 43.34430949 ], [ -8.39502574, 43.34420428 ], [ -8.39481224, 43.34409736 ], [ -8.39447319, 43.34384425 ], [ -8.39442679, 43.34368924 ], [ -8.39457749, 43.34354873 ], [ -8.39465082, 43.34341902 ], [ -8.3946185, 43.3433491 ], [ -8.39458796, 43.34326241 ], [ -8.39469933, 43.34308327 ], [ -8.3947961, 43.34285003 ], [ -8.39477714, 43.34263657 ], [ -8.39475369, 43.34255921 ], [ -8.39459475, 43.34257885 ], [ -8.39443578, 43.34260526 ], [ -8.39425801, 43.34264518 ], [ -8.39420509, 43.34265851 ], [ -8.39328013, 43.34166781 ], [ -8.39273801, 43.34190427 ], [ -8.39273296, 43.3418992 ], [ -8.39272897, 43.3418952 ], [ -8.39241178, 43.34202328 ], [ -8.3924844, 43.34166495 ], [ -8.39234791, 43.34167141 ], [ -8.39200922, 43.34145876 ], [ -8.39216378, 43.34132837 ], [ -8.39216118, 43.34132576 ], [ -8.39220842, 43.34127149 ], [ -8.39232112, 43.34120394 ], [ -8.39244366, 43.34108874 ], [ -8.39253779, 43.34100746 ], [ -8.39273514, 43.34087904 ], [ -8.39285727, 43.34080475 ], [ -8.39304464, 43.3407376 ], [ -8.39319441, 43.34069751 ], [ -8.39333503, 43.34063693 ], [ -8.39356508, 43.34050868 ], [ -8.3938279, 43.34036697 ], [ -8.39389377, 43.3403128 ], [ -8.39408047, 43.34031379 ], [ -8.39446303, 43.34033626 ], [ -8.3946307, 43.34037121 ], [ -8.39487318, 43.34039976 ], [ -8.39496671, 43.34037981 ], [ -8.39400093, 43.3395268 ], [ -8.39402151, 43.33951681 ] ] ] ] } },
{ "type": "Feature", "properties": { "CUSEC": "1503008002", "income_mean_household": 34799.0, "income_mean_person": 14276.0, "poverty_fixed_7500eur": 11.5, "poverty_relative_below60pct": 21.4, "affluence_relative_above200pct": 9.3, "child_poverty_relative_below60pct": null, "gini_index": 30.8, "p80p20_ratio": 2.9, "pct_under18": 17.3, "pct_over65": 19.3, "income_source_salary": 66.1, "income_source_pensions": 18.0, "income_source_unemployment": 1.4, "income_source_other_benefits": 5.3, "income_source_other_income": 9.2 }, "geometry": { "type": "MultiPolygon", "coordinates": [ [ [ [ -8.39543726, 43.34452781 ], [ -8.3954468, 43.34451634 ], [ -8.39548349, 43.34445447 ], [ -8.39554617, 43.34434794 ], [ -8.39558017, 43.34428931 ], [ -8.39560695, 43.34426005 ], [ -8.39565955, 43.34420318 ], [ -8.39572533, 43.3441315 ], [ -8.39578559, 43.34415578 ], [ -8.39591698, 43.34420707 ], [ -8.3960385, 43.34425449 ], [ -8.39623315, 43.34433048 ], [ -8.3964733, 43.34442424 ], [ -8.39648535, 43.34441087 ], [ -8.39654968, 43.34434005 ], [ -8.39665491, 43.34422421 ], [ -8.39676371, 43.34410448 ], [ -8.39682793, 43.34403379 ], [ -8.39695703, 43.34389171 ], [ -8.39706313, 43.34377496 ], [ -8.39711099, 43.34372227 ], [ -8.39716375, 43.34366419 ], [ -8.39723969, 43.34358058 ], [ -8.39731939, 43.3434928 ], [ -8.39735207, 43.3434802 ], [ -8.39747451, 43.34343356 ], [ -8.39766035, 43.34336276 ], [ -8.39766759, 43.34336002 ], [ -8.3976884, 43.34335208 ], [ -8.39770941, 43.34334397 ], [ -8.39770984, 43.34334404 ], [ -8.39771023, 43.3433441 ], [ -8.39772455, 43.3433663 ], [ -8.39775069, 43.34340683 ], [ -8.39778558, 43.34346095 ], [ -8.39782056, 43.34351517 ], [ -8.39786205, 43.34357951 ], [ -8.39790772, 43.34365036 ], [ -8.3979274, 43.34367815 ], [ -8.39799854, 43.34377122 ], [ -8.39804685, 43.34383444 ], [ -8.39806799, 43.34386707 ], [ -8.39809432, 43.34390812 ], [ -8.39811805, 43.34394512 ], [ -8.39817044, 43.34402673 ], [ -8.39820337, 43.34407805 ], [ -8.39821819, 43.34410019 ], [ -8.39825134, 43.34414337 ], [ -8.39832073, 43.34423373 ], [ -8.39837995, 43.34431086 ], [ -8.39842428, 43.34436861 ], [ -8.39844534, 43.34439604 ], [ -8.39847334, 43.34443251 ], [ -8.39849527, 43.34445983 ], [ -8.39852768, 43.34449227 ], [ -8.39857567, 43.34454028 ], [ -8.39860706, 43.34457167 ], [ -8.3986657, 43.34463034 ], [ -8.39870356, 43.34466267 ], [ -8.39876964, 43.34471889 ], [ -8.39879745, 43.3447416 ], [ -8.39884098, 43.34476553 ], [ -8.39886754, 43.3447747 ], [ -8.39890508, 43.34478662 ], [ -8.39894269, 43.34479608 ], [ -8.39903737, 43.34481988 ], [ -8.39915245, 43.34484821 ], [ -8.39926145, 43.34486067 ], [ -8.39939196, 43.34487558 ], [ -8.39939975, 43.34487538 ], [ -8.39940013, 43.34487652 ], [ -8.39949844, 43.34495113 ], [ -8.39959897, 43.34506785 ], [ -8.39963933, 43.34511498 ], [ -8.39996918, 43.34550036 ], [ -8.40002613, 43.34556674 ], [ -8.40010383, 43.3456573 ], [ -8.39950519, 43.34587254 ], [ -8.39946445, 43.34588708 ], [ -8.39845847, 43.34626648 ], [ -8.3983912, 43.34629189 ], [ -8.39783389, 43.34650679 ], [ -8.39769135, 43.3465612 ], [ -8.39754621, 43.34661647 ], [ -8.39728607, 43.34675703 ], [ -8.39697479, 43.34693367 ], [ -8.39644327, 43.34707639 ], [ -8.39643622, 43.34698335 ], [ -8.39638956, 43.34691399 ], [ -8.39624116, 43.34680777 ], [ -8.39609268, 43.34670698 ], [ -8.39600899, 43.34660471 ], [ -8.39587528, 43.34652221 ], [ -8.39560372, 43.34626986 ], [ -8.39551235, 43.34618934 ], [ -8.39537637, 43.34608136 ], [ -8.39525263, 43.34600251 ], [ -8.39509376, 43.34594532 ], [ -8.39498183, 43.3459229 ], [ -8.39492503, 43.3458717 ], [ -8.39492347, 43.34577896 ], [ -8.39495443, 43.34567364 ], [ -8.39495789, 43.34557547 ], [ -8.39505407, 43.34542145 ], [ -8.39522067, 43.34520412 ], [ -8.39534208, 43.34501932 ], [ -8.39537305, 43.34491404 ], [ -8.3953945, 43.34475776 ], [ -8.39540026, 43.34468144 ], [ -8.39543957, 43.34452985 ], [ -8.39543726, 43.34452781 ] ] ] ] } },
{ "type": "Feature", "properties": { "CUSEC": "1503008003", "income_mean_household": 52932.0, "income_mean_person": 22159.0, "poverty_fixed_7500eur": 4.5, "poverty_relative_below60pct": 11.5, "affluence_relative_above200pct": 24.3, "child_poverty_relative_below60pct": null, "gini_index": 32.2, "p80p20_ratio": 2.6, "pct_under18": 14.8, "pct_over65": 21.0, "income_source_salary": 53.8, "income_source_pensions": 15.3, "income_source_unemployment": 0.8, "income_source_other_benefits": 2.6, "income_source_other_income": 27.5 }, "geometry": { "type": "MultiPolygon", "coordinates": [ [ [ [ -8.39402151, 43.33951681 ], [ -8.39400093, 43.3395268 ], [ -8.39496671, 43.34037981 ], [ -8.39487318, 43.34039976 ], [ -8.3946307, 43.34037121 ], [ -8.39446303, 43.34033626 ], [ -8.39408047, 43.34031379 ], [ -8.39389377, 43.3403128 ], [ -8.3938279, 43.34036697 ], [ -8.39356508, 43.34050868 ], [ -8.39333503, 43.34063693 ], [ -8.39319441, 43.34069751 ], [ -8.39304464, 43.3407376 ], [ -8.39285727, 43.34080475 ], [ -8.39273514, 43.34087904 ], [ -8.39253779, 43.34100746 ], [ -8.39244366, 43.34108874 ], [ -8.39232112, 43.34120394 ], [ -8.39220842, 43.34127149 ], [ -8.39216118, 43.34132576 ], [ -8.39216378, 43.34132837 ], [ -8.39200922, 43.34145876 ], [ -8.39234791, 43.34167141 ], [ -8.3924844, 43.34166495 ], [ -8.39241178, 43.34202328 ], [ -8.39272897, 43.3418952 ], [ -8.39273296, 43.3418992 ], [ -8.39273801, 43.34190427 ], [ -8.39328013, 43.34166781 ], [ -8.39420509, 43.34265851 ], [ -8.39425801, 43.34264518 ], [ -8.39443578, 43.34260526 ], [ -8.39459475, 43.34257885 ], [ -8.39475369, 43.34255921 ], [ -8.39477714, 43.34263657 ], [ -8.3947961, 43.34285003 ], [ -8.39469933, 43.34308327 ], [ -8.39458796, 43.34326241 ], [ -8.3946185, 43.3433491 ], [ -8.39465082, 43.34341902 ], [ -8.39457749, 43.34354873 ], [ -8.39442679, 43.34368924 ], [ -8.39447319, 43.34384425 ], [ -8.39481224, 43.34409736 ], [ -8.39502574, 43.34420428 ], [ -8.39512921, 43.34430949 ], [ -8.39523303, 43.34437742 ], [ -8.39529833, 43.34441325 ], [ -8.395349, 43.344449 ], [ -8.39543726, 43.34452781 ], [ -8.39543957, 43.34452985 ], [ -8.39540026, 43.34468144 ], [ -8.3953945, 43.34475776 ], [ -8.39537305, 43.34491404 ], [ -8.39534208, 43.34501932 ], [ -8.39522067, 43.34520412 ], [ -8.39505407, 43.34542145 ], [ -8.39495789, 43.34557547 ], [ -8.39495443, 43.34567364 ], [ -8.39492347, 43.34577896 ], [ -8.39492503, 43.3458717 ], [ -8.39498183, 43.3459229 ], [ -8.39509376, 43.34594532 ], [ -8.39525263, 43.34600251 ], [ -8.39537637, 43.34608136 ], [ -8.39551235, 43.34618934 ], [ -8.39560372, 43.34626986 ], [ -8.39587528, 43.34652221 ], [ -8.39600899, 43.34660471 ], [ -8.39609268, 43.34670698 ], [ -8.39624116, 43.34680777 ], [ -8.39638956, 43.34691399 ], [ -8.39643622, 43.34698335 ], [ -8.39644327, 43.34707639 ], [ -8.39642222, 43.34708457 ], [ -8.39640304, 43.34709191 ], [ -8.39631489, 43.34712413 ], [ -8.39628609, 43.3471384 ], [ -8.39626071, 43.34715206 ], [ -8.39623006, 43.34716883 ], [ -8.39619839, 43.3471863 ], [ -8.39614866, 43.34721369 ], [ -8.39610748, 43.34723641 ], [ -8.39607048, 43.34725847 ], [ -8.39601811, 43.34729087 ], [ -8.39593668, 43.34733878 ], [ -8.39586688, 43.34738289 ], [ -8.39581727, 43.34741335 ], [ -8.39575698, 43.34744447 ], [ -8.39570413, 43.34747265 ], [ -8.39567087, 43.34748839 ], [ -8.39559851, 43.34752271 ], [ -8.39543466, 43.34761087 ], [ -8.39534755, 43.34765915 ], [ -8.39522373, 43.34774213 ], [ -8.39513151, 43.34782223 ], [ -8.39503767, 43.34790115 ], [ -8.39484731, 43.34801145 ], [ -8.39459355, 43.34816967 ], [ -8.39456727, 43.34817465 ], [ -8.39457238, 43.34816418 ], [ -8.39459818, 43.34812728 ], [ -8.39463216, 43.34808441 ], [ -8.39465835, 43.34804305 ], [ -8.39464031, 43.34804791 ], [ -8.39460682, 43.34806186 ], [ -8.39457605, 43.34807873 ], [ -8.39452916, 43.34811397 ], [ -8.39450115, 43.34813156 ], [ -8.3943587, 43.34820967 ], [ -8.39429659, 43.34826554 ], [ -8.3942637, 43.34828717 ], [ -8.39422926, 43.34830812 ], [ -8.39418639, 43.34833095 ], [ -8.39414828, 43.34835209 ], [ -8.39408077, 43.34839072 ], [ -8.39403799, 43.34841391 ], [ -8.393938, 43.34846794 ], [ -8.3938873, 43.3484939 ], [ -8.39387449, 43.34850094 ], [ -8.39381768, 43.34853145 ], [ -8.39378877, 43.34854667 ], [ -8.39376114, 43.34856047 ], [ -8.39372976, 43.34857641 ], [ -8.39369292, 43.34859615 ], [ -8.39363732, 43.34862671 ], [ -8.39358163, 43.34865707 ], [ -8.39354316, 43.34867755 ], [ -8.39351167, 43.34869451 ], [ -8.39345804, 43.34872557 ], [ -8.39342778, 43.34874378 ], [ -8.39340267, 43.34875911 ], [ -8.39338964, 43.34876778 ], [ -8.39337747, 43.348777 ], [ -8.39335903, 43.34879041 ], [ -8.3933388, 43.34880291 ], [ -8.39332904, 43.34880887 ], [ -8.39330065, 43.34882251 ], [ -8.39327908, 43.3488314 ], [ -8.39325827, 43.34884029 ], [ -8.39323432, 43.34885061 ], [ -8.39321436, 43.34885968 ], [ -8.39319595, 43.34886768 ], [ -8.39316889, 43.34887924 ], [ -8.39313085, 43.34889726 ], [ -8.39311174, 43.34890768 ], [ -8.39308843, 43.3489206 ], [ -8.39307225, 43.34893017 ], [ -8.39302715, 43.3489628 ], [ -8.39300656, 43.34897563 ], [ -8.39296838, 43.3489923 ], [ -8.3929274, 43.34900709 ], [ -8.39289869, 43.34901748 ], [ -8.39255179, 43.34910947 ], [ -8.39244726, 43.34913584 ], [ -8.39237464, 43.34915699 ], [ -8.39226257, 43.34918403 ], [ -8.3922312, 43.34918862 ], [ -8.39218612, 43.34919218 ], [ -8.39209178, 43.34920979 ], [ -8.39203016, 43.34922708 ], [ -8.39197426, 43.3492386 ], [ -8.39191836, 43.34925372 ], [ -8.39172613, 43.34930068 ], [ -8.3916962, 43.34930844 ], [ -8.39164568, 43.349327 ], [ -8.39160657, 43.34934039 ], [ -8.39157165, 43.34935165 ], [ -8.39152769, 43.34936534 ], [ -8.3914856, 43.34937918 ], [ -8.39144165, 43.3493973 ], [ -8.3913959, 43.34941805 ], [ -8.39135798, 43.34943541 ], [ -8.39133203, 43.34944758 ], [ -8.39119335, 43.34950808 ], [ -8.39119014, 43.34952124 ], [ -8.39117522, 43.34957257 ], [ -8.3911607, 43.34961417 ], [ -8.39114849, 43.34961727 ], [ -8.39100971, 43.34965272 ], [ -8.3907727, 43.34971316 ], [ -8.38980876, 43.34995904 ], [ -8.3897265, 43.34998347 ], [ -8.38893208, 43.35028286 ], [ -8.38887168, 43.35031208 ], [ -8.38881993, 43.35034458 ], [ -8.38879063, 43.35037153 ], [ -8.38876716, 43.35039967 ], [ -8.38852064, 43.35083073 ], [ -8.38679629, 43.35027077 ], [ -8.38800143, 43.34988268 ], [ -8.38811463, 43.34949023 ], [ -8.38763602, 43.34840556 ], [ -8.38722467, 43.34849699 ], [ -8.38713112, 43.34827637 ], [ -8.3872749, 43.34808953 ], [ -8.38722852, 43.34798367 ], [ -8.38651279, 43.3477024 ], [ -8.38613196, 43.34772039 ], [ -8.38592521, 43.3478922 ], [ -8.38552539, 43.3479741 ], [ -8.38530385, 43.34784054 ], [ -8.38496386, 43.3479016 ], [ -8.38443849, 43.34809747 ], [ -8.38401326, 43.34789251 ], [ -8.38409556, 43.34742949 ], [ -8.38385318, 43.34650471 ], [ -8.38395535, 43.34626577 ], [ -8.3838566, 43.34584736 ], [ -8.38387189, 43.34504541 ], [ -8.38352823, 43.34464751 ], [ -8.38331736, 43.34449546 ], [ -8.38322702, 43.34431067 ], [ -8.38363582, 43.34391323 ], [ -8.38340322, 43.34365417 ], [ -8.38356711, 43.3432773 ], [ -8.3854667, 43.34327763 ], [ -8.38577849, 43.34331692 ], [ -8.38635534, 43.34314564 ], [ -8.38674872, 43.34271293 ], [ -8.38684883, 43.3423121 ], [ -8.38661615, 43.34205305 ], [ -8.38675963, 43.34200122 ], [ -8.38700999, 43.34204344 ], [ -8.38716362, 43.34155005 ], [ -8.38740168, 43.34131373 ], [ -8.38748838, 43.33978824 ], [ -8.38707424, 43.33942968 ], [ -8.3866717, 43.33934068 ], [ -8.38631832, 43.33952843 ], [ -8.38613009, 43.33949232 ], [ -8.38604962, 43.33928006 ], [ -8.38556549, 43.33938394 ], [ -8.38539778, 43.33775093 ], [ -8.38898503, 43.33787287 ], [ -8.3892527, 43.3362077 ], [ -8.38929574, 43.33622662 ], [ -8.38944312, 43.33629143 ], [ -8.38949221, 43.33634341 ], [ -8.38954022, 43.3364988 ], [ -8.38953181, 43.33663319 ], [ -8.38949457, 43.33681398 ], [ -8.38944335, 43.33697403 ], [ -8.38939888, 43.33717027 ], [ -8.38936171, 43.33734589 ], [ -8.38938932, 43.33741844 ], [ -8.38943822, 43.3374859 ], [ -8.38958666, 43.33752291 ], [ -8.38984883, 43.33751395 ], [ -8.38994848, 43.33746797 ], [ -8.38994162, 43.33744724 ], [ -8.39001501, 43.33719425 ], [ -8.39012302, 43.33701901 ], [ -8.39026691, 43.33679739 ], [ -8.39050315, 43.33655048 ], [ -8.39063956, 43.33637022 ], [ -8.3906979, 43.33620503 ], [ -8.39072093, 43.33602417 ], [ -8.39074366, 43.33587952 ], [ -8.39077287, 43.33579175 ], [ -8.39083693, 43.33576107 ], [ -8.39098595, 43.33573601 ], [ -8.3909702, 43.33589105 ], [ -8.39108735, 43.33622263 ], [ -8.39122601, 43.3365233 ], [ -8.39126562, 43.33681309 ], [ -8.39134834, 43.33704105 ], [ -8.39179727, 43.33748814 ], [ -8.39249209, 43.33814337 ], [ -8.39261853, 43.33825266 ], [ -8.39302002, 43.33848229 ], [ -8.39316087, 43.3385658 ], [ -8.39334966, 43.33882015 ], [ -8.39362915, 43.33920945 ], [ -8.39402151, 43.33951681 ] ] ] ] } },
{ "type": "Feature", "properties": { "CUSEC": "1503008004", "income_mean_household": 42707.0, "income_mean_person": 18290.0, "poverty_fixed_7500eur": 5.5, "poverty_relative_below60pct": 12.1, "affluence_relative_above200pct": 14.3, "child_poverty_relative_below60pct": null, "gini_index": 27.5, "p80p20_ratio": 2.4, "pct_under18": 18.6, "pct_over65": 10.8, "income_source_salary": 74.6, "income_source_pensions": 11.2, "income_source_unemployment": 1.0, "income_source_other_benefits": 3.4, "income_source_other_income": 9.8 }, "geometry": { "type": "MultiPolygon", "coordinates": [ [ [ [ -8.39726115, 43.342644 ], [ -8.39725739, 43.34264748 ], [ -8.39725515, 43.34264974 ], [ -8.39723844, 43.34263318 ], [ -8.39722518, 43.34262006 ], [ -8.39616547, 43.34141507 ], [ -8.39645655, 43.34124627 ], [ -8.39658927, 43.34104253 ], [ -8.39671383, 43.34071611 ], [ -8.39697678, 43.34056078 ], [ -8.39699558, 43.34053906 ], [ -8.39701767, 43.34055392 ], [ -8.39703766, 43.34056734 ], [ -8.39708981, 43.3405107 ], [ -8.39711113, 43.34051067 ], [ -8.39712286, 43.34049918 ], [ -8.39713704, 43.34049646 ], [ -8.39715265, 43.34049329 ], [ -8.39718595, 43.34049277 ], [ -8.39720915, 43.34049145 ], [ -8.39721973, 43.34038344 ], [ -8.39729007, 43.34035607 ], [ -8.39730534, 43.34033573 ], [ -8.39733737, 43.34027736 ], [ -8.39734276, 43.34025702 ], [ -8.39737186, 43.34014643 ], [ -8.39737583, 43.34013258 ], [ -8.39737788, 43.34009717 ], [ -8.39859637, 43.33868858 ], [ -8.39866404, 43.33845728 ], [ -8.39856321, 43.3382659 ], [ -8.39842441, 43.33814255 ], [ -8.39835081, 43.33803312 ], [ -8.39805444, 43.33779308 ], [ -8.39787842, 43.33765587 ], [ -8.39760886, 43.33753859 ], [ -8.39728196, 43.33755731 ], [ -8.39707635, 43.33757667 ], [ -8.39688825, 43.33771878 ], [ -8.3967368, 43.33792921 ], [ -8.39663177, 43.33816717 ], [ -8.39660269, 43.33827605 ], [ -8.39662941, 43.33840566 ], [ -8.39662831, 43.33851467 ], [ -8.39672035, 43.33864462 ], [ -8.39671902, 43.3387809 ], [ -8.3967089, 43.33886261 ], [ -8.3965958, 43.33897104 ], [ -8.39606808, 43.33852537 ], [ -8.39402151, 43.33951681 ], [ -8.39362915, 43.33920945 ], [ -8.39334966, 43.33882015 ], [ -8.39316087, 43.3385658 ], [ -8.39302002, 43.33848229 ], [ -8.39261853, 43.33825266 ], [ -8.39249209, 43.33814337 ], [ -8.39179727, 43.33748814 ], [ -8.39134834, 43.33704105 ], [ -8.39126562, 43.33681309 ], [ -8.39122601, 43.3365233 ], [ -8.39108735, 43.33622263 ], [ -8.3909702, 43.33589105 ], [ -8.39098595, 43.33573601 ], [ -8.39083693, 43.33576107 ], [ -8.39077287, 43.33579175 ], [ -8.39074366, 43.33587952 ], [ -8.39072093, 43.33602417 ], [ -8.3906979, 43.33620503 ], [ -8.39063956, 43.33637022 ], [ -8.39050315, 43.33655048 ], [ -8.39026691, 43.33679739 ], [ -8.39012302, 43.33701901 ], [ -8.39001501, 43.33719425 ], [ -8.38994162, 43.33744724 ], [ -8.38994848, 43.33746797 ], [ -8.38984883, 43.33751395 ], [ -8.38958666, 43.33752291 ], [ -8.38943822, 43.3374859 ], [ -8.38938932, 43.33741844 ], [ -8.38936171, 43.33734589 ], [ -8.38939888, 43.33717027 ], [ -8.38944335, 43.33697403 ], [ -8.38949457, 43.33681398 ], [ -8.38953181, 43.33663319 ], [ -8.38954022, 43.3364988 ], [ -8.38949221, 43.33634341 ], [ -8.38944312, 43.33629143 ], [ -8.38929574, 43.33622662 ], [ -8.38946385, 43.33495754 ], [ -8.38995056, 43.33470588 ], [ -8.39035807, 43.33459134 ], [ -8.39059301, 43.33437063 ], [ -8.39137165, 43.33446721 ], [ -8.39137441, 43.33457188 ], [ -8.39177425, 43.33473876 ], [ -8.39180825, 43.33482766 ], [ -8.39283206, 43.33459823 ], [ -8.39294059, 43.3350123 ], [ -8.39315396, 43.33543095 ], [ -8.39391469, 43.33525206 ], [ -8.3941084, 43.33471412 ], [ -8.39792691, 43.33494312 ], [ -8.39948837, 43.33239207 ], [ -8.4001154, 43.33140276 ], [ -8.40032353, 43.33155701 ], [ -8.4003738, 43.33159896 ], [ -8.40037509, 43.33160004 ], [ -8.40043103, 43.3316486 ], [ -8.40055599, 43.33176335 ], [ -8.40065308, 43.33185518 ], [ -8.40075386, 43.33195732 ], [ -8.40080978, 43.33202077 ], [ -8.40089473, 43.33211859 ], [ -8.40099057, 43.33223482 ], [ -8.40109607, 43.33237372 ], [ -8.40117465, 43.33248298 ], [ -8.40127107, 43.33261646 ], [ -8.40136821, 43.33275423 ], [ -8.40143784, 43.33285176 ], [ -8.4014736, 43.33290169 ], [ -8.40150984, 43.3329523 ], [ -8.40157643, 43.33304537 ], [ -8.40165121, 43.33315069 ], [ -8.40174485, 43.33328323 ], [ -8.4017988, 43.33335857 ], [ -8.40189356, 43.33349116 ], [ -8.40195971, 43.33358437 ], [ -8.40206042, 43.33372631 ], [ -8.40218755, 43.33390543 ], [ -8.40224354, 43.33398433 ], [ -8.4023178, 43.33408897 ], [ -8.40243936, 43.33426024 ], [ -8.40248744, 43.334328 ], [ -8.40258056, 43.33445921 ], [ -8.40266022, 43.33457146 ], [ -8.40273916, 43.33468271 ], [ -8.40284744, 43.33483527 ], [ -8.40292535, 43.33494504 ], [ -8.40295239, 43.334985 ], [ -8.40298651, 43.33503556 ], [ -8.40307219, 43.33516255 ], [ -8.40310492, 43.33521104 ], [ -8.40314978, 43.33527755 ], [ -8.40321753, 43.33537797 ], [ -8.40331694, 43.33552413 ], [ -8.40342844, 43.33568768 ], [ -8.40348573, 43.33577148 ], [ -8.40355748, 43.33587657 ], [ -8.4036418, 43.33599954 ], [ -8.40370894, 43.33609731 ], [ -8.40376865, 43.33618423 ], [ -8.403814, 43.33625027 ], [ -8.40390264, 43.33637932 ], [ -8.40401258, 43.33653748 ], [ -8.40409772, 43.33665918 ], [ -8.40416874, 43.33676057 ], [ -8.40426541, 43.3368978 ], [ -8.40436629, 43.33704085 ], [ -8.40443056, 43.33713165 ], [ -8.40447797, 43.3371986 ], [ -8.40444333, 43.33724335 ], [ -8.40231923, 43.33998881 ], [ -8.40231878, 43.33998939 ], [ -8.4019999, 43.34040154 ], [ -8.40124215, 43.34139181 ], [ -8.40027276, 43.34275019 ], [ -8.40017389, 43.34274027 ], [ -8.40008571, 43.34270164 ], [ -8.40006081, 43.34269035 ], [ -8.39996996, 43.34264337 ], [ -8.39987792, 43.34259568 ], [ -8.39983687, 43.34257444 ], [ -8.39980053, 43.34255572 ], [ -8.39976492, 43.34254419 ], [ -8.3997006, 43.3425234 ], [ -8.39963546, 43.34251064 ], [ -8.39960332, 43.34250459 ], [ -8.39943354, 43.34248582 ], [ -8.39939351, 43.34248215 ], [ -8.39935018, 43.34247896 ], [ -8.39925491, 43.34247199 ], [ -8.39919567, 43.34246852 ], [ -8.39911798, 43.3424647 ], [ -8.39903832, 43.34246078 ], [ -8.39899509, 43.34245901 ], [ -8.39894683, 43.34245973 ], [ -8.3989292, 43.34246003 ], [ -8.39891508, 43.3424628 ], [ -8.39890373, 43.34246503 ], [ -8.39871841, 43.34250139 ], [ -8.3986339, 43.34251797 ], [ -8.39859128, 43.34252633 ], [ -8.39849427, 43.34254536 ], [ -8.3984582, 43.34255245 ], [ -8.39836502, 43.3425639 ], [ -8.39828581, 43.34257331 ], [ -8.39816472, 43.34258344 ], [ -8.39808726, 43.34258985 ], [ -8.3979209, 43.34259835 ], [ -8.39771968, 43.34260673 ], [ -8.39756394, 43.34261116 ], [ -8.39742869, 43.34261542 ], [ -8.39739129, 43.34261719 ], [ -8.39731232, 43.34263339 ], [ -8.39727156, 43.34264168 ], [ -8.39726143, 43.34264375 ], [ -8.39726115, 43.342644 ] ] ] ] } },
{ "type": "Feature", "properties": { "CUSEC": "1503008005", "income_mean_household": 33734.0, "income_mean_person": 15451.0, "poverty_fixed_7500eur": 11.3, "poverty_relative_below60pct": 25.1, "affluence_relative_above200pct": 8.4, "child_poverty_relative_below60pct": null, "gini_index": 34.9, "p80p20_ratio": 2.9, "pct_under18": 12.5, "pct_over65": 23.4, "income_source_salary": 56.9, "income_source_pensions": 21.1, "income_source_unemployment": 1.4, "income_source_other_benefits": 3.7, "income_source_other_income": 16.9 }, "geometry": { "type": "MultiPolygon", "coordinates": [ [ [ [ -8.4003738, 43.33159896 ], [ -8.40032353, 43.33155701 ], [ -8.4001154, 43.33140276 ], [ -8.40005463, 43.33135773 ], [ -8.39987737, 43.33124108 ], [ -8.39981132, 43.33120007 ], [ -8.39976673, 43.33117289 ], [ -8.39973577, 43.33115524 ], [ -8.39968271, 43.33112638 ], [ -8.39963567, 43.33110087 ], [ -8.39958617, 43.33107414 ], [ -8.39955531, 43.33105716 ], [ -8.39952621, 43.33104063 ], [ -8.39950743, 43.33103076 ], [ -8.39945453, 43.33100421 ], [ -8.39941726, 43.3309855 ], [ -8.39937743, 43.33096639 ], [ -8.39932854, 43.33094282 ], [ -8.39929711, 43.33092766 ], [ -8.39926464, 43.33091358 ], [ -8.39922631, 43.33089685 ], [ -8.39919313, 43.33088189 ], [ -8.39918062, 43.33087639 ], [ -8.39914765, 43.33086293 ], [ -8.39909603, 43.33084221 ], [ -8.39904256, 43.33082161 ], [ -8.39899624, 43.33080317 ], [ -8.39896935, 43.33079244 ], [ -8.39893397, 43.3307794 ], [ -8.39889093, 43.33076349 ], [ -8.39886478, 43.33075331 ], [ -8.39883563, 43.33074199 ], [ -8.39882444, 43.33073793 ], [ -8.39878857, 43.33072565 ], [ -8.39876099, 43.33071622 ], [ -8.39867805, 43.33068811 ], [ -8.39862351, 43.33066943 ], [ -8.39855773, 43.3306488 ], [ -8.39849077, 43.33062887 ], [ -8.39837362, 43.33059622 ], [ -8.39823957, 43.33056019 ], [ -8.39814292, 43.33053577 ], [ -8.3979513, 43.33049311 ], [ -8.39785683, 43.33047413 ], [ -8.39773329, 43.33045153 ], [ -8.39747982, 43.33040331 ], [ -8.39716976, 43.33034343 ], [ -8.3969074, 43.33029219 ], [ -8.39662961, 43.33023805 ], [ -8.39638091, 43.33018955 ], [ -8.39616182, 43.33014747 ], [ -8.39589392, 43.33009608 ], [ -8.39568142, 43.33005416 ], [ -8.39548059, 43.33001579 ], [ -8.39508124, 43.32993889 ], [ -8.39486097, 43.32989658 ], [ -8.39475174, 43.32987629 ], [ -8.39465395, 43.32986034 ], [ -8.39450977, 43.32984109 ], [ -8.39440429, 43.32983151 ], [ -8.39426405, 43.32982327 ], [ -8.39420994, 43.32982052 ], [ -8.39414487, 43.32982072 ], [ -8.39401917, 43.32982185 ], [ -8.39392133, 43.329828 ], [ -8.39386695, 43.32983313 ], [ -8.39379906, 43.32984126 ], [ -8.39374548, 43.32984804 ], [ -8.39365886, 43.32985968 ], [ -8.39359547, 43.32986821 ], [ -8.39353842, 43.32987595 ], [ -8.39348851, 43.32988324 ], [ -8.39346204, 43.32988501 ], [ -8.3931673, 43.32992948 ], [ -8.39029067, 43.33036874 ], [ -8.39025628, 43.33037565 ], [ -8.39025435, 43.33011586 ], [ -8.39025031, 43.32996723 ], [ -8.39024483, 43.32985594 ], [ -8.39023813, 43.32976645 ], [ -8.390227, 43.32968335 ], [ -8.39021704, 43.32962545 ], [ -8.39019711, 43.32953738 ], [ -8.39017376, 43.32945446 ], [ -8.39015596, 43.32939898 ], [ -8.39014184, 43.32935874 ], [ -8.39011388, 43.32928781 ], [ -8.39009252, 43.32923666 ], [ -8.39004747, 43.32914386 ], [ -8.3900043, 43.32906516 ], [ -8.38998232, 43.32902778 ], [ -8.38992305, 43.32893552 ], [ -8.38987758, 43.32887109 ], [ -8.38985481, 43.32884129 ], [ -8.38979402, 43.3287663 ], [ -8.38972529, 43.32868332 ], [ -8.38965802, 43.32860716 ], [ -8.38959926, 43.32854514 ], [ -8.38956052, 43.32850611 ], [ -8.38951152, 43.32845968 ], [ -8.38949241, 43.32844213 ], [ -8.38941221, 43.32837212 ], [ -8.38934895, 43.32831687 ], [ -8.3893273, 43.32829798 ], [ -8.3892761, 43.32826432 ], [ -8.38921233, 43.32822236 ], [ -8.38917531, 43.32819801 ], [ -8.38911113, 43.32816028 ], [ -8.38902869, 43.32811258 ], [ -8.38899644, 43.32809375 ], [ -8.38893825, 43.32804992 ], [ -8.3888792, 43.32800541 ], [ -8.38883509, 43.32797217 ], [ -8.38864878, 43.3279117 ], [ -8.38842164, 43.32784046 ], [ -8.38833393, 43.32781455 ], [ -8.38829293, 43.32780246 ], [ -8.38817358, 43.32777705 ], [ -8.38804887, 43.32775057 ], [ -8.38799971, 43.32774013 ], [ -8.38783501, 43.32770634 ], [ -8.38777439, 43.32769289 ], [ -8.38764945, 43.32766315 ], [ -8.38761425, 43.32765467 ], [ -8.38753626, 43.32763094 ], [ -8.38751065, 43.3276224 ], [ -8.38740804, 43.3275756 ], [ -8.38736328, 43.32755241 ], [ -8.38726741, 43.3274999 ], [ -8.38717281, 43.3274481 ], [ -8.3870659, 43.32738528 ], [ -8.38699164, 43.32734164 ], [ -8.38690274, 43.32728169 ], [ -8.38685022, 43.32723737 ], [ -8.3868232, 43.32721367 ], [ -8.38678875, 43.32717036 ], [ -8.38675497, 43.32711123 ], [ -8.38672669, 43.3270617 ], [ -8.38668891, 43.3269901 ], [ -8.386654, 43.32692344 ], [ -8.38663035, 43.32687827 ], [ -8.38661551, 43.32684808 ], [ -8.38657505, 43.32675748 ], [ -8.38654409, 43.32670196 ], [ -8.38650744, 43.326654 ], [ -8.38643276, 43.32657814 ], [ -8.38636039, 43.32650497 ], [ -8.38628635, 43.32643009 ], [ -8.38621445, 43.32635736 ], [ -8.38616291, 43.32630528 ], [ -8.38611678, 43.3262586 ], [ -8.38610824, 43.32624888 ], [ -8.38614486, 43.3262253 ], [ -8.38624342, 43.32616186 ], [ -8.38666332, 43.32589153 ], [ -8.38963799, 43.32397746 ], [ -8.39291428, 43.32378136 ], [ -8.39291559, 43.3237813 ], [ -8.39321945, 43.32376311 ], [ -8.39871435, 43.32163058 ], [ -8.40448015, 43.32241071 ], [ -8.40947991, 43.32220901 ], [ -8.40954282, 43.32232764 ], [ -8.40971544, 43.32265315 ], [ -8.40969745, 43.32266092 ], [ -8.40958891, 43.32270829 ], [ -8.4095536, 43.32272246 ], [ -8.40939943, 43.32279019 ], [ -8.40919498, 43.32287496 ], [ -8.40900932, 43.3229577 ], [ -8.40886449, 43.32301887 ], [ -8.40883411, 43.32303301 ], [ -8.40865628, 43.32313269 ], [ -8.40853726, 43.32319955 ], [ -8.40842746, 43.32326366 ], [ -8.40836702, 43.32329542 ], [ -8.40827843, 43.3233666 ], [ -8.408124, 43.3234802 ], [ -8.40807951, 43.3235135 ], [ -8.40794939, 43.32359821 ], [ -8.40782981, 43.32367665 ], [ -8.40771927, 43.32375004 ], [ -8.40754594, 43.32386453 ], [ -8.40744562, 43.32393223 ], [ -8.40741243, 43.32395453 ], [ -8.40738815, 43.32397084 ], [ -8.40736625, 43.32398554 ], [ -8.40735412, 43.32399367 ], [ -8.40734413, 43.32400026 ], [ -8.40732695, 43.32401159 ], [ -8.40731324, 43.32402063 ], [ -8.40729642, 43.32403173 ], [ -8.40725676, 43.32405789 ], [ -8.40722238, 43.32408056 ], [ -8.40719435, 43.32409906 ], [ -8.40717899, 43.32410919 ], [ -8.40715535, 43.32412478 ], [ -8.40714409, 43.32413219 ], [ -8.40695527, 43.32425674 ], [ -8.4068506, 43.32432681 ], [ -8.40676379, 43.32438513 ], [ -8.40666668, 43.32445035 ], [ -8.40659316, 43.32449998 ], [ -8.40656048, 43.32452456 ], [ -8.4065242, 43.32455447 ], [ -8.40646846, 43.32460671 ], [ -8.40644854, 43.32462862 ], [ -8.40638597, 43.32470192 ], [ -8.40632201, 43.32477688 ], [ -8.40626479, 43.32484392 ], [ -8.40622229, 43.32489368 ], [ -8.40618047, 43.32493941 ], [ -8.40613162, 43.3249821 ], [ -8.40607361, 43.32502722 ], [ -8.40602886, 43.32505673 ], [ -8.40596353, 43.32509371 ], [ -8.40593393, 43.32510929 ], [ -8.4058605, 43.32514113 ], [ -8.40576953, 43.3251768 ], [ -8.40568215, 43.32520626 ], [ -8.4055301, 43.32525139 ], [ -8.40540172, 43.32528782 ], [ -8.40530679, 43.32531474 ], [ -8.40516508, 43.32535494 ], [ -8.40503639, 43.32539075 ], [ -8.40490888, 43.32542559 ], [ -8.40477177, 43.32546496 ], [ -8.40460834, 43.3255119 ], [ -8.40445461, 43.32555606 ], [ -8.40435793, 43.32558384 ], [ -8.40430706, 43.32559996 ], [ -8.40423433, 43.32562517 ], [ -8.40415949, 43.32565399 ], [ -8.40402144, 43.32571374 ], [ -8.40387528, 43.32578347 ], [ -8.40374088, 43.32584843 ], [ -8.40366257, 43.32588628 ], [ -8.40360751, 43.32591461 ], [ -8.40353714, 43.3259537 ], [ -8.40348483, 43.32598818 ], [ -8.40342534, 43.32602976 ], [ -8.4033898, 43.32606175 ], [ -8.40336304, 43.32609277 ], [ -8.40333734, 43.32613577 ], [ -8.40331547, 43.32618349 ], [ -8.40329344, 43.3262422 ], [ -8.40325933, 43.32636053 ], [ -8.40323062, 43.32648184 ], [ -8.40321117, 43.32659058 ], [ -8.40320664, 43.32662455 ], [ -8.40320321, 43.32671745 ], [ -8.40320092, 43.32676562 ], [ -8.40321207, 43.32684976 ], [ -8.40323168, 43.32692578 ], [ -8.40325072, 43.32697814 ], [ -8.40327216, 43.32702267 ], [ -8.4033227, 43.32711653 ], [ -8.40336699, 43.32720105 ], [ -8.40341577, 43.32729553 ], [ -8.40345354, 43.32736868 ], [ -8.40349003, 43.32744655 ], [ -8.40351244, 43.32749482 ], [ -8.40352682, 43.32752886 ], [ -8.40353962, 43.32756 ], [ -8.40355138, 43.32762353 ], [ -8.403552, 43.32764787 ], [ -8.40355257, 43.32767222 ], [ -8.40355278, 43.32769011 ], [ -8.40355194, 43.32770765 ], [ -8.4035509, 43.3277258 ], [ -8.40353986, 43.32777426 ], [ -8.4035305, 43.32780994 ], [ -8.40351463, 43.32785306 ], [ -8.40346526, 43.3279365 ], [ -8.40340625, 43.32802956 ], [ -8.4033715, 43.32807896 ], [ -8.40333413, 43.32812819 ], [ -8.40330918, 43.32816084 ], [ -8.4032821, 43.32819485 ], [ -8.40324031, 43.32824774 ], [ -8.40321061, 43.32828924 ], [ -8.40319815, 43.32830667 ], [ -8.40316772, 43.32836042 ], [ -8.40313847, 43.32841943 ], [ -8.40311045, 43.32848953 ], [ -8.40309805, 43.32852439 ], [ -8.40312185, 43.32857563 ], [ -8.40312431, 43.32858095 ], [ -8.40312997, 43.32858971 ], [ -8.40314032, 43.32860561 ], [ -8.40315246, 43.32862423 ], [ -8.40315646, 43.32863033 ], [ -8.40315979, 43.32863426 ], [ -8.40317214, 43.32864883 ], [ -8.40318659, 43.3286659 ], [ -8.40319128, 43.32867143 ], [ -8.4032043, 43.32868158 ], [ -8.40321638, 43.328691 ], [ -8.40323078, 43.32870219 ], [ -8.40323683, 43.32870574 ], [ -8.40326479, 43.32872215 ], [ -8.40328572, 43.32873442 ], [ -8.40330345, 43.32874154 ], [ -8.40333265, 43.32875323 ], [ -8.40334326, 43.32875697 ], [ -8.40338101, 43.32876917 ], [ -8.40341947, 43.32878158 ], [ -8.40344335, 43.32878932 ], [ -8.40352637, 43.32881614 ], [ -8.40361509, 43.32884482 ], [ -8.40369533, 43.32887076 ], [ -8.40378342, 43.32889924 ], [ -8.40385732, 43.32892312 ], [ -8.40398283, 43.32896368 ], [ -8.40406783, 43.32899116 ], [ -8.40414173, 43.32901506 ], [ -8.40420726, 43.32903653 ], [ -8.40428065, 43.32906351 ], [ -8.40432315, 43.32907934 ], [ -8.40438687, 43.32910691 ], [ -8.40443746, 43.32912886 ], [ -8.40445641, 43.3291374 ], [ -8.40452168, 43.32917229 ], [ -8.40453939, 43.32918229 ], [ -8.40461992, 43.32923954 ], [ -8.40465599, 43.32926519 ], [ -8.40469624, 43.329294 ], [ -8.40472419, 43.32931587 ], [ -8.40483944, 43.32940602 ], [ -8.40492999, 43.32947686 ], [ -8.40499614, 43.32952859 ], [ -8.40504175, 43.32956426 ], [ -8.40509074, 43.32960259 ], [ -8.40516492, 43.32966062 ], [ -8.40521215, 43.32969755 ], [ -8.40524339, 43.329722 ], [ -8.40527782, 43.3297522 ], [ -8.40531458, 43.32978442 ], [ -8.40532195, 43.32979091 ], [ -8.40534525, 43.32981571 ], [ -8.40540512, 43.32988008 ], [ -8.40546448, 43.32994264 ], [ -8.40548103, 43.32996007 ], [ -8.4054825, 43.32996177 ], [ -8.40548102, 43.32997159 ], [ -8.40547181, 43.33003069 ], [ -8.40546513, 43.33006954 ], [ -8.40546159, 43.33008964 ], [ -8.4054485, 43.3301304 ], [ -8.40544296, 43.33014709 ], [ -8.40542584, 43.3301892 ], [ -8.40540918, 43.33022756 ], [ -8.40539481, 43.33025739 ], [ -8.40537873, 43.33029068 ], [ -8.40537412, 43.33029989 ], [ -8.40535248, 43.33033604 ], [ -8.40533766, 43.33036077 ], [ -8.40532763, 43.33037573 ], [ -8.40528946, 43.33042795 ], [ -8.40526735, 43.3304582 ], [ -8.4052481, 43.33047774 ], [ -8.40520827, 43.33051657 ], [ -8.40518842, 43.33053589 ], [ -8.40516685, 43.33055318 ], [ -8.40511575, 43.33059201 ], [ -8.40507523, 43.33062283 ], [ -8.40503952, 43.33064358 ], [ -8.40499213, 43.33067074 ], [ -8.40492917, 43.33069173 ], [ -8.40485481, 43.33071646 ], [ -8.40483064, 43.33072207 ], [ -8.4047364, 43.33074326 ], [ -8.40471243, 43.33074795 ], [ -8.40462679, 43.33075572 ], [ -8.4044907, 43.33076807 ], [ -8.40435935, 43.33077997 ], [ -8.40420166, 43.33079427 ], [ -8.40412733, 43.33080102 ], [ -8.40401302, 43.33080728 ], [ -8.40391062, 43.33080376 ], [ -8.40389937, 43.33080338 ], [ -8.40389375, 43.33080316 ], [ -8.40388937, 43.33080278 ], [ -8.40386845, 43.33080091 ], [ -8.40385691, 43.33079988 ], [ -8.40376911, 43.33079201 ], [ -8.40373451, 43.33078641 ], [ -8.40369079, 43.33077891 ], [ -8.40364456, 43.33077089 ], [ -8.40357522, 43.33075286 ], [ -8.40346874, 43.33072516 ], [ -8.40336982, 43.33069943 ], [ -8.40330074, 43.33068289 ], [ -8.40323001, 43.3306668 ], [ -8.40315136, 43.3306515 ], [ -8.40310646, 43.33064443 ], [ -8.40306641, 43.33063846 ], [ -8.40302571, 43.33063523 ], [ -8.40298968, 43.33063448 ], [ -8.40293693, 43.33063478 ], [ -8.40283499, 43.33066146 ], [ -8.40274922, 43.33065497 ], [ -8.40190792, 43.33085564 ], [ -8.40140323, 43.33105103 ], [ -8.40109761, 43.33150377 ], [ -8.40102511, 43.33156913 ], [ -8.40091632, 43.33159334 ], [ -8.40078467, 43.33158052 ], [ -8.4006147, 43.33144747 ], [ -8.40056196, 43.33148101 ], [ -8.40041871, 43.33157192 ], [ -8.4003738, 43.33159896 ] ] ] ] } },
{ "type": "Feature", "properties": { "CUSEC": "1503008006", "income_mean_household": 37658.0, "income_mean_person": 15489.0, "poverty_fixed_7500eur": 9.1, "poverty_relative_below60pct": 19.1, "affluence_relative_above200pct": 11.0, "child_poverty_relative_below60pct": null, "gini_index": 32.0, "p80p20_ratio": 2.7, "pct_under18": 14.4, "pct_over65": 23.4, "income_source_salary": 57.0, "income_source_pensions": 25.1, "income_source_unemployment": 1.3, "income_source_other_benefits": 4.5, "income_source_other_income": 12.2 }, "geometry": { "type": "MultiPolygon", "coordinates": [ [ [ [ -8.379177, 43.33042093 ], [ -8.37855259, 43.33024445 ], [ -8.38213547, 43.32878805 ], [ -8.38220759, 43.32876663 ], [ -8.38363026, 43.32784424 ], [ -8.38610824, 43.32624888 ], [ -8.38611678, 43.3262586 ], [ -8.38616291, 43.32630528 ], [ -8.38621445, 43.32635736 ], [ -8.38628635, 43.32643009 ], [ -8.38636039, 43.32650497 ], [ -8.38643276, 43.32657814 ], [ -8.38650744, 43.326654 ], [ -8.38654409, 43.32670196 ], [ -8.38657505, 43.32675748 ], [ -8.38661551, 43.32684808 ], [ -8.38663035, 43.32687827 ], [ -8.386654, 43.32692344 ], [ -8.38668891, 43.3269901 ], [ -8.38672669, 43.3270617 ], [ -8.38675497, 43.32711123 ], [ -8.38678875, 43.32717036 ], [ -8.3868232, 43.32721367 ], [ -8.38685022, 43.32723737 ], [ -8.38690274, 43.32728169 ], [ -8.38699164, 43.32734164 ], [ -8.3870659, 43.32738528 ], [ -8.38717281, 43.3274481 ], [ -8.38726741, 43.3274999 ], [ -8.38736328, 43.32755241 ], [ -8.38740804, 43.3275756 ], [ -8.38751065, 43.3276224 ], [ -8.38753626, 43.32763094 ], [ -8.38761425, 43.32765467 ], [ -8.38764945, 43.32766315 ], [ -8.38777439, 43.32769289 ], [ -8.38783501, 43.32770634 ], [ -8.38799971, 43.32774013 ], [ -8.38804887, 43.32775057 ], [ -8.38817358, 43.32777705 ], [ -8.38829293, 43.32780246 ], [ -8.38833393, 43.32781455 ], [ -8.38842164, 43.32784046 ], [ -8.38864878, 43.3279117 ], [ -8.38883509, 43.32797217 ], [ -8.3888792, 43.32800541 ], [ -8.38893825, 43.32804992 ], [ -8.38899644, 43.32809375 ], [ -8.38902869, 43.32811258 ], [ -8.38911113, 43.32816028 ], [ -8.38917531, 43.32819801 ], [ -8.38921233, 43.32822236 ], [ -8.3892761, 43.32826432 ], [ -8.3893273, 43.32829798 ], [ -8.38934895, 43.32831687 ], [ -8.38941221, 43.32837212 ], [ -8.38949241, 43.32844213 ], [ -8.38951152, 43.32845968 ], [ -8.38956052, 43.32850611 ], [ -8.38959926, 43.32854514 ], [ -8.38965802, 43.32860716 ], [ -8.38972529, 43.32868332 ], [ -8.38979402, 43.3287663 ], [ -8.38985481, 43.32884129 ], [ -8.38987758, 43.32887109 ], [ -8.38992305, 43.32893552 ], [ -8.38998232, 43.32902778 ], [ -8.3900043, 43.32906516 ], [ -8.39004747, 43.32914386 ], [ -8.39009252, 43.32923666 ], [ -8.39011388, 43.32928781 ], [ -8.39014184, 43.32935874 ], [ -8.39015596, 43.32939898 ], [ -8.39017376, 43.32945446 ], [ -8.39019711, 43.32953738 ], [ -8.39021704, 43.32962545 ], [ -8.390227, 43.32968335 ], [ -8.39023813, 43.32976645 ], [ -8.39024483, 43.32985594 ], [ -8.39025031, 43.32996723 ], [ -8.39025435, 43.33011586 ], [ -8.39025628, 43.33037565 ], [ -8.39025845, 43.33039444 ], [ -8.39010808, 43.33042066 ], [ -8.38991551, 43.33045537 ], [ -8.3898255, 43.33047282 ], [ -8.38957792, 43.33052116 ], [ -8.38927482, 43.330582 ], [ -8.38905865, 43.33062644 ], [ -8.38880569, 43.3306796 ], [ -8.38850381, 43.3307423 ], [ -8.38810985, 43.33082351 ], [ -8.38777194, 43.33089314 ], [ -8.3874474, 43.33096003 ], [ -8.38721339, 43.33100827 ], [ -8.38679517, 43.33109446 ], [ -8.38653471, 43.33114836 ], [ -8.38623645, 43.33121086 ], [ -8.38607721, 43.33124926 ], [ -8.38594532, 43.33128346 ], [ -8.38580079, 43.33132204 ], [ -8.38569158, 43.33135111 ], [ -8.38561075, 43.33139628 ], [ -8.3854232, 43.3315011 ], [ -8.38542084, 43.33150241 ], [ -8.38541404, 43.33149912 ], [ -8.38540067, 43.33149251 ], [ -8.38539422, 43.33148931 ], [ -8.38534548, 43.33146521 ], [ -8.38531648, 43.33145419 ], [ -8.38527119, 43.33143765 ], [ -8.38520575, 43.33141884 ], [ -8.38510982, 43.33140504 ], [ -8.38505194, 43.33140193 ], [ -8.38498964, 43.3314032 ], [ -8.38493339, 43.33140913 ], [ -8.3849025, 43.33141336 ], [ -8.38484329, 43.33142694 ], [ -8.38478899, 43.33143946 ], [ -8.38464096, 43.33147361 ], [ -8.3844683, 43.3315134 ], [ -8.38427305, 43.33155841 ], [ -8.38415085, 43.33158656 ], [ -8.38393721, 43.3316358 ], [ -8.38377346, 43.33167355 ], [ -8.38350732, 43.33173492 ], [ -8.38339327, 43.33176101 ], [ -8.38316401, 43.33180821 ], [ -8.3829539, 43.33185146 ], [ -8.38274771, 43.33189392 ], [ -8.38243701, 43.33195787 ], [ -8.38208932, 43.3320295 ], [ -8.38200096, 43.33204778 ], [ -8.38194805, 43.33192099 ], [ -8.38177113, 43.33149694 ], [ -8.38160469, 43.33128874 ], [ -8.38130476, 43.33110488 ], [ -8.37958973, 43.33053758 ], [ -8.379177, 43.33042093 ] ] ] ] } },
{ "type": "Feature", "properties": { "CUSEC": "1503008007", "income_mean_household": 35359.0, "income_mean_person": 15701.0, "poverty_fixed_7500eur": 7.8, "poverty_relative_below60pct": 16.4, "affluence_relative_above200pct": 8.9, "child_poverty_relative_below60pct": null, "gini_index": 28.3, "p80p20_ratio": 2.4, "pct_under18": 16.0, "pct_over65": 11.9, "income_source_salary": 72.7, "income_source_pensions": 13.4, "income_source_unemployment": 1.7, "income_source_other_benefits": 3.6, "income_source_other_income": 8.6 }, "geometry": { "type": "MultiPolygon", "coordinates": [ [ [ [ -8.38539778, 43.33775093 ], [ -8.38538517, 43.337628 ], [ -8.38512735, 43.33638961 ], [ -8.3850845, 43.33618379 ], [ -8.38443411, 43.33510722 ], [ -8.3830004, 43.33340143 ], [ -8.38297106, 43.33334879 ], [ -8.38231846, 43.33252441 ], [ -8.38208424, 43.33224737 ], [ -8.38200096, 43.33204778 ], [ -8.38208932, 43.3320295 ], [ -8.38243701, 43.33195787 ], [ -8.38274771, 43.33189392 ], [ -8.3829539, 43.33185146 ], [ -8.38316401, 43.33180821 ], [ -8.38339327, 43.33176101 ], [ -8.38350732, 43.33173492 ], [ -8.38377346, 43.33167355 ], [ -8.38393721, 43.3316358 ], [ -8.38415085, 43.33158656 ], [ -8.38427305, 43.33155841 ], [ -8.3844683, 43.3315134 ], [ -8.38464096, 43.33147361 ], [ -8.38478899, 43.33143946 ], [ -8.38484329, 43.33142694 ], [ -8.3849025, 43.33141336 ], [ -8.38493339, 43.33140913 ], [ -8.38498964, 43.3314032 ], [ -8.38505194, 43.33140193 ], [ -8.38510982, 43.33140504 ], [ -8.38520575, 43.33141884 ], [ -8.38527119, 43.33143765 ], [ -8.38531648, 43.33145419 ], [ -8.38534548, 43.33146521 ], [ -8.38539422, 43.33148931 ], [ -8.38540067, 43.33149251 ], [ -8.38541404, 43.33149912 ], [ -8.38542084, 43.33150241 ], [ -8.3854232, 43.3315011 ], [ -8.38561075, 43.33139628 ], [ -8.38569158, 43.33135111 ], [ -8.38580079, 43.33132204 ], [ -8.38594532, 43.33128346 ], [ -8.38607721, 43.33124926 ], [ -8.38623645, 43.33121086 ], [ -8.38653471, 43.33114836 ], [ -8.38679517, 43.33109446 ], [ -8.38721339, 43.33100827 ], [ -8.3874474, 43.33096003 ], [ -8.38777194, 43.33089314 ], [ -8.38810985, 43.33082351 ], [ -8.38850381, 43.3307423 ], [ -8.38880569, 43.3306796 ], [ -8.38905865, 43.33062644 ], [ -8.38927482, 43.330582 ], [ -8.38957792, 43.33052116 ], [ -8.3898255, 43.33047282 ], [ -8.38991551, 43.33045537 ], [ -8.39010808, 43.33042066 ], [ -8.39025845, 43.33039444 ], [ -8.39025628, 43.33037565 ], [ -8.39029067, 43.33036874 ], [ -8.3931673, 43.32992948 ], [ -8.39346204, 43.32988501 ], [ -8.39348851, 43.32988324 ], [ -8.39353842, 43.32987595 ], [ -8.39359547, 43.32986821 ], [ -8.39365886, 43.32985968 ], [ -8.39374548, 43.32984804 ], [ -8.39379906, 43.32984126 ], [ -8.39386695, 43.32983313 ], [ -8.39392133, 43.329828 ], [ -8.39401917, 43.32982185 ], [ -8.39414487, 43.32982072 ], [ -8.39420994, 43.32982052 ], [ -8.39426405, 43.32982327 ], [ -8.39440429, 43.32983151 ], [ -8.39450977, 43.32984109 ], [ -8.39465395, 43.32986034 ], [ -8.39475174, 43.32987629 ], [ -8.39486097, 43.32989658 ], [ -8.39508124, 43.32993889 ], [ -8.39548059, 43.33001579 ], [ -8.39568142, 43.33005416 ], [ -8.39589392, 43.33009608 ], [ -8.39616182, 43.33014747 ], [ -8.39638091, 43.33018955 ], [ -8.39662961, 43.33023805 ], [ -8.3969074, 43.33029219 ], [ -8.39716976, 43.33034343 ], [ -8.39747982, 43.33040331 ], [ -8.39773329, 43.33045153 ], [ -8.39785683, 43.33047413 ], [ -8.3979513, 43.33049311 ], [ -8.39814292, 43.33053577 ], [ -8.39823957, 43.33056019 ], [ -8.39837362, 43.33059622 ], [ -8.39849077, 43.33062887 ], [ -8.39855773, 43.3306488 ], [ -8.39862351, 43.33066943 ], [ -8.39867805, 43.33068811 ], [ -8.39876099, 43.33071622 ], [ -8.39878857, 43.33072565 ], [ -8.39882444, 43.33073793 ], [ -8.39883563, 43.33074199 ], [ -8.39886478, 43.33075331 ], [ -8.39889093, 43.33076349 ], [ -8.39893397, 43.3307794 ], [ -8.39896935, 43.33079244 ], [ -8.39899624, 43.33080317 ], [ -8.39904256, 43.33082161 ], [ -8.39909603, 43.33084221 ], [ -8.39914765, 43.33086293 ], [ -8.39918062, 43.33087639 ], [ -8.39919313, 43.33088189 ], [ -8.39922631, 43.33089685 ], [ -8.39926464, 43.33091358 ], [ -8.39929711, 43.33092766 ], [ -8.39932854, 43.33094282 ], [ -8.39937743, 43.33096639 ], [ -8.39941726, 43.3309855 ], [ -8.39945453, 43.33100421 ], [ -8.39950743, 43.33103076 ], [ -8.39952621, 43.33104063 ], [ -8.39955531, 43.33105716 ], [ -8.39958617, 43.33107414 ], [ -8.39963567, 43.33110087 ], [ -8.39968271, 43.33112638 ], [ -8.39973577, 43.33115524 ], [ -8.39976673, 43.33117289 ], [ -8.39981132, 43.33120007 ], [ -8.39987737, 43.33124108 ], [ -8.40005463, 43.33135773 ], [ -8.4001154, 43.33140276 ], [ -8.39948837, 43.33239207 ], [ -8.39792691, 43.33494312 ], [ -8.3941084, 43.33471412 ], [ -8.39391469, 43.33525206 ], [ -8.39315396, 43.33543095 ], [ -8.39294059, 43.3350123 ], [ -8.39283206, 43.33459823 ], [ -8.39180825, 43.33482766 ], [ -8.39177425, 43.33473876 ], [ -8.39137441, 43.33457188 ], [ -8.39137165, 43.33446721 ], [ -8.39059301, 43.33437063 ], [ -8.39035807, 43.33459134 ], [ -8.38995056, 43.33470588 ], [ -8.38946385, 43.33495754 ], [ -8.38929574, 43.33622662 ], [ -8.3892527, 43.3362077 ], [ -8.38898503, 43.33787287 ], [ -8.38539778, 43.33775093 ] ] ] ] } },
{ "type": "Feature", "properties": { "CUSEC": "1503009001", "income_mean_household": 35612.0, "income_mean_person": 17214.0, "poverty_fixed_7500eur": 7.6, "poverty_relative_below60pct": 20.9, "affluence_relative_above200pct": 7.2, "child_poverty_relative_below60pct": null, "gini_index": 30.5, "p80p20_ratio": 2.4, "pct_under18": 10.0, "pct_over65": 24.5, "income_source_salary": 55.7, "income_source_pensions": 20.1, "income_source_unemployment": 1.8, "income_source_other_benefits": 4.1, "income_source_other_income": 18.3 }, "geometry": { "type": "MultiPolygon", "coordinates": [ [ [ [ -8.40969745, 43.32266092 ], [ -8.41024758, 43.32290572 ], [ -8.41024227, 43.32345379 ], [ -8.41055809, 43.32406217 ], [ -8.41113114, 43.32469943 ], [ -8.41119465, 43.32477006 ], [ -8.41175558, 43.32498828 ], [ -8.41236402, 43.32583303 ], [ -8.41292081, 43.32648183 ], [ -8.41328744, 43.32738405 ], [ -8.41349893, 43.32769832 ], [ -8.41389804, 43.32801354 ], [ -8.41418584, 43.32875878 ], [ -8.41426157, 43.3292485 ], [ -8.41476251, 43.33013186 ], [ -8.41464924, 43.33075764 ], [ -8.41501949, 43.33128801 ], [ -8.41584392, 43.33199684 ], [ -8.4169098, 43.33268735 ], [ -8.41775991, 43.33351377 ], [ -8.41764947, 43.33384592 ], [ -8.41640826, 43.33466168 ], [ -8.41506946, 43.33445912 ], [ -8.4141892, 43.33398487 ], [ -8.41247622, 43.33366291 ], [ -8.41134959, 43.33487787 ], [ -8.41091895, 43.33477797 ], [ -8.41079512, 43.33485057 ], [ -8.41069996, 43.33483582 ], [ -8.41011795, 43.33474911 ], [ -8.40935904, 43.33472794 ], [ -8.40881316, 43.33475384 ], [ -8.40777675, 43.3348411 ], [ -8.40689565, 43.33520681 ], [ -8.40664661, 43.33536591 ], [ -8.40615463, 43.3356802 ], [ -8.40544973, 43.33626621 ], [ -8.40451162, 43.33724615 ], [ -8.40447797, 43.3371986 ], [ -8.40443056, 43.33713165 ], [ -8.40436629, 43.33704085 ], [ -8.40426541, 43.3368978 ], [ -8.40416874, 43.33676057 ], [ -8.40409772, 43.33665918 ], [ -8.40401258, 43.33653748 ], [ -8.40390264, 43.33637932 ], [ -8.403814, 43.33625027 ], [ -8.40376865, 43.33618423 ], [ -8.40370894, 43.33609731 ], [ -8.4036418, 43.33599954 ], [ -8.40355748, 43.33587657 ], [ -8.40348573, 43.33577148 ], [ -8.40342844, 43.33568768 ], [ -8.40331694, 43.33552413 ], [ -8.40321753, 43.33537797 ], [ -8.40314978, 43.33527755 ], [ -8.40310492, 43.33521104 ], [ -8.40307219, 43.33516255 ], [ -8.40298651, 43.33503556 ], [ -8.40295239, 43.334985 ], [ -8.40292535, 43.33494504 ], [ -8.40284744, 43.33483527 ], [ -8.40273916, 43.33468271 ], [ -8.40266022, 43.33457146 ], [ -8.40258056, 43.33445921 ], [ -8.40248744, 43.334328 ], [ -8.40243936, 43.33426024 ], [ -8.4023178, 43.33408897 ], [ -8.40224354, 43.33398433 ], [ -8.40218755, 43.33390543 ], [ -8.40206042, 43.33372631 ], [ -8.40195971, 43.33358437 ], [ -8.40189356, 43.33349116 ], [ -8.4017988, 43.33335857 ], [ -8.40174485, 43.33328323 ], [ -8.40165121, 43.33315069 ], [ -8.40157643, 43.33304537 ], [ -8.40150984, 43.3329523 ], [ -8.4014736, 43.33290169 ], [ -8.40143784, 43.33285176 ], [ -8.40136821, 43.33275423 ], [ -8.40127107, 43.33261646 ], [ -8.40117465, 43.33248298 ], [ -8.40109607, 43.33237372 ], [ -8.40099057, 43.33223482 ], [ -8.40089473, 43.33211859 ], [ -8.40080978, 43.33202077 ], [ -8.40075386, 43.33195732 ], [ -8.40065308, 43.33185518 ], [ -8.40055599, 43.33176335 ], [ -8.40043103, 43.3316486 ], [ -8.40037509, 43.33160004 ], [ -8.4003738, 43.33159896 ], [ -8.40041871, 43.33157192 ], [ -8.40056196, 43.33148101 ], [ -8.4006147, 43.33144747 ], [ -8.40078467, 43.33158052 ], [ -8.40091632, 43.33159334 ], [ -8.40102511, 43.33156913 ], [ -8.40109761, 43.33150377 ], [ -8.40140323, 43.33105103 ], [ -8.40190792, 43.33085564 ], [ -8.40274922, 43.33065497 ], [ -8.40283499, 43.33066146 ], [ -8.40293693, 43.33063478 ], [ -8.40298968, 43.33063448 ], [ -8.40302571, 43.33063523 ], [ -8.40306641, 43.33063846 ], [ -8.40310646, 43.33064443 ], [ -8.40315136, 43.3306515 ], [ -8.40323001, 43.3306668 ], [ -8.40330074, 43.33068289 ], [ -8.40336982, 43.33069943 ], [ -8.40346874, 43.33072516 ], [ -8.40357522, 43.33075286 ], [ -8.40364456, 43.33077089 ], [ -8.40369079, 43.33077891 ], [ -8.40373451, 43.33078641 ], [ -8.40376911, 43.33079201 ], [ -8.40385691, 43.33079988 ], [ -8.40386845, 43.33080091 ], [ -8.40388937, 43.33080278 ], [ -8.40389375, 43.33080316 ], [ -8.40389937, 43.33080338 ], [ -8.40391062, 43.33080376 ], [ -8.40401302, 43.33080728 ], [ -8.40412733, 43.33080102 ], [ -8.40420166, 43.33079427 ], [ -8.40435935, 43.33077997 ], [ -8.4044907, 43.33076807 ], [ -8.40462679, 43.33075572 ], [ -8.40471243, 43.33074795 ], [ -8.4047364, 43.33074326 ], [ -8.40483064, 43.33072207 ], [ -8.40485481, 43.33071646 ], [ -8.40492917, 43.33069173 ], [ -8.40499213, 43.33067074 ], [ -8.40503952, 43.33064358 ], [ -8.40507523, 43.33062283 ], [ -8.40511575, 43.33059201 ], [ -8.40516685, 43.33055318 ], [ -8.40518842, 43.33053589 ], [ -8.40520827, 43.33051657 ], [ -8.4052481, 43.33047774 ], [ -8.40526735, 43.3304582 ], [ -8.40528946, 43.33042795 ], [ -8.40532763, 43.33037573 ], [ -8.40533766, 43.33036077 ], [ -8.40535248, 43.33033604 ], [ -8.40537412, 43.33029989 ], [ -8.40537873, 43.33029068 ], [ -8.40539481, 43.33025739 ], [ -8.40540918, 43.33022756 ], [ -8.40542584, 43.3301892 ], [ -8.40544296, 43.33014709 ], [ -8.4054485, 43.3301304 ], [ -8.40546159, 43.33008964 ], [ -8.40546513, 43.33006954 ], [ -8.40547181, 43.33003069 ], [ -8.40548102, 43.32997159 ], [ -8.4054825, 43.32996177 ], [ -8.40548103, 43.32996007 ], [ -8.40546448, 43.32994264 ], [ -8.40540512, 43.32988008 ], [ -8.40534525, 43.32981571 ], [ -8.40532195, 43.32979091 ], [ -8.40531458, 43.32978442 ], [ -8.40527782, 43.3297522 ], [ -8.40524339, 43.329722 ], [ -8.40521215, 43.32969755 ], [ -8.40516492, 43.32966062 ], [ -8.40509074, 43.32960259 ], [ -8.40504175, 43.32956426 ], [ -8.40499614, 43.32952859 ], [ -8.40492999, 43.32947686 ], [ -8.40483944, 43.32940602 ], [ -8.40472419, 43.32931587 ], [ -8.40469624, 43.329294 ], [ -8.40465599, 43.32926519 ], [ -8.40461992, 43.32923954 ], [ -8.40453939, 43.32918229 ], [ -8.40452168, 43.32917229 ], [ -8.40445641, 43.3291374 ], [ -8.40443746, 43.32912886 ], [ -8.40438687, 43.32910691 ], [ -8.40432315, 43.32907934 ], [ -8.40428065, 43.32906351 ], [ -8.40420726, 43.32903653 ], [ -8.40414173, 43.32901506 ], [ -8.40406783, 43.32899116 ], [ -8.40398283, 43.32896368 ], [ -8.40385732, 43.32892312 ], [ -8.40378342, 43.32889924 ], [ -8.40369533, 43.32887076 ], [ -8.40361509, 43.32884482 ], [ -8.40352637, 43.32881614 ], [ -8.40344335, 43.32878932 ], [ -8.40341947, 43.32878158 ], [ -8.40338101, 43.32876917 ], [ -8.40334326, 43.32875697 ], [ -8.40333265, 43.32875323 ], [ -8.40330345, 43.32874154 ], [ -8.40328572, 43.32873442 ], [ -8.40326479, 43.32872215 ], [ -8.40323683, 43.32870574 ], [ -8.40323078, 43.32870219 ], [ -8.40321638, 43.328691 ], [ -8.4032043, 43.32868158 ], [ -8.40319128, 43.32867143 ], [ -8.40318659, 43.3286659 ], [ -8.40317214, 43.32864883 ], [ -8.40315979, 43.32863426 ], [ -8.40315646, 43.32863033 ], [ -8.40315246, 43.32862423 ], [ -8.40314032, 43.32860561 ], [ -8.40312997, 43.32858971 ], [ -8.40312431, 43.32858095 ], [ -8.40312185, 43.32857563 ], [ -8.40309805, 43.32852439 ], [ -8.40311045, 43.32848953 ], [ -8.40313847, 43.32841943 ], [ -8.40316772, 43.32836042 ], [ -8.40319815, 43.32830667 ], [ -8.40321061, 43.32828924 ], [ -8.40324031, 43.32824774 ], [ -8.4032821, 43.32819485 ], [ -8.40330918, 43.32816084 ], [ -8.40333413, 43.32812819 ], [ -8.4033715, 43.32807896 ], [ -8.40340625, 43.32802956 ], [ -8.40346526, 43.3279365 ], [ -8.40351463, 43.32785306 ], [ -8.4035305, 43.32780994 ], [ -8.40353986, 43.32777426 ], [ -8.4035509, 43.3277258 ], [ -8.40355194, 43.32770765 ], [ -8.40355278, 43.32769011 ], [ -8.40355257, 43.32767222 ], [ -8.403552, 43.32764787 ], [ -8.40355138, 43.32762353 ], [ -8.40353962, 43.32756 ], [ -8.40352682, 43.32752886 ], [ -8.40351244, 43.32749482 ], [ -8.40349003, 43.32744655 ], [ -8.40345354, 43.32736868 ], [ -8.40341577, 43.32729553 ], [ -8.40336699, 43.32720105 ], [ -8.4033227, 43.32711653 ], [ -8.40327216, 43.32702267 ], [ -8.40325072, 43.32697814 ], [ -8.40323168, 43.32692578 ], [ -8.40321207, 43.32684976 ], [ -8.40320092, 43.32676562 ], [ -8.40320321, 43.32671745 ], [ -8.40320664, 43.32662455 ], [ -8.40321117, 43.32659058 ], [ -8.40323062, 43.32648184 ], [ -8.40325933, 43.32636053 ], [ -8.40329344, 43.3262422 ], [ -8.40331547, 43.32618349 ], [ -8.40333734, 43.32613577 ], [ -8.40336304, 43.32609277 ], [ -8.4033898, 43.32606175 ], [ -8.40342534, 43.32602976 ], [ -8.40348483, 43.32598818 ], [ -8.40353714, 43.3259537 ], [ -8.40360751, 43.32591461 ], [ -8.40366257, 43.32588628 ], [ -8.40374088, 43.32584843 ], [ -8.40387528, 43.32578347 ], [ -8.40402144, 43.32571374 ], [ -8.40415949, 43.32565399 ], [ -8.40423433, 43.32562517 ], [ -8.40430706, 43.32559996 ], [ -8.40435793, 43.32558384 ], [ -8.40445461, 43.32555606 ], [ -8.40460834, 43.3255119 ], [ -8.40477177, 43.32546496 ], [ -8.40490888, 43.32542559 ], [ -8.40503639, 43.32539075 ], [ -8.40516508, 43.32535494 ], [ -8.40530679, 43.32531474 ], [ -8.40540172, 43.32528782 ], [ -8.4055301, 43.32525139 ], [ -8.40568215, 43.32520626 ], [ -8.40576953, 43.3251768 ], [ -8.4058605, 43.32514113 ], [ -8.40593393, 43.32510929 ], [ -8.40596353, 43.32509371 ], [ -8.40602886, 43.32505673 ], [ -8.40607361, 43.32502722 ], [ -8.40613162, 43.3249821 ], [ -8.40618047, 43.32493941 ], [ -8.40622229, 43.32489368 ], [ -8.40626479, 43.32484392 ], [ -8.40632201, 43.32477688 ], [ -8.40638597, 43.32470192 ], [ -8.40644854, 43.32462862 ], [ -8.40646846, 43.32460671 ], [ -8.4065242, 43.32455447 ], [ -8.40656048, 43.32452456 ], [ -8.40659316, 43.32449998 ], [ -8.40666668, 43.32445035 ], [ -8.40676379, 43.32438513 ], [ -8.4068506, 43.32432681 ], [ -8.40695527, 43.32425674 ], [ -8.40714409, 43.32413219 ], [ -8.40715535, 43.32412478 ], [ -8.40717899, 43.32410919 ], [ -8.40719435, 43.32409906 ], [ -8.40722238, 43.32408056 ], [ -8.40725676, 43.32405789 ], [ -8.40729642, 43.32403173 ], [ -8.40731324, 43.32402063 ], [ -8.40732695, 43.32401159 ], [ -8.40734413, 43.32400026 ], [ -8.40735412, 43.32399367 ], [ -8.40736625, 43.32398554 ], [ -8.40738815, 43.32397084 ], [ -8.40741243, 43.32395453 ], [ -8.40744562, 43.32393223 ], [ -8.40754594, 43.32386453 ], [ -8.40771927, 43.32375004 ], [ -8.40782981, 43.32367665 ], [ -8.40794939, 43.32359821 ], [ -8.40807951, 43.3235135 ], [ -8.408124, 43.3234802 ], [ -8.40827843, 43.3233666 ], [ -8.40836702, 43.32329542 ], [ -8.40842746, 43.32326366 ], [ -8.40853726, 43.32319955 ], [ -8.40865628, 43.32313269 ], [ -8.40883411, 43.32303301 ], [ -8.40886449, 43.32301887 ], [ -8.40900932, 43.3229577 ], [ -8.40919498, 43.32287496 ], [ -8.40939943, 43.32279019 ], [ -8.4095536, 43.32272246 ], [ -8.40958891, 43.32270829 ], [ -8.40969745, 43.32266092 ] ] ] ] } },
{ "type": "Feature", "properties": { "CUSEC": "1503009002", "income_mean_household": 40126.0, "income_mean_person": 16364.0, "poverty_fixed_7500eur": 7.3, "poverty_relative_below60pct": 15.9, "affluence_relative_above200pct": 13.4, "child_poverty_relative_below60pct": null, "gini_index": 31.4, "p80p20_ratio": 2.5, "pct_under18": 18.5, "pct_over65": 18.7, "income_source_salary": 65.9, "income_source_pensions": 17.8, "income_source_unemployment": 1.5, "income_source_other_benefits": 3.0, "income_source_other_income": 11.9 }, "geometry": { "type": "MultiPolygon", "coordinates": [ [ [ [ -8.41113114, 43.32469943 ], [ -8.41178854, 43.32463236 ], [ -8.41233855, 43.3246539 ], [ -8.4130705, 43.32466679 ], [ -8.41393239, 43.32467352 ], [ -8.41434823, 43.32465377 ], [ -8.41507003, 43.32455281 ], [ -8.41579437, 43.3244803 ], [ -8.41647095, 43.3244577 ], [ -8.41715006, 43.32446355 ], [ -8.41768877, 43.32450465 ], [ -8.41820403, 43.32457544 ], [ -8.4194074, 43.32489935 ], [ -8.41953596, 43.32473128 ], [ -8.41970635, 43.32444689 ], [ -8.42017397, 43.32208092 ], [ -8.42037569, 43.32009917 ], [ -8.4199645, 43.31958518 ], [ -8.41956853, 43.31924196 ], [ -8.41919772, 43.31888801 ], [ -8.41947966, 43.31868406 ], [ -8.41977689, 43.31821262 ], [ -8.41999616, 43.31774489 ], [ -8.42022896, 43.31742895 ], [ -8.42068387, 43.3165308 ], [ -8.42058138, 43.31625938 ], [ -8.42059299, 43.31609686 ], [ -8.42067071, 43.31579782 ], [ -8.42079841, 43.31562026 ], [ -8.42103512, 43.31549468 ], [ -8.42110239, 43.31522471 ], [ -8.42130889, 43.31505293 ], [ -8.4216939, 43.31483455 ], [ -8.42182159, 43.31465699 ], [ -8.42200832, 43.31440993 ], [ -8.42249926, 43.31406265 ], [ -8.4228419, 43.31380817 ], [ -8.42373056, 43.31294656 ], [ -8.42438306, 43.31236293 ], [ -8.42468192, 43.31191046 ], [ -8.42511773, 43.31182304 ], [ -8.42559873, 43.31165724 ], [ -8.42586055, 43.31152093 ], [ -8.42614582, 43.31135492 ], [ -8.42624637, 43.31131202 ], [ -8.42658869, 43.31120046 ], [ -8.42707391, 43.3110821 ], [ -8.42738939, 43.31096228 ], [ -8.42766674, 43.31085381 ], [ -8.42796698, 43.31056322 ], [ -8.42818275, 43.31049579 ], [ -8.42874422, 43.31035473 ], [ -8.42886228, 43.31021573 ], [ -8.42928648, 43.31029081 ], [ -8.42994396, 43.3106406 ], [ -8.43051418, 43.31088974 ], [ -8.43174755, 43.31158843 ], [ -8.43181315, 43.31170201 ], [ -8.43187189, 43.31177543 ], [ -8.43210886, 43.31216429 ], [ -8.43228284, 43.31221317 ], [ -8.43255567, 43.31220018 ], [ -8.43298949, 43.31223667 ], [ -8.43377155, 43.31222799 ], [ -8.43425479, 43.31223355 ], [ -8.43419688, 43.31195049 ], [ -8.43419919, 43.31164788 ], [ -8.43421299, 43.3108898 ], [ -8.43415706, 43.31070192 ], [ -8.43410212, 43.31056162 ], [ -8.4340582, 43.3104351 ], [ -8.43406976, 43.31016302 ], [ -8.43429579, 43.30926143 ], [ -8.43435559, 43.30912758 ], [ -8.43442583, 43.30896465 ], [ -8.43461356, 43.30872943 ], [ -8.43479225, 43.30857562 ], [ -8.43504309, 43.30838979 ], [ -8.43551704, 43.30814569 ], [ -8.43584766, 43.30801322 ], [ -8.43582083, 43.30800497 ], [ -8.43622531, 43.30785946 ], [ -8.4367217, 43.30764763 ], [ -8.4369623, 43.30749325 ], [ -8.43718707, 43.30723482 ], [ -8.43762102, 43.30665948 ], [ -8.43794785, 43.30673976 ], [ -8.43934457, 43.30760938 ], [ -8.44963707, 43.3140677 ], [ -8.45010186, 43.3147076 ], [ -8.44990998, 43.31493213 ], [ -8.44976314, 43.31525404 ], [ -8.44966618, 43.31586512 ], [ -8.44975701, 43.31607653 ], [ -8.45010697, 43.31632804 ], [ -8.45006589, 43.31649328 ], [ -8.44995702, 43.31661511 ], [ -8.44974344, 43.31690522 ], [ -8.44964781, 43.31735296 ], [ -8.44948455, 43.31766982 ], [ -8.44954357, 43.31788275 ], [ -8.44934745, 43.31818952 ], [ -8.4492177, 43.3184348 ], [ -8.44897349, 43.31865057 ], [ -8.44861379, 43.3188252 ], [ -8.44793547, 43.31900922 ], [ -8.44770107, 43.31906707 ], [ -8.44741961, 43.31904553 ], [ -8.44699956, 43.31917056 ], [ -8.44666073, 43.31922174 ], [ -8.44615423, 43.31936255 ], [ -8.44596151, 43.3195292 ], [ -8.44580492, 43.31965331 ], [ -8.44560878, 43.31996007 ], [ -8.44541933, 43.32007408 ], [ -8.44535942, 43.32038599 ], [ -8.44531103, 43.32046994 ], [ -8.44516602, 43.32063431 ], [ -8.44492923, 43.32084388 ], [ -8.44484004, 43.32091811 ], [ -8.44421185, 43.32121635 ], [ -8.44395208, 43.32152614 ], [ -8.44376647, 43.32186156 ], [ -8.44319981, 43.32213352 ], [ -8.4424454, 43.32244943 ], [ -8.44148041, 43.32282204 ], [ -8.44123256, 43.32326538 ], [ -8.4412636, 43.32370124 ], [ -8.44122533, 43.32396463 ], [ -8.44111506, 43.32398442 ], [ -8.44080348, 43.32403779 ], [ -8.44047963, 43.32410136 ], [ -8.44015492, 43.32415535 ], [ -8.43979083, 43.32421122 ], [ -8.43958511, 43.32426915 ], [ -8.43935656, 43.32436667 ], [ -8.43928638, 43.32446625 ], [ -8.43925644, 43.32457355 ], [ -8.43914576, 43.3248098 ], [ -8.43905303, 43.3248046 ], [ -8.43877395, 43.32477941 ], [ -8.43848261, 43.32476444 ], [ -8.4382569, 43.32474633 ], [ -8.43808541, 43.32474489 ], [ -8.43800751, 43.32475823 ], [ -8.43787625, 43.32476449 ], [ -8.43767936, 43.32477388 ], [ -8.43745708, 43.3247941 ], [ -8.4371569, 43.32482766 ], [ -8.43683218, 43.32488164 ], [ -8.43662388, 43.32491082 ], [ -8.43638933, 43.32494125 ], [ -8.43631144, 43.32495216 ], [ -8.43614473, 43.32483012 ], [ -8.43603281, 43.32473192 ], [ -8.43594741, 43.32464187 ], [ -8.43593819, 43.32453877 ], [ -8.43587064, 43.32450434 ], [ -8.43568086, 43.32440044 ], [ -8.43557675, 43.32424539 ], [ -8.43528065, 43.32425009 ], [ -8.43486901, 43.3242603 ], [ -8.43478166, 43.3242927 ], [ -8.4346918, 43.32429698 ], [ -8.43446491, 43.32435486 ], [ -8.43414816, 43.32441702 ], [ -8.43385709, 43.32447795 ], [ -8.43350434, 43.32457006 ], [ -8.43326713, 43.32465667 ], [ -8.43276619, 43.32482173 ], [ -8.43222841, 43.32500736 ], [ -8.431891, 43.32512697 ], [ -8.43199232, 43.32539511 ], [ -8.4320688, 43.32567384 ], [ -8.43205961, 43.32600371 ], [ -8.43197003, 43.32612736 ], [ -8.43196779, 43.32613045 ], [ -8.43175987, 43.32611212 ], [ -8.43153911, 43.3260944 ], [ -8.43129184, 43.32606852 ], [ -8.43090754, 43.32609624 ], [ -8.43067646, 43.32610725 ], [ -8.43028183, 43.32616369 ], [ -8.43007893, 43.32620159 ], [ -8.42977501, 43.32626313 ], [ -8.42955062, 43.32634911 ], [ -8.42934075, 43.32645323 ], [ -8.42912054, 43.32658608 ], [ -8.42895337, 43.32673523 ], [ -8.42876638, 43.32695121 ], [ -8.42854003, 43.32715964 ], [ -8.42825591, 43.32758732 ], [ -8.42837648, 43.32763806 ], [ -8.4291197, 43.32787563 ], [ -8.42954114, 43.32811911 ], [ -8.42986043, 43.32808508 ], [ -8.4302628, 43.32816823 ], [ -8.43026763, 43.32816923 ], [ -8.43020567, 43.32834161 ], [ -8.43020204, 43.32844531 ], [ -8.4301906, 43.32860587 ], [ -8.43008762, 43.32875196 ], [ -8.43002483, 43.32891497 ], [ -8.42997236, 43.32904924 ], [ -8.4299344, 43.32920165 ], [ -8.42985709, 43.32934652 ], [ -8.4297876, 43.32943454 ], [ -8.42970359, 43.32950443 ], [ -8.42950487, 43.32958919 ], [ -8.4299252, 43.3299645 ], [ -8.42967066, 43.33014604 ], [ -8.42953362, 43.33019963 ], [ -8.42937006, 43.33024507 ], [ -8.4290823, 43.33034348 ], [ -8.42882804, 43.33038383 ], [ -8.42781013, 43.33053583 ], [ -8.42764796, 43.33074121 ], [ -8.42747157, 43.33078725 ], [ -8.42738057, 43.33092336 ], [ -8.42736327, 43.33101831 ], [ -8.42735182, 43.33117887 ], [ -8.42731051, 43.33129378 ], [ -8.427229, 43.33139179 ], [ -8.42740065, 43.33158128 ], [ -8.42756812, 43.33172391 ], [ -8.42773558, 43.33186654 ], [ -8.42775596, 43.33195028 ], [ -8.4275229, 43.33208374 ], [ -8.42717762, 43.33226018 ], [ -8.42700206, 43.3323156 ], [ -8.42675699, 43.33245904 ], [ -8.42651359, 43.33262123 ], [ -8.42640055, 43.33265484 ], [ -8.42631067, 43.33265912 ], [ -8.42622247, 43.33268214 ], [ -8.42609826, 43.33273512 ], [ -8.42605025, 43.33277505 ], [ -8.42597656, 43.33281621 ], [ -8.42591236, 43.33281926 ], [ -8.42586435, 43.3328592 ], [ -8.42581969, 43.33293662 ], [ -8.42574935, 43.33301527 ], [ -8.42562848, 43.33310574 ], [ -8.42554279, 43.33315688 ], [ -8.4254144, 43.33316299 ], [ -8.42524915, 43.33318967 ], [ -8.42522766, 43.33323776 ], [ -8.42518299, 43.33331518 ], [ -8.42513331, 43.33333637 ], [ -8.42505627, 43.33334004 ], [ -8.42492788, 43.33334615 ], [ -8.42490554, 43.33338486 ], [ -8.42485837, 43.33343417 ], [ -8.424759, 43.33347654 ], [ -8.42469396, 43.33347022 ], [ -8.42461944, 43.33350201 ], [ -8.42462195, 43.33353013 ], [ -8.42456193, 43.33358004 ], [ -8.42452843, 43.33363811 ], [ -8.4244846, 43.33372491 ], [ -8.42444161, 43.33382108 ], [ -8.42445834, 43.33400854 ], [ -8.4244801, 43.33425223 ], [ -8.4245348, 43.33428727 ], [ -8.42457918, 43.33435105 ], [ -8.42450465, 43.33438283 ], [ -8.42444213, 43.33440463 ], [ -8.42432992, 43.33444762 ], [ -8.42428274, 43.33449693 ], [ -8.42423305, 43.33451812 ], [ -8.42419286, 43.3345012 ], [ -8.42413983, 43.3344849 ], [ -8.4241108, 43.33444863 ], [ -8.4240466, 43.33445169 ], [ -8.42403543, 43.33447104 ], [ -8.42395057, 43.33453155 ], [ -8.42390089, 43.33455274 ], [ -8.42390507, 43.33459961 ], [ -8.42391093, 43.33466522 ], [ -8.4238364, 43.334697 ], [ -8.42374485, 43.33468253 ], [ -8.42366781, 43.33468619 ], [ -8.42362397, 43.33477299 ], [ -8.4235341, 43.33477727 ], [ -8.42352628, 43.33483411 ], [ -8.4234269, 43.33487649 ], [ -8.42336605, 43.33491703 ], [ -8.42336074, 43.335002 ], [ -8.42331272, 43.33504193 ], [ -8.42318851, 43.3350949 ], [ -8.42305228, 43.33515786 ], [ -8.42291857, 43.33524893 ], [ -8.42282338, 43.33533817 ], [ -8.4228069, 43.33544249 ], [ -8.42285128, 43.33550627 ], [ -8.42288281, 43.33557066 ], [ -8.42295454, 43.33565196 ], [ -8.42296123, 43.33572694 ], [ -8.42291573, 43.33579499 ], [ -8.42278816, 43.33581047 ], [ -8.42268628, 43.33582473 ], [ -8.42261426, 43.33588463 ], [ -8.42262011, 43.33595024 ], [ -8.42258828, 43.33602705 ], [ -8.42259832, 43.33613952 ], [ -8.42246992, 43.33614563 ], [ -8.42238422, 43.33619677 ], [ -8.42226083, 43.33625911 ], [ -8.42223348, 43.33624159 ], [ -8.42216761, 43.3362259 ], [ -8.42210006, 43.33619146 ], [ -8.42198366, 43.33618758 ], [ -8.42193899, 43.33626501 ], [ -8.4219507, 43.33639622 ], [ -8.4219599, 43.33649932 ], [ -8.42186387, 43.33657919 ], [ -8.42184521, 43.33659177 ], [ -8.42060976, 43.33645492 ], [ -8.41961522, 43.33620684 ], [ -8.4185547, 43.33602382 ], [ -8.41812241, 43.33600625 ], [ -8.41684183, 43.33615215 ], [ -8.41134959, 43.33487787 ], [ -8.41247622, 43.33366291 ], [ -8.4141892, 43.33398487 ], [ -8.41506946, 43.33445912 ], [ -8.41640826, 43.33466168 ], [ -8.41764947, 43.33384592 ], [ -8.41775991, 43.33351377 ], [ -8.4169098, 43.33268735 ], [ -8.41584392, 43.33199684 ], [ -8.41501949, 43.33128801 ], [ -8.41464924, 43.33075764 ], [ -8.41476251, 43.33013186 ], [ -8.41426157, 43.3292485 ], [ -8.41418584, 43.32875878 ], [ -8.41389804, 43.32801354 ], [ -8.41349893, 43.32769832 ], [ -8.41328744, 43.32738405 ], [ -8.41292081, 43.32648183 ], [ -8.41236402, 43.32583303 ], [ -8.41175558, 43.32498828 ], [ -8.41119465, 43.32477006 ], [ -8.41113114, 43.32469943 ] ] ] ] } },
{ "type": "Feature", "properties": { "CUSEC": "1503009003", "income_mean_household": 39055.0, "income_mean_person": 14540.0, "poverty_fixed_7500eur": 3.4, "poverty_relative_below60pct": 10.6, "affluence_relative_above200pct": 6.7, "child_poverty_relative_below60pct": 12.3, "gini_index": 23.4, "p80p20_ratio": 1.9, "pct_under18": 30.6, "pct_over65": 5.2, "income_source_salary": 84.6, "income_source_pensions": 5.1, "income_source_unemployment": 1.4, "income_source_other_benefits": 3.2, "income_source_other_income": 5.8 }, "geometry": { "type": "MultiPolygon", "coordinates": [ [ [ [ -8.43324306, 43.34472586 ], [ -8.43299259, 43.34435688 ], [ -8.43266989, 43.34401032 ], [ -8.43241098, 43.3437246 ], [ -8.43224489, 43.34349833 ], [ -8.43184265, 43.34324072 ], [ -8.43143662, 43.34294072 ], [ -8.43083357, 43.34239461 ], [ -8.4298782, 43.34182271 ], [ -8.42927707, 43.3412978 ], [ -8.42850358, 43.34080238 ], [ -8.42782482, 43.34038761 ], [ -8.42760824, 43.34024889 ], [ -8.42825417, 43.33964331 ], [ -8.4283533, 43.33944698 ], [ -8.42833057, 43.33919258 ], [ -8.4280717, 43.33890685 ], [ -8.42781662, 43.33866351 ], [ -8.4276815, 43.33845705 ], [ -8.42500692, 43.33660851 ], [ -8.42500772, 43.33660734 ], [ -8.42508738, 43.33648819 ], [ -8.42510226, 43.33640199 ], [ -8.42511963, 43.33629611 ], [ -8.42507132, 43.33632415 ], [ -8.42497765, 43.33638114 ], [ -8.42484026, 43.33647008 ], [ -8.42470504, 43.3365517 ], [ -8.42455677, 43.33664526 ], [ -8.42446228, 43.33667758 ], [ -8.42424763, 43.33675473 ], [ -8.42409597, 43.33681036 ], [ -8.42389567, 43.33687795 ], [ -8.42360407, 43.33697811 ], [ -8.42339326, 43.33704899 ], [ -8.4233242, 43.33706564 ], [ -8.42325409, 43.33708102 ], [ -8.42310075, 43.33711842 ], [ -8.42304078, 43.33712395 ], [ -8.42280718, 43.33714509 ], [ -8.42255005, 43.33716936 ], [ -8.42238538, 43.33718253 ], [ -8.42235545, 43.33718596 ], [ -8.42224651, 43.33718713 ], [ -8.42207281, 43.33719137 ], [ -8.42188803, 43.33719481 ], [ -8.42178008, 43.3371966 ], [ -8.42175496, 43.33719245 ], [ -8.42158683, 43.33717703 ], [ -8.4213908, 43.33715693 ], [ -8.42135144, 43.33715315 ], [ -8.4213904, 43.3370535 ], [ -8.42160844, 43.33675135 ], [ -8.42184521, 43.33659177 ], [ -8.42186387, 43.33657919 ], [ -8.4219599, 43.33649932 ], [ -8.4219507, 43.33639622 ], [ -8.42193899, 43.33626501 ], [ -8.42198366, 43.33618758 ], [ -8.42210006, 43.33619146 ], [ -8.42216761, 43.3362259 ], [ -8.42223348, 43.33624159 ], [ -8.42226083, 43.33625911 ], [ -8.42238422, 43.33619677 ], [ -8.42246992, 43.33614563 ], [ -8.42259832, 43.33613952 ], [ -8.42258828, 43.33602705 ], [ -8.42262011, 43.33595024 ], [ -8.42261426, 43.33588463 ], [ -8.42268628, 43.33582473 ], [ -8.42278816, 43.33581047 ], [ -8.42291573, 43.33579499 ], [ -8.42296123, 43.33572694 ], [ -8.42295454, 43.33565196 ], [ -8.42288281, 43.33557066 ], [ -8.42285128, 43.33550627 ], [ -8.4228069, 43.33544249 ], [ -8.42282338, 43.33533817 ], [ -8.42291857, 43.33524893 ], [ -8.42305228, 43.33515786 ], [ -8.42318851, 43.3350949 ], [ -8.42331272, 43.33504193 ], [ -8.42336074, 43.335002 ], [ -8.42336605, 43.33491703 ], [ -8.4234269, 43.33487649 ], [ -8.42352628, 43.33483411 ], [ -8.4235341, 43.33477727 ], [ -8.42362397, 43.33477299 ], [ -8.42366781, 43.33468619 ], [ -8.42374485, 43.33468253 ], [ -8.4238364, 43.334697 ], [ -8.42391093, 43.33466522 ], [ -8.42390507, 43.33459961 ], [ -8.42390089, 43.33455274 ], [ -8.42395057, 43.33453155 ], [ -8.42403543, 43.33447104 ], [ -8.4240466, 43.33445169 ], [ -8.4241108, 43.33444863 ], [ -8.42413983, 43.3344849 ], [ -8.42419286, 43.3345012 ], [ -8.42423305, 43.33451812 ], [ -8.42428274, 43.33449693 ], [ -8.42432992, 43.33444762 ], [ -8.42444213, 43.33440463 ], [ -8.42450465, 43.33438283 ], [ -8.42457918, 43.33435105 ], [ -8.4245348, 43.33428727 ], [ -8.4244801, 43.33425223 ], [ -8.42445834, 43.33400854 ], [ -8.42444161, 43.33382108 ], [ -8.4244846, 43.33372491 ], [ -8.42452843, 43.33363811 ], [ -8.42456193, 43.33358004 ], [ -8.42462195, 43.33353013 ], [ -8.42461944, 43.33350201 ], [ -8.42469396, 43.33347022 ], [ -8.424759, 43.33347654 ], [ -8.42485837, 43.33343417 ], [ -8.42490554, 43.33338486 ], [ -8.42492788, 43.33334615 ], [ -8.42505627, 43.33334004 ], [ -8.42513331, 43.33333637 ], [ -8.42518299, 43.33331518 ], [ -8.42522766, 43.33323776 ], [ -8.42524915, 43.33318967 ], [ -8.4254144, 43.33316299 ], [ -8.42554279, 43.33315688 ], [ -8.42562848, 43.33310574 ], [ -8.42574935, 43.33301527 ], [ -8.42581969, 43.33293662 ], [ -8.42586435, 43.3328592 ], [ -8.42591236, 43.33281926 ], [ -8.42597656, 43.33281621 ], [ -8.42605025, 43.33277505 ], [ -8.42609826, 43.33273512 ], [ -8.42622247, 43.33268214 ], [ -8.42631067, 43.33265912 ], [ -8.42640055, 43.33265484 ], [ -8.42651359, 43.33262123 ], [ -8.42675699, 43.33245904 ], [ -8.42700206, 43.3323156 ], [ -8.42717762, 43.33226018 ], [ -8.4275229, 43.33208374 ], [ -8.42775596, 43.33195028 ], [ -8.42773558, 43.33186654 ], [ -8.42756812, 43.33172391 ], [ -8.42740065, 43.33158128 ], [ -8.427229, 43.33139179 ], [ -8.42731051, 43.33129378 ], [ -8.42735182, 43.33117887 ], [ -8.42736327, 43.33101831 ], [ -8.42738057, 43.33092336 ], [ -8.42747157, 43.33078725 ], [ -8.42764796, 43.33074121 ], [ -8.42781013, 43.33053583 ], [ -8.42882804, 43.33038383 ], [ -8.4290823, 43.33034348 ], [ -8.42937006, 43.33024507 ], [ -8.42953362, 43.33019963 ], [ -8.42967066, 43.33014604 ], [ -8.4299252, 43.3299645 ], [ -8.42950487, 43.32958919 ], [ -8.42970359, 43.32950443 ], [ -8.4297876, 43.32943454 ], [ -8.42985709, 43.32934652 ], [ -8.4299344, 43.32920165 ], [ -8.42997236, 43.32904924 ], [ -8.43002483, 43.32891497 ], [ -8.43008762, 43.32875196 ], [ -8.4301906, 43.32860587 ], [ -8.43020204, 43.32844531 ], [ -8.43020567, 43.32834161 ], [ -8.43026763, 43.32816923 ], [ -8.4302628, 43.32816823 ], [ -8.42998628, 43.32795578 ], [ -8.430124, 43.32774438 ], [ -8.43019547, 43.32752185 ], [ -8.43035522, 43.32733799 ], [ -8.43052486, 43.32719176 ], [ -8.43069959, 43.32710246 ], [ -8.43093449, 43.32702934 ], [ -8.43109919, 43.32697386 ], [ -8.43125993, 43.32694715 ], [ -8.43146926, 43.32688002 ], [ -8.43165006, 43.32678566 ], [ -8.43176065, 43.32670894 ], [ -8.43191602, 43.3265491 ], [ -8.43201729, 43.32636802 ], [ -8.43205218, 43.32624726 ], [ -8.43207929, 43.32611259 ], [ -8.43206799, 43.32613218 ], [ -8.43197003, 43.32612736 ], [ -8.43205961, 43.32600371 ], [ -8.4320688, 43.32567384 ], [ -8.43199232, 43.32539511 ], [ -8.431891, 43.32512697 ], [ -8.43222841, 43.32500736 ], [ -8.43276619, 43.32482173 ], [ -8.43326713, 43.32465667 ], [ -8.43350434, 43.32457006 ], [ -8.43385709, 43.32447795 ], [ -8.43414816, 43.32441702 ], [ -8.43446491, 43.32435486 ], [ -8.4346918, 43.32429698 ], [ -8.43478166, 43.3242927 ], [ -8.43486901, 43.3242603 ], [ -8.43528065, 43.32425009 ], [ -8.43557675, 43.32424539 ], [ -8.43568086, 43.32440044 ], [ -8.43587064, 43.32450434 ], [ -8.43593819, 43.32453877 ], [ -8.43594741, 43.32464187 ], [ -8.43603281, 43.32473192 ], [ -8.43614473, 43.32483012 ], [ -8.43631144, 43.32495216 ], [ -8.43633787, 43.32497151 ], [ -8.43644031, 43.32510782 ], [ -8.43647269, 43.32518157 ], [ -8.43665048, 43.32529546 ], [ -8.43685646, 43.32543624 ], [ -8.43721901, 43.32559779 ], [ -8.43748415, 43.32567927 ], [ -8.43764407, 43.32573753 ], [ -8.43795553, 43.32576032 ], [ -8.43831751, 43.3257713 ], [ -8.43874199, 43.32576046 ], [ -8.43908861, 43.32574393 ], [ -8.43941207, 43.32575673 ], [ -8.43976204, 43.32577769 ], [ -8.44020104, 43.32578498 ], [ -8.44056385, 43.32580532 ], [ -8.44099085, 43.32582259 ], [ -8.441207, 43.32583204 ], [ -8.44142469, 43.32584425 ], [ -8.44170736, 43.325891 ], [ -8.44190518, 43.32591167 ], [ -8.44210299, 43.32593235 ], [ -8.44219187, 43.32600341 ], [ -8.44232652, 43.32612499 ], [ -8.44237902, 43.3262505 ], [ -8.44236499, 43.32643942 ], [ -8.44236479, 43.32655238 ], [ -8.44251395, 43.3266055 ], [ -8.44270908, 43.32659618 ], [ -8.44293993, 43.32652492 ], [ -8.44314822, 43.32643215 ], [ -8.44325582, 43.32636677 ], [ -8.44344337, 43.32638794 ], [ -8.4437008, 43.32638318 ], [ -8.4437651, 43.32641023 ], [ -8.44379927, 43.32644625 ], [ -8.44391359, 43.32645585 ], [ -8.44428667, 43.32647568 ], [ -8.44463163, 43.32652698 ], [ -8.4448308, 43.32656265 ], [ -8.44498821, 43.32659278 ], [ -8.44517576, 43.32661395 ], [ -8.44533788, 43.32669657 ], [ -8.44547321, 43.32682564 ], [ -8.44562573, 43.32691625 ], [ -8.44578986, 43.32702136 ], [ -8.44624233, 43.3266609 ], [ -8.44628005, 43.32662145 ], [ -8.44670977, 43.32635243 ], [ -8.44709235, 43.32601789 ], [ -8.44729256, 43.32583514 ], [ -8.44737598, 43.32561867 ], [ -8.44744571, 43.32549768 ], [ -8.44756539, 43.32557432 ], [ -8.44784449, 43.32563158 ], [ -8.44834825, 43.3256781 ], [ -8.44896416, 43.32517805 ], [ -8.4492083, 43.32502519 ], [ -8.44928223, 43.32495106 ], [ -8.44975762, 43.32468127 ], [ -8.44995753, 43.32475407 ], [ -8.4501222, 43.32479326 ], [ -8.4503713, 43.32487548 ], [ -8.45057962, 43.325042 ], [ -8.45065536, 43.3251678 ], [ -8.4507887, 43.32539674 ], [ -8.4508847, 43.32556864 ], [ -8.45094755, 43.32573035 ], [ -8.45119981, 43.32584771 ], [ -8.45172725, 43.32579896 ], [ -8.45183061, 43.32605286 ], [ -8.45229071, 43.32597203 ], [ -8.4525572, 43.3258887 ], [ -8.45274661, 43.32584434 ], [ -8.45283343, 43.3257343 ], [ -8.45331932, 43.32558164 ], [ -8.45335945, 43.32559166 ], [ -8.45351714, 43.32563101 ], [ -8.45366654, 43.32585917 ], [ -8.45376885, 43.32610136 ], [ -8.4538617, 43.3262381 ], [ -8.45391509, 43.32629438 ], [ -8.4543923, 43.32622449 ], [ -8.45477742, 43.32620606 ], [ -8.45506942, 43.32622739 ], [ -8.45531117, 43.32622759 ], [ -8.45555713, 43.32627465 ], [ -8.45571604, 43.32630505 ], [ -8.45438261, 43.33123324 ], [ -8.44924604, 43.33336036 ], [ -8.44916249, 43.33339135 ], [ -8.44873644, 43.33358235 ], [ -8.44010416, 43.3374519 ], [ -8.44042289, 43.34004736 ], [ -8.44439432, 43.34101007 ], [ -8.4444513, 43.34102446 ], [ -8.4444372, 43.34106261 ], [ -8.44437595, 43.34120217 ], [ -8.44427003, 43.34147637 ], [ -8.44418573, 43.34167501 ], [ -8.4440928, 43.34179925 ], [ -8.44406812, 43.34189934 ], [ -8.44401498, 43.34201984 ], [ -8.44394056, 43.34214992 ], [ -8.44386954, 43.34223836 ], [ -8.44374845, 43.3423796 ], [ -8.44358219, 43.34250509 ], [ -8.44351105, 43.34255152 ], [ -8.44324876, 43.34270931 ], [ -8.442903, 43.34290725 ], [ -8.4425919, 43.34307793 ], [ -8.44253197, 43.34311075 ], [ -8.44249103, 43.34313316 ], [ -8.44247457, 43.34314217 ], [ -8.44245644, 43.34315104 ], [ -8.44241709, 43.34316998 ], [ -8.44237509, 43.34319014 ], [ -8.44232474, 43.34321429 ], [ -8.44228166, 43.34323424 ], [ -8.44218468, 43.34327902 ], [ -8.4420192, 43.34335547 ], [ -8.44181372, 43.3434504 ], [ -8.44171968, 43.34349384 ], [ -8.44160322, 43.3435445 ], [ -8.4414828, 43.34359665 ], [ -8.44133266, 43.34366018 ], [ -8.44121438, 43.34370778 ], [ -8.44107937, 43.34376109 ], [ -8.44093784, 43.34381683 ], [ -8.44081688, 43.34386462 ], [ -8.44069772, 43.34391314 ], [ -8.44061733, 43.34394458 ], [ -8.44053266, 43.34397618 ], [ -8.44043429, 43.34401008 ], [ -8.44036242, 43.34403473 ], [ -8.44027557, 43.34406378 ], [ -8.44017932, 43.34409597 ], [ -8.44002859, 43.34414311 ], [ -8.4399665, 43.34416171 ], [ -8.43983931, 43.34419774 ], [ -8.43971776, 43.34423166 ], [ -8.43962476, 43.3442566 ], [ -8.43957747, 43.34426844 ], [ -8.43944348, 43.34430108 ], [ -8.43931317, 43.34433143 ], [ -8.43918297, 43.34435992 ], [ -8.43906094, 43.34438571 ], [ -8.43892648, 43.34441139 ], [ -8.43869242, 43.34445436 ], [ -8.43852237, 43.34448332 ], [ -8.43844803, 43.34449455 ], [ -8.43827149, 43.34451662 ], [ -8.43812942, 43.3445351 ], [ -8.43793042, 43.34455656 ], [ -8.43775294, 43.34457328 ], [ -8.437683, 43.344579 ], [ -8.43740852, 43.34460143 ], [ -8.43722083, 43.34461264 ], [ -8.43698113, 43.34461973 ], [ -8.43681894, 43.34462107 ], [ -8.43664526, 43.34462063 ], [ -8.43645744, 43.34461893 ], [ -8.43632312, 43.34461567 ], [ -8.43613212, 43.34461095 ], [ -8.43576197, 43.34460198 ], [ -8.43553582, 43.34459504 ], [ -8.43531502, 43.34458981 ], [ -8.43512679, 43.34458663 ], [ -8.43496061, 43.34458557 ], [ -8.43480579, 43.34458626 ], [ -8.43457997, 43.34458867 ], [ -8.43438542, 43.3445939 ], [ -8.43420671, 43.34460284 ], [ -8.43403952, 43.34461758 ], [ -8.43389981, 43.34463134 ], [ -8.43385189, 43.34463635 ], [ -8.43381898, 43.3446398 ], [ -8.43378194, 43.34464367 ], [ -8.43373837, 43.34464823 ], [ -8.43370422, 43.34465229 ], [ -8.43361086, 43.34466513 ], [ -8.43355437, 43.34467291 ], [ -8.43352112, 43.34467765 ], [ -8.43344558, 43.34469017 ], [ -8.4333635, 43.34470378 ], [ -8.43332039, 43.34471114 ], [ -8.43324649, 43.34472521 ], [ -8.43324306, 43.34472586 ] ] ] ] } },
{ "type": "Feature", "properties": { "CUSEC": "1503009004", "income_mean_household": 32714.0, "income_mean_person": 13205.0, "poverty_fixed_7500eur": 7.3, "poverty_relative_below60pct": 17.4, "affluence_relative_above200pct": 3.5, "child_poverty_relative_below60pct": 17.4, "gini_index": 25.3, "p80p20_ratio": 2.1, "pct_under18": 24.6, "pct_over65": 6.6, "income_source_salary": 82.6, "income_source_pensions": 6.6, "income_source_unemployment": 2.1, "income_source_other_benefits": 3.6, "income_source_other_income": 5.1 }, "geometry": { "type": "MultiPolygon", "coordinates": [ [ [ [ -8.43631144, 43.32495216 ], [ -8.43638933, 43.32494125 ], [ -8.43662388, 43.32491082 ], [ -8.43683218, 43.32488164 ], [ -8.4371569, 43.32482766 ], [ -8.43745708, 43.3247941 ], [ -8.43767936, 43.32477388 ], [ -8.43787625, 43.32476449 ], [ -8.43800751, 43.32475823 ], [ -8.43808541, 43.32474489 ], [ -8.4382569, 43.32474633 ], [ -8.43848261, 43.32476444 ], [ -8.43877395, 43.32477941 ], [ -8.43905303, 43.3248046 ], [ -8.43914576, 43.3248098 ], [ -8.43967674, 43.3246777 ], [ -8.44089801, 43.32452358 ], [ -8.44169888, 43.32441064 ], [ -8.44248396, 43.32424395 ], [ -8.44405945, 43.32381209 ], [ -8.44470781, 43.3236209 ], [ -8.44461711, 43.32327279 ], [ -8.44496943, 43.32308444 ], [ -8.4456711, 43.32281889 ], [ -8.44612552, 43.32250238 ], [ -8.44661588, 43.32235644 ], [ -8.44677626, 43.32302264 ], [ -8.44763863, 43.32279734 ], [ -8.44924552, 43.32248809 ], [ -8.44981224, 43.32263253 ], [ -8.45021264, 43.32297305 ], [ -8.45082372, 43.32360017 ], [ -8.4512203, 43.32400824 ], [ -8.45156998, 43.32407925 ], [ -8.45226339, 43.32432865 ], [ -8.45261934, 43.32463834 ], [ -8.45273959, 43.3249811 ], [ -8.45335072, 43.32547462 ], [ -8.45335945, 43.32559166 ], [ -8.45331932, 43.32558164 ], [ -8.45283343, 43.3257343 ], [ -8.45274661, 43.32584434 ], [ -8.4525572, 43.3258887 ], [ -8.45229071, 43.32597203 ], [ -8.45183061, 43.32605286 ], [ -8.45172725, 43.32579896 ], [ -8.45119981, 43.32584771 ], [ -8.45094755, 43.32573035 ], [ -8.4508847, 43.32556864 ], [ -8.4507887, 43.32539674 ], [ -8.45065536, 43.3251678 ], [ -8.45057962, 43.325042 ], [ -8.4503713, 43.32487548 ], [ -8.4501222, 43.32479326 ], [ -8.44995753, 43.32475407 ], [ -8.44975762, 43.32468127 ], [ -8.44928223, 43.32495106 ], [ -8.4492083, 43.32502519 ], [ -8.44896416, 43.32517805 ], [ -8.44834825, 43.3256781 ], [ -8.44784449, 43.32563158 ], [ -8.44756539, 43.32557432 ], [ -8.44744571, 43.32549768 ], [ -8.44737598, 43.32561867 ], [ -8.44729256, 43.32583514 ], [ -8.44709235, 43.32601789 ], [ -8.44670977, 43.32635243 ], [ -8.44628005, 43.32662145 ], [ -8.44624233, 43.3266609 ], [ -8.44578986, 43.32702136 ], [ -8.44562573, 43.32691625 ], [ -8.44547321, 43.32682564 ], [ -8.44533788, 43.32669657 ], [ -8.44517576, 43.32661395 ], [ -8.44498821, 43.32659278 ], [ -8.4448308, 43.32656265 ], [ -8.44463163, 43.32652698 ], [ -8.44428667, 43.32647568 ], [ -8.44391359, 43.32645585 ], [ -8.44379927, 43.32644625 ], [ -8.4437651, 43.32641023 ], [ -8.4437008, 43.32638318 ], [ -8.44344337, 43.32638794 ], [ -8.44325582, 43.32636677 ], [ -8.44314822, 43.32643215 ], [ -8.44293993, 43.32652492 ], [ -8.44270908, 43.32659618 ], [ -8.44251395, 43.3266055 ], [ -8.44236479, 43.32655238 ], [ -8.44236499, 43.32643942 ], [ -8.44237902, 43.3262505 ], [ -8.44232652, 43.32612499 ], [ -8.44219187, 43.32600341 ], [ -8.44210299, 43.32593235 ], [ -8.44190518, 43.32591167 ], [ -8.44170736, 43.325891 ], [ -8.44142469, 43.32584425 ], [ -8.441207, 43.32583204 ], [ -8.44099085, 43.32582259 ], [ -8.44056385, 43.32580532 ], [ -8.44020104, 43.32578498 ], [ -8.43976204, 43.32577769 ], [ -8.43941207, 43.32575673 ], [ -8.43908861, 43.32574393 ], [ -8.43874199, 43.32576046 ], [ -8.43831751, 43.3257713 ], [ -8.43795553, 43.32576032 ], [ -8.43764407, 43.32573753 ], [ -8.43748415, 43.32567927 ], [ -8.43721901, 43.32559779 ], [ -8.43685646, 43.32543624 ], [ -8.43665048, 43.32529546 ], [ -8.43647269, 43.32518157 ], [ -8.43644031, 43.32510782 ], [ -8.43633787, 43.32497151 ], [ -8.43631144, 43.32495216 ] ] ] ] } },
{ "type": "Feature", "properties": { "CUSEC": "1503009005", "income_mean_household": 38391.0, "income_mean_person": 13662.0, "poverty_fixed_7500eur": 4.2, "poverty_relative_below60pct": 11.0, "affluence_relative_above200pct": 5.5, "child_poverty_relative_below60pct": null, "gini_index": 23.6, "p80p20_ratio": 2.0, "pct_under18": 32.0, "pct_over65": 3.5, "income_source_salary": 83.8, "income_source_pensions": 4.6, "income_source_unemployment": 1.3, "income_source_other_benefits": 3.9, "income_source_other_income": 6.4 }, "geometry": { "type": "MultiPolygon", "coordinates": [ [ [ [ -8.45335945, 43.32559166 ], [ -8.45335072, 43.32547462 ], [ -8.45273959, 43.3249811 ], [ -8.45261934, 43.32463834 ], [ -8.45226339, 43.32432865 ], [ -8.45156998, 43.32407925 ], [ -8.4512203, 43.32400824 ], [ -8.45082372, 43.32360017 ], [ -8.45021264, 43.32297305 ], [ -8.44981224, 43.32263253 ], [ -8.44924552, 43.32248809 ], [ -8.44763863, 43.32279734 ], [ -8.44677626, 43.32302264 ], [ -8.44661588, 43.32235644 ], [ -8.44612552, 43.32250238 ], [ -8.4456711, 43.32281889 ], [ -8.44496943, 43.32308444 ], [ -8.44461711, 43.32327279 ], [ -8.44470781, 43.3236209 ], [ -8.44405945, 43.32381209 ], [ -8.44248396, 43.32424395 ], [ -8.44169888, 43.32441064 ], [ -8.44089801, 43.32452358 ], [ -8.43967674, 43.3246777 ], [ -8.43914576, 43.3248098 ], [ -8.43925644, 43.32457355 ], [ -8.43928638, 43.32446625 ], [ -8.43935656, 43.32436667 ], [ -8.43958511, 43.32426915 ], [ -8.43979083, 43.32421122 ], [ -8.44015492, 43.32415535 ], [ -8.44047963, 43.32410136 ], [ -8.44080348, 43.32403779 ], [ -8.44111506, 43.32398442 ], [ -8.44122533, 43.32396463 ], [ -8.4412636, 43.32370124 ], [ -8.44123256, 43.32326538 ], [ -8.44148041, 43.32282204 ], [ -8.4424454, 43.32244943 ], [ -8.44319981, 43.32213352 ], [ -8.44376647, 43.32186156 ], [ -8.44395208, 43.32152614 ], [ -8.44421185, 43.32121635 ], [ -8.44484004, 43.32091811 ], [ -8.44492923, 43.32084388 ], [ -8.44516602, 43.32063431 ], [ -8.44531103, 43.32046994 ], [ -8.44535942, 43.32038599 ], [ -8.44541933, 43.32007408 ], [ -8.44560878, 43.31996007 ], [ -8.44580492, 43.31965331 ], [ -8.44596151, 43.3195292 ], [ -8.44615423, 43.31936255 ], [ -8.44666073, 43.31922174 ], [ -8.44699956, 43.31917056 ], [ -8.44741961, 43.31904553 ], [ -8.44770107, 43.31906707 ], [ -8.44793547, 43.31900922 ], [ -8.44861379, 43.3188252 ], [ -8.44897349, 43.31865057 ], [ -8.4492177, 43.3184348 ], [ -8.44934745, 43.31818952 ], [ -8.44954357, 43.31788275 ], [ -8.44948455, 43.31766982 ], [ -8.44964781, 43.31735296 ], [ -8.44974344, 43.31690522 ], [ -8.44995702, 43.31661511 ], [ -8.45006589, 43.31649328 ], [ -8.45010697, 43.31632804 ], [ -8.44975701, 43.31607653 ], [ -8.44966618, 43.31586512 ], [ -8.44976314, 43.31525404 ], [ -8.44990998, 43.31493213 ], [ -8.45010186, 43.3147076 ], [ -8.45085051, 43.31573829 ], [ -8.45337838, 43.31921816 ], [ -8.45647514, 43.32349918 ], [ -8.45647487, 43.3235002 ], [ -8.45571604, 43.32630505 ], [ -8.45555713, 43.32627465 ], [ -8.45531117, 43.32622759 ], [ -8.45506942, 43.32622739 ], [ -8.45477742, 43.32620606 ], [ -8.4543923, 43.32622449 ], [ -8.45391509, 43.32629438 ], [ -8.4538617, 43.3262381 ], [ -8.45376885, 43.32610136 ], [ -8.45366654, 43.32585917 ], [ -8.45351714, 43.32563101 ], [ -8.45335945, 43.32559166 ] ] ] ] } },
{ "type": "Feature", "properties": { "CUSEC": "1503009006", "income_mean_household": 39998.0, "income_mean_person": 14868.0, "poverty_fixed_7500eur": 3.2, "poverty_relative_below60pct": 10.1, "affluence_relative_above200pct": 6.7, "child_poverty_relative_below60pct": null, "gini_index": 24.1, "p80p20_ratio": 2.0, "pct_under18": 30.1, "pct_over65": 4.6, "income_source_salary": 84.4, "income_source_pensions": 5.9, "income_source_unemployment": 1.3, "income_source_other_benefits": 3.2, "income_source_other_income": 5.2 }, "geometry": { "type": "MultiPolygon", "coordinates": [ [ [ [ -8.43197003, 43.32612736 ], [ -8.43206799, 43.32613218 ], [ -8.43207929, 43.32611259 ], [ -8.43205218, 43.32624726 ], [ -8.43201729, 43.32636802 ], [ -8.43191602, 43.3265491 ], [ -8.43176065, 43.32670894 ], [ -8.43165006, 43.32678566 ], [ -8.43146926, 43.32688002 ], [ -8.43125993, 43.32694715 ], [ -8.43109919, 43.32697386 ], [ -8.43093449, 43.32702934 ], [ -8.43069959, 43.32710246 ], [ -8.43052486, 43.32719176 ], [ -8.43035522, 43.32733799 ], [ -8.43019547, 43.32752185 ], [ -8.430124, 43.32774438 ], [ -8.42998628, 43.32795578 ], [ -8.4302628, 43.32816823 ], [ -8.42986043, 43.32808508 ], [ -8.42954114, 43.32811911 ], [ -8.4291197, 43.32787563 ], [ -8.42837648, 43.32763806 ], [ -8.42825591, 43.32758732 ], [ -8.42854003, 43.32715964 ], [ -8.42876638, 43.32695121 ], [ -8.42895337, 43.32673523 ], [ -8.42912054, 43.32658608 ], [ -8.42934075, 43.32645323 ], [ -8.42955062, 43.32634911 ], [ -8.42977501, 43.32626313 ], [ -8.43007893, 43.32620159 ], [ -8.43028183, 43.32616369 ], [ -8.43067646, 43.32610725 ], [ -8.43090754, 43.32609624 ], [ -8.43129184, 43.32606852 ], [ -8.43153911, 43.3260944 ], [ -8.43175987, 43.32611212 ], [ -8.43196779, 43.32613045 ], [ -8.43197003, 43.32612736 ] ] ] ] } },
{ "type": "Feature", "properties": { "CUSEC": "1503009007", "income_mean_household": 66085.0, "income_mean_person": 20851.0, "poverty_fixed_7500eur": 3.0, "poverty_relative_below60pct": 6.3, "affluence_relative_above200pct": 27.9, "child_poverty_relative_below60pct": null, "gini_index": 28.5, "p80p20_ratio": 2.4, "pct_under18": 25.4, "pct_over65": 7.3, "income_source_salary": 76.7, "income_source_pensions": 7.0, "income_source_unemployment": 0.8, "income_source_other_benefits": 2.5, "income_source_other_income": 13.0 }, "geometry": { "type": "MultiPolygon", "coordinates": [ [ [ [ -8.41113114, 43.32469943 ], [ -8.41055809, 43.32406217 ], [ -8.41024227, 43.32345379 ], [ -8.41024758, 43.32290572 ], [ -8.40969745, 43.32266092 ], [ -8.40971544, 43.32265315 ], [ -8.40954282, 43.32232764 ], [ -8.40959447, 43.32234705 ], [ -8.40983057, 43.32250734 ], [ -8.40995766, 43.32261564 ], [ -8.41019949, 43.32254701 ], [ -8.41040318, 43.32248971 ], [ -8.41065969, 43.32243943 ], [ -8.41082778, 43.32242192 ], [ -8.41107467, 43.32241021 ], [ -8.41133457, 43.32239788 ], [ -8.41153117, 43.3224076 ], [ -8.411786, 43.32233835 ], [ -8.41205297, 43.32225898 ], [ -8.4123547, 43.32213034 ], [ -8.412568, 43.32203447 ], [ -8.412783, 43.32195757 ], [ -8.41301605, 43.32193698 ], [ -8.41312001, 43.32193205 ], [ -8.4133539, 43.32192094 ], [ -8.41368415, 43.32181952 ], [ -8.41414805, 43.32160695 ], [ -8.41441787, 43.32141312 ], [ -8.41461056, 43.32123247 ], [ -8.414701, 43.32107574 ], [ -8.41484151, 43.32060223 ], [ -8.41478795, 43.32014746 ], [ -8.41464903, 43.31990634 ], [ -8.41447484, 43.3195621 ], [ -8.41459379, 43.31943259 ], [ -8.41479863, 43.31924185 ], [ -8.41492096, 43.31915029 ], [ -8.41526398, 43.31875291 ], [ -8.41556274, 43.31841265 ], [ -8.41561221, 43.31838135 ], [ -8.4157111, 43.31827912 ], [ -8.41579727, 43.31818452 ], [ -8.41594023, 43.31806817 ], [ -8.41619315, 43.31786799 ], [ -8.41649749, 43.3176225 ], [ -8.4167348, 43.3174302 ], [ -8.41699662, 43.31722007 ], [ -8.41717036, 43.3170832 ], [ -8.41734086, 43.31694648 ], [ -8.41752067, 43.31680456 ], [ -8.41773997, 43.31662979 ], [ -8.41744693, 43.31626976 ], [ -8.41728562, 43.3160702 ], [ -8.41708744, 43.31589622 ], [ -8.4169353, 43.31576291 ], [ -8.41686674, 43.31572568 ], [ -8.41675899, 43.31568792 ], [ -8.41670491, 43.31566667 ], [ -8.41662964, 43.31562738 ], [ -8.41651054, 43.31553538 ], [ -8.41634174, 43.3153981 ], [ -8.41630284, 43.31536422 ], [ -8.4161766, 43.31526542 ], [ -8.41607311, 43.31516553 ], [ -8.41595409, 43.3150378 ], [ -8.41566896, 43.31472979 ], [ -8.41564506, 43.31457134 ], [ -8.41563817, 43.31445734 ], [ -8.4157189, 43.31437491 ], [ -8.41590246, 43.31420184 ], [ -8.41593, 43.31418148 ], [ -8.41616883, 43.31407963 ], [ -8.41623818, 43.31405251 ], [ -8.41630491, 43.31403267 ], [ -8.4164782, 43.31400062 ], [ -8.4167613, 43.31395621 ], [ -8.41695669, 43.31391597 ], [ -8.41727841, 43.31382923 ], [ -8.41802065, 43.31362962 ], [ -8.41814175, 43.31359767 ], [ -8.41836877, 43.31354639 ], [ -8.41874069, 43.31347393 ], [ -8.41900648, 43.31341843 ], [ -8.41955127, 43.31330918 ], [ -8.41985561, 43.31324708 ], [ -8.41974408, 43.31305707 ], [ -8.41963947, 43.31287149 ], [ -8.41956175, 43.312768 ], [ -8.41953845, 43.31272623 ], [ -8.41950959, 43.31265853 ], [ -8.41946632, 43.31253911 ], [ -8.4194388, 43.31244991 ], [ -8.4194285, 43.31240753 ], [ -8.4194094, 43.3122298 ], [ -8.4193996, 43.31215643 ], [ -8.41940554, 43.31211327 ], [ -8.41941969, 43.31197921 ], [ -8.4194327, 43.31186903 ], [ -8.41944458, 43.31178272 ], [ -8.4194917, 43.31161613 ], [ -8.41951481, 43.31154596 ], [ -8.41953049, 43.31150234 ], [ -8.4196887, 43.31122806 ], [ -8.41982693, 43.31098569 ], [ -8.41996642, 43.31075754 ], [ -8.42004228, 43.31062056 ], [ -8.42009355, 43.31053714 ], [ -8.42035775, 43.31020779 ], [ -8.42038297, 43.31016134 ], [ -8.42052591, 43.30993542 ], [ -8.42054006, 43.30990468 ], [ -8.42053736, 43.30990002 ], [ -8.42053898, 43.30989907 ], [ -8.4205671, 43.30981198 ], [ -8.42056866, 43.30979285 ], [ -8.42056754, 43.30970716 ], [ -8.42056233, 43.30961213 ], [ -8.42051744, 43.30954758 ], [ -8.42045525, 43.30947193 ], [ -8.42044445, 43.30946054 ], [ -8.42041331, 43.30944058 ], [ -8.42035055, 43.30943165 ], [ -8.42029689, 43.30941515 ], [ -8.42024792, 43.30940291 ], [ -8.42024782, 43.30940274 ], [ -8.42012786, 43.30938507 ], [ -8.41998538, 43.30939661 ], [ -8.41987841, 43.30940407 ], [ -8.41974659, 43.3093889 ], [ -8.41968163, 43.30939199 ], [ -8.41961018, 43.30939539 ], [ -8.41947398, 43.30940424 ], [ -8.41934406, 43.30941041 ], [ -8.41927847, 43.30940639 ], [ -8.41913429, 43.30939895 ], [ -8.41888428, 43.3093751 ], [ -8.41866004, 43.30934764 ], [ -8.41843581, 43.30932019 ], [ -8.41834946, 43.30930285 ], [ -8.41805215, 43.30922409 ], [ -8.41787516, 43.30917771 ], [ -8.41777088, 43.30914218 ], [ -8.41756452, 43.30905909 ], [ -8.41733846, 43.30897455 ], [ -8.41711396, 43.30887089 ], [ -8.41683213, 43.30874613 ], [ -8.41643333, 43.30855309 ], [ -8.41627138, 43.30845598 ], [ -8.41599824, 43.30831889 ], [ -8.41581399, 43.30822761 ], [ -8.41557848, 43.30811017 ], [ -8.41538406, 43.3080146 ], [ -8.41518576, 43.30791207 ], [ -8.41510684, 43.30786818 ], [ -8.41500829, 43.30778711 ], [ -8.41492359, 43.30771492 ], [ -8.41474119, 43.30757114 ], [ -8.41469149, 43.30752586 ], [ -8.41464117, 43.30747347 ], [ -8.41461138, 43.30743201 ], [ -8.41453819, 43.30734259 ], [ -8.4144715, 43.30725287 ], [ -8.41440311, 43.30714417 ], [ -8.41434603, 43.30701588 ], [ -8.41425541, 43.30687727 ], [ -8.41418909, 43.30671845 ], [ -8.41413935, 43.30659934 ], [ -8.41407923, 43.30647357 ], [ -8.41405265, 43.30635812 ], [ -8.41401078, 43.30610764 ], [ -8.41399685, 43.30595109 ], [ -8.41401067, 43.30577656 ], [ -8.41406037, 43.30552887 ], [ -8.41409005, 43.30542266 ], [ -8.41410738, 43.30532418 ], [ -8.41410485, 43.30529572 ], [ -8.41414702, 43.30521988 ], [ -8.4142551, 43.30500515 ], [ -8.41431422, 43.30489992 ], [ -8.4143946, 43.30477701 ], [ -8.41447802, 43.30465158 ], [ -8.41450931, 43.30460008 ], [ -8.41458564, 43.30454167 ], [ -8.41468366, 43.30447032 ], [ -8.4147446, 43.30442217 ], [ -8.41483236, 43.30438228 ], [ -8.41495438, 43.30432408 ], [ -8.41504603, 43.30429115 ], [ -8.41513413, 43.30429173 ], [ -8.41541187, 43.3042976 ], [ -8.41572293, 43.30431141 ], [ -8.41554749, 43.3040625 ], [ -8.41547324, 43.30396122 ], [ -8.41542857, 43.30389904 ], [ -8.41540059, 43.30373125 ], [ -8.41531737, 43.30338269 ], [ -8.41524029, 43.30310291 ], [ -8.41516357, 43.30275404 ], [ -8.41508752, 43.30230272 ], [ -8.41504869, 43.30204971 ], [ -8.4150531, 43.30191611 ], [ -8.41507336, 43.30166744 ], [ -8.41507036, 43.3015604 ], [ -8.4151001, 43.30123505 ], [ -8.41547437, 43.30133637 ], [ -8.415544, 43.30135488 ], [ -8.41546522, 43.30122007 ], [ -8.41953509, 43.30221503 ], [ -8.43762102, 43.30665948 ], [ -8.43718707, 43.30723482 ], [ -8.4369623, 43.30749325 ], [ -8.4367217, 43.30764763 ], [ -8.43622531, 43.30785946 ], [ -8.43582083, 43.30800497 ], [ -8.43584766, 43.30801322 ], [ -8.43551704, 43.30814569 ], [ -8.43504309, 43.30838979 ], [ -8.43479225, 43.30857562 ], [ -8.43461356, 43.30872943 ], [ -8.43442583, 43.30896465 ], [ -8.43435559, 43.30912758 ], [ -8.43429579, 43.30926143 ], [ -8.43406976, 43.31016302 ], [ -8.4340582, 43.3104351 ], [ -8.43410212, 43.31056162 ], [ -8.43415706, 43.31070192 ], [ -8.43421299, 43.3108898 ], [ -8.43419919, 43.31164788 ], [ -8.43419688, 43.31195049 ], [ -8.43425479, 43.31223355 ], [ -8.43377155, 43.31222799 ], [ -8.43298949, 43.31223667 ], [ -8.43255567, 43.31220018 ], [ -8.43228284, 43.31221317 ], [ -8.43210886, 43.31216429 ], [ -8.43187189, 43.31177543 ], [ -8.43181315, 43.31170201 ], [ -8.43174755, 43.31158843 ], [ -8.43051418, 43.31088974 ], [ -8.42994396, 43.3106406 ], [ -8.42928648, 43.31029081 ], [ -8.42886228, 43.31021573 ], [ -8.42874422, 43.31035473 ], [ -8.42818275, 43.31049579 ], [ -8.42796698, 43.31056322 ], [ -8.42766674, 43.31085381 ], [ -8.42738939, 43.31096228 ], [ -8.42707391, 43.3110821 ], [ -8.42658869, 43.31120046 ], [ -8.42624637, 43.31131202 ], [ -8.42614582, 43.31135492 ], [ -8.42586055, 43.31152093 ], [ -8.42559873, 43.31165724 ], [ -8.42511773, 43.31182304 ], [ -8.42468192, 43.31191046 ], [ -8.42438306, 43.31236293 ], [ -8.42373056, 43.31294656 ], [ -8.4228419, 43.31380817 ], [ -8.42249926, 43.31406265 ], [ -8.42200832, 43.31440993 ], [ -8.42182159, 43.31465699 ], [ -8.4216939, 43.31483455 ], [ -8.42130889, 43.31505293 ], [ -8.42110239, 43.31522471 ], [ -8.42103512, 43.31549468 ], [ -8.42079841, 43.31562026 ], [ -8.42067071, 43.31579782 ], [ -8.42059299, 43.31609686 ], [ -8.42058138, 43.31625938 ], [ -8.42068387, 43.3165308 ], [ -8.42022896, 43.31742895 ], [ -8.41999616, 43.31774489 ], [ -8.41977689, 43.31821262 ], [ -8.41947966, 43.31868406 ], [ -8.41919772, 43.31888801 ], [ -8.41956853, 43.31924196 ], [ -8.4199645, 43.31958518 ], [ -8.42037569, 43.32009917 ], [ -8.42017397, 43.32208092 ], [ -8.41970635, 43.32444689 ], [ -8.41953596, 43.32473128 ], [ -8.4194074, 43.32489935 ], [ -8.41820403, 43.32457544 ], [ -8.41768877, 43.32450465 ], [ -8.41715006, 43.32446355 ], [ -8.41647095, 43.3244577 ], [ -8.41579437, 43.3244803 ], [ -8.41507003, 43.32455281 ], [ -8.41434823, 43.32465377 ], [ -8.41393239, 43.32467352 ], [ -8.4130705, 43.32466679 ], [ -8.41233855, 43.3246539 ], [ -8.41178854, 43.32463236 ], [ -8.41113114, 43.32469943 ] ] ] ] } },
{ "type": "Feature", "properties": { "CUSEC": "1503010001", "income_mean_household": 32533.0, "income_mean_person": 13600.0, "poverty_fixed_7500eur": 9.4, "poverty_relative_below60pct": 25.3, "affluence_relative_above200pct": 7.5, "child_poverty_relative_below60pct": null, "gini_index": 30.0, "p80p20_ratio": 2.7, "pct_under18": 14.1, "pct_over65": 24.2, "income_source_salary": 56.1, "income_source_pensions": 28.1, "income_source_unemployment": 2.2, "income_source_other_benefits": 4.0, "income_source_other_income": 9.5 }, "geometry": { "type": "MultiPolygon", "coordinates": [ [ [ [ -8.44235064, 43.37038729 ], [ -8.44246555, 43.3703076 ], [ -8.44335583, 43.37004121 ], [ -8.44353867, 43.36982288 ], [ -8.44351612, 43.36957148 ], [ -8.44173398, 43.36848468 ], [ -8.44166775, 43.36818297 ], [ -8.44165784, 43.36814533 ], [ -8.44174407, 43.36765056 ], [ -8.44086488, 43.36753055 ], [ -8.43975042, 43.36711688 ], [ -8.43950797, 43.36696172 ], [ -8.43931517, 43.36692328 ], [ -8.43898474, 43.36702479 ], [ -8.43884042, 43.36701738 ], [ -8.43872692, 43.36698945 ], [ -8.4383655, 43.36696381 ], [ -8.43779759, 43.36703853 ], [ -8.43759872, 43.36700515 ], [ -8.4370566, 43.36671183 ], [ -8.43660463, 43.3669144 ], [ -8.43642912, 43.3671419 ], [ -8.43641952, 43.36718047 ], [ -8.4360102, 43.3672762 ], [ -8.43514151, 43.36734619 ], [ -8.43478998, 43.36735818 ], [ -8.43466335, 43.36740233 ], [ -8.43460287, 43.3674411 ], [ -8.4345249, 43.36676419 ], [ -8.43276049, 43.366057 ], [ -8.4336792, 43.36541539 ], [ -8.43413652, 43.36501726 ], [ -8.43398743, 43.36466471 ], [ -8.43312054, 43.36424394 ], [ -8.43292693, 43.36383158 ], [ -8.43254871, 43.36376385 ], [ -8.43198176, 43.36472454 ], [ -8.4314937, 43.3645239 ], [ -8.43130413, 43.36434437 ], [ -8.43113213, 43.36426112 ], [ -8.43099951, 43.36423136 ], [ -8.43085995, 43.36423065 ], [ -8.43060806, 43.36416637 ], [ -8.43045581, 43.36410259 ], [ -8.43031758, 43.36396129 ], [ -8.43027929, 43.36379141 ], [ -8.43024674, 43.36371852 ], [ -8.43024095, 43.36363122 ], [ -8.43018193, 43.3635485 ], [ -8.43011591, 43.36349971 ], [ -8.42989711, 43.36344528 ], [ -8.42977767, 43.36343012 ], [ -8.4296851, 43.36337633 ], [ -8.42948855, 43.36307962 ], [ -8.42942269, 43.36301625 ], [ -8.42930467, 43.36289205 ], [ -8.42929306, 43.3628073 ], [ -8.42932625, 43.36273879 ], [ -8.42931972, 43.3627391 ], [ -8.4293695, 43.36263633 ], [ -8.42937744, 43.36257858 ], [ -8.42937417, 43.36246878 ], [ -8.42930438, 43.3623478 ], [ -8.42923289, 43.36220778 ], [ -8.42917303, 43.36212457 ], [ -8.42907926, 43.36202864 ], [ -8.42898848, 43.36196603 ], [ -8.42883685, 43.36188241 ], [ -8.42860309, 43.36175968 ], [ -8.42843146, 43.36167223 ], [ -8.42827728, 43.36156005 ], [ -8.42798281, 43.36134459 ], [ -8.4276831, 43.36114372 ], [ -8.42743644, 43.36094988 ], [ -8.42723635, 43.3608086 ], [ -8.42722534, 43.36074968 ], [ -8.42720423, 43.36063674 ], [ -8.42717071, 43.36049608 ], [ -8.42714685, 43.36042006 ], [ -8.42711418, 43.36032707 ], [ -8.4269826, 43.3600534 ], [ -8.42689173, 43.35990139 ], [ -8.42680834, 43.3597643 ], [ -8.42672746, 43.35965349 ], [ -8.42659168, 43.35949839 ], [ -8.42649006, 43.35940424 ], [ -8.42640143, 43.35928959 ], [ -8.42629226, 43.35916361 ], [ -8.42622495, 43.35910068 ], [ -8.4261333, 43.35903469 ], [ -8.42559507, 43.35873807 ], [ -8.42544384, 43.35865258 ], [ -8.42537069, 43.3586007 ], [ -8.42521278, 43.35848863 ], [ -8.42519832, 43.35847836 ], [ -8.42512823, 43.3584003 ], [ -8.42492584, 43.35826773 ], [ -8.42459046, 43.35809705 ], [ -8.42437398, 43.35802051 ], [ -8.42413055, 43.35793443 ], [ -8.42397706, 43.35788388 ], [ -8.42340586, 43.35769584 ], [ -8.42330854, 43.35757597 ], [ -8.42330346, 43.35756972 ], [ -8.42329619, 43.35756079 ], [ -8.42402533, 43.35724561 ], [ -8.42502363, 43.35681407 ], [ -8.4251841, 43.35674473 ], [ -8.42534891, 43.35667352 ], [ -8.42634496, 43.35624297 ], [ -8.42654188, 43.35615787 ], [ -8.42655298, 43.35615307 ], [ -8.42656414, 43.35614824 ], [ -8.42657531, 43.35614343 ], [ -8.42659725, 43.35613392 ], [ -8.42663241, 43.35611805 ], [ -8.42773343, 43.35562078 ], [ -8.42968941, 43.35473726 ], [ -8.42976226, 43.35470433 ], [ -8.42983613, 43.35467091 ], [ -8.42989627, 43.35464277 ], [ -8.43045099, 43.35438259 ], [ -8.43123207, 43.35401621 ], [ -8.43208375, 43.35361677 ], [ -8.43231668, 43.35350753 ], [ -8.43222444, 43.35340287 ], [ -8.43219392, 43.35334237 ], [ -8.43211547, 43.35315345 ], [ -8.43184689, 43.35242256 ], [ -8.43178558, 43.35215914 ], [ -8.43172742, 43.35207023 ], [ -8.43156784, 43.35207287 ], [ -8.431528, 43.35207348 ], [ -8.43145951, 43.35207457 ], [ -8.4313824, 43.3520723 ], [ -8.43126967, 43.35206381 ], [ -8.43109726, 43.35204208 ], [ -8.43090113, 43.35200868 ], [ -8.43058136, 43.35194875 ], [ -8.43024534, 43.35188601 ], [ -8.42986609, 43.35181606 ], [ -8.42954976, 43.35175676 ], [ -8.42946923, 43.35174168 ], [ -8.42914835, 43.35168211 ], [ -8.42884028, 43.35162417 ], [ -8.42856888, 43.35157458 ], [ -8.42831345, 43.35152673 ], [ -8.42803409, 43.35147458 ], [ -8.42777285, 43.35142606 ], [ -8.42773328, 43.35141867 ], [ -8.42739899, 43.35135709 ], [ -8.42707494, 43.35129617 ], [ -8.42673349, 43.35123187 ], [ -8.4264068, 43.3511717 ], [ -8.42619126, 43.35113082 ], [ -8.42590895, 43.35107807 ], [ -8.42555361, 43.35101137 ], [ -8.42518346, 43.35094142 ], [ -8.42485299, 43.3508796 ], [ -8.42452289, 43.35081927 ], [ -8.42424489, 43.3507676 ], [ -8.42396481, 43.35071345 ], [ -8.42368477, 43.35065527 ], [ -8.42343138, 43.35059855 ], [ -8.42324472, 43.35055601 ], [ -8.42323032, 43.35055196 ], [ -8.42310269, 43.35051585 ], [ -8.42295737, 43.35047479 ], [ -8.42282095, 43.35043572 ], [ -8.42261879, 43.35036934 ], [ -8.42236942, 43.35027011 ], [ -8.42213148, 43.35016672 ], [ -8.42201383, 43.35010928 ], [ -8.42187529, 43.35004223 ], [ -8.42169632, 43.34994462 ], [ -8.42161778, 43.34989855 ], [ -8.42156259, 43.34986611 ], [ -8.42142839, 43.34978259 ], [ -8.42132037, 43.34970995 ], [ -8.42129511, 43.34969245 ], [ -8.42121226, 43.34963494 ], [ -8.42111547, 43.34956261 ], [ -8.42099874, 43.34946961 ], [ -8.42099057, 43.34946272 ], [ -8.42092214, 43.34940509 ], [ -8.42085394, 43.34934884 ], [ -8.42071206, 43.34921972 ], [ -8.42069334, 43.34920258 ], [ -8.42067523, 43.34918611 ], [ -8.42056807, 43.349075 ], [ -8.42039142, 43.34889151 ], [ -8.42040703, 43.34888603 ], [ -8.42066858, 43.34879432 ], [ -8.42083941, 43.3487344 ], [ -8.4208706, 43.34872436 ], [ -8.42090057, 43.34871479 ], [ -8.42163125, 43.34848102 ], [ -8.42179807, 43.34842766 ], [ -8.42234302, 43.34825431 ], [ -8.42234462, 43.34825379 ], [ -8.42234498, 43.34825368 ], [ -8.42235064, 43.34825186 ], [ -8.42236216, 43.3482482 ], [ -8.42240724, 43.34823387 ], [ -8.42247867, 43.34821115 ], [ -8.42255927, 43.34818551 ], [ -8.42265924, 43.34815392 ], [ -8.42277111, 43.34811863 ], [ -8.42288156, 43.34808378 ], [ -8.42302306, 43.34803914 ], [ -8.42313486, 43.34800387 ], [ -8.4232066, 43.34798122 ], [ -8.42326002, 43.34796438 ], [ -8.42336722, 43.34793055 ], [ -8.42342675, 43.34791176 ], [ -8.42353673, 43.34787706 ], [ -8.42358614, 43.34786148 ], [ -8.42370669, 43.34782666 ], [ -8.42381874, 43.34779451 ], [ -8.42394113, 43.34775937 ], [ -8.42400401, 43.3477413 ], [ -8.42405184, 43.34772573 ], [ -8.42413751, 43.34769787 ], [ -8.4242277, 43.34766854 ], [ -8.42431409, 43.34764045 ], [ -8.42441693, 43.34760702 ], [ -8.42458526, 43.34755304 ], [ -8.42471514, 43.34751178 ], [ -8.42486467, 43.34746425 ], [ -8.42498016, 43.3474274 ], [ -8.42504903, 43.3474054 ], [ -8.42518577, 43.3473621 ], [ -8.42530624, 43.34732407 ], [ -8.42547249, 43.34727141 ], [ -8.4256357, 43.3472196 ], [ -8.42570539, 43.34719745 ], [ -8.4258023, 43.34716672 ], [ -8.42589362, 43.34713778 ], [ -8.42599324, 43.3471059 ], [ -8.42608512, 43.34707628 ], [ -8.42618906, 43.34704304 ], [ -8.426298, 43.34700862 ], [ -8.42636328, 43.34698798 ], [ -8.42646327, 43.34695582 ], [ -8.42658882, 43.34691504 ], [ -8.42665458, 43.34689411 ], [ -8.42671738, 43.34687433 ], [ -8.42682807, 43.34683947 ], [ -8.4269138, 43.34681247 ], [ -8.42702263, 43.34677803 ], [ -8.42708932, 43.34675683 ], [ -8.42713907, 43.34674104 ], [ -8.42722279, 43.34671446 ], [ -8.42737039, 43.34666634 ], [ -8.42748045, 43.34663035 ], [ -8.42755691, 43.34660534 ], [ -8.42764051, 43.34657799 ], [ -8.42767396, 43.34656703 ], [ -8.42773966, 43.34654554 ], [ -8.42782356, 43.3465173 ], [ -8.42792138, 43.34648425 ], [ -8.42803692, 43.34644519 ], [ -8.42815715, 43.34640453 ], [ -8.42828412, 43.34636134 ], [ -8.42838329, 43.34632762 ], [ -8.42846383, 43.34630022 ], [ -8.42852012, 43.34628107 ], [ -8.4285945, 43.34625576 ], [ -8.42864826, 43.34623594 ], [ -8.42872938, 43.34620605 ], [ -8.42883238, 43.34616808 ], [ -8.428962, 43.3461203 ], [ -8.42903207, 43.34609447 ], [ -8.42912909, 43.34605871 ], [ -8.4292625, 43.34600953 ], [ -8.42934961, 43.34597742 ], [ -8.42943362, 43.34594687 ], [ -8.4294908, 43.3459263 ], [ -8.42951159, 43.34591881 ], [ -8.42955005, 43.34590496 ], [ -8.42963884, 43.34587297 ], [ -8.4297131, 43.34584622 ], [ -8.42981595, 43.34580917 ], [ -8.4299136, 43.34577398 ], [ -8.43002143, 43.34573515 ], [ -8.43011309, 43.34570213 ], [ -8.43018551, 43.34567604 ], [ -8.4302427, 43.34565544 ], [ -8.43032698, 43.34562498 ], [ -8.43039364, 43.34560088 ], [ -8.43047537, 43.34557135 ], [ -8.43054343, 43.34554767 ], [ -8.43065572, 43.34550986 ], [ -8.43076411, 43.34547335 ], [ -8.43084694, 43.34544677 ], [ -8.43095242, 43.34541377 ], [ -8.43102941, 43.34538968 ], [ -8.4310702, 43.34537692 ], [ -8.43116995, 43.34534571 ], [ -8.43127974, 43.34531135 ], [ -8.43137681, 43.345281 ], [ -8.4314603, 43.34525442 ], [ -8.43153178, 43.34523109 ], [ -8.43158538, 43.34521356 ], [ -8.43165177, 43.34519189 ], [ -8.43171859, 43.34516986 ], [ -8.43182281, 43.34513535 ], [ -8.4319286, 43.3451002 ], [ -8.43200862, 43.34507356 ], [ -8.43205638, 43.34505766 ], [ -8.43209654, 43.3450443 ], [ -8.43213633, 43.34503104 ], [ -8.43218961, 43.34501326 ], [ -8.43225414, 43.34499311 ], [ -8.43232652, 43.34497058 ], [ -8.43237137, 43.34495688 ], [ -8.43243426, 43.34493814 ], [ -8.43250085, 43.34491831 ], [ -8.4325822, 43.34489422 ], [ -8.43264797, 43.34487483 ], [ -8.43271649, 43.3448546 ], [ -8.4327756, 43.34483764 ], [ -8.43283995, 43.34481944 ], [ -8.43288797, 43.3448059 ], [ -8.43292163, 43.3447975 ], [ -8.43297362, 43.34478451 ], [ -8.43302595, 43.34477145 ], [ -8.43305716, 43.34476449 ], [ -8.43309533, 43.34475598 ], [ -8.43315143, 43.3447435 ], [ -8.4331759, 43.34473864 ], [ -8.43324306, 43.34472586 ], [ -8.43324649, 43.34472521 ], [ -8.43332039, 43.34471114 ], [ -8.4333635, 43.34470378 ], [ -8.43344558, 43.34469017 ], [ -8.43352112, 43.34467765 ], [ -8.43355437, 43.34467291 ], [ -8.43361086, 43.34466513 ], [ -8.43370422, 43.34465229 ], [ -8.43373837, 43.34464823 ], [ -8.43378194, 43.34464367 ], [ -8.43381898, 43.3446398 ], [ -8.43385189, 43.34463635 ], [ -8.43389981, 43.34463134 ], [ -8.43403952, 43.34461758 ], [ -8.43420671, 43.34460284 ], [ -8.43438542, 43.3445939 ], [ -8.43457997, 43.34458867 ], [ -8.43480579, 43.34458626 ], [ -8.43496061, 43.34458557 ], [ -8.43512679, 43.34458663 ], [ -8.43531502, 43.34458981 ], [ -8.43553582, 43.34459504 ], [ -8.43576197, 43.34460198 ], [ -8.43613212, 43.34461095 ], [ -8.43632312, 43.34461567 ], [ -8.43645744, 43.34461893 ], [ -8.43664526, 43.34462063 ], [ -8.43681894, 43.34462107 ], [ -8.43698113, 43.34461973 ], [ -8.43722083, 43.34461264 ], [ -8.43740852, 43.34460143 ], [ -8.437683, 43.344579 ], [ -8.43775294, 43.34457328 ], [ -8.43793042, 43.34455656 ], [ -8.43812942, 43.3445351 ], [ -8.43827149, 43.34451662 ], [ -8.43844803, 43.34449455 ], [ -8.43852237, 43.34448332 ], [ -8.43869242, 43.34445436 ], [ -8.43892648, 43.34441139 ], [ -8.43906094, 43.34438571 ], [ -8.43918297, 43.34435992 ], [ -8.43931317, 43.34433143 ], [ -8.43944348, 43.34430108 ], [ -8.43957747, 43.34426844 ], [ -8.43962476, 43.3442566 ], [ -8.43971776, 43.34423166 ], [ -8.43983931, 43.34419774 ], [ -8.4399665, 43.34416171 ], [ -8.44002859, 43.34414311 ], [ -8.44017932, 43.34409597 ], [ -8.44027557, 43.34406378 ], [ -8.44036242, 43.34403473 ], [ -8.44043429, 43.34401008 ], [ -8.44053266, 43.34397618 ], [ -8.44061733, 43.34394458 ], [ -8.44069772, 43.34391314 ], [ -8.44081688, 43.34386462 ], [ -8.44093784, 43.34381683 ], [ -8.44107937, 43.34376109 ], [ -8.44121438, 43.34370778 ], [ -8.44133266, 43.34366018 ], [ -8.4414828, 43.34359665 ], [ -8.44160322, 43.3435445 ], [ -8.44171968, 43.34349384 ], [ -8.44181372, 43.3434504 ], [ -8.4420192, 43.34335547 ], [ -8.44218468, 43.34327902 ], [ -8.44228166, 43.34323424 ], [ -8.44232474, 43.34321429 ], [ -8.44237509, 43.34319014 ], [ -8.44241709, 43.34316998 ], [ -8.44245644, 43.34315104 ], [ -8.44247457, 43.34314217 ], [ -8.44249103, 43.34313316 ], [ -8.44253197, 43.34311075 ], [ -8.4425919, 43.34307793 ], [ -8.442903, 43.34290725 ], [ -8.44324876, 43.34270931 ], [ -8.44351105, 43.34255152 ], [ -8.44358219, 43.34250509 ], [ -8.44374845, 43.3423796 ], [ -8.44386954, 43.34223836 ], [ -8.44394056, 43.34214992 ], [ -8.44401498, 43.34201984 ], [ -8.44406812, 43.34189934 ], [ -8.4440928, 43.34179925 ], [ -8.44418573, 43.34167501 ], [ -8.44427003, 43.34147637 ], [ -8.44437595, 43.34120217 ], [ -8.4444372, 43.34106261 ], [ -8.4444513, 43.34102446 ], [ -8.44445448, 43.34102524 ], [ -8.44445759, 43.34102604 ], [ -8.44463406, 43.34107065 ], [ -8.44535879, 43.34241338 ], [ -8.44531862, 43.34292844 ], [ -8.445052, 43.34325625 ], [ -8.44432534, 43.34354303 ], [ -8.44437419, 43.34367571 ], [ -8.44511048, 43.34597216 ], [ -8.4455774, 43.34747087 ], [ -8.44563003, 43.34763979 ], [ -8.45617922, 43.34917894 ], [ -8.45981713, 43.34971597 ], [ -8.46460531, 43.35233332 ], [ -8.46579813, 43.35298527 ], [ -8.46758621, 43.35379975 ], [ -8.46827924, 43.35546793 ], [ -8.46889986, 43.35619438 ], [ -8.46901107, 43.35633306 ], [ -8.46933132, 43.35687588 ], [ -8.4694556, 43.35770713 ], [ -8.46855984, 43.35762405 ], [ -8.46793949, 43.35731171 ], [ -8.46756705, 43.35783373 ], [ -8.46760029, 43.35806617 ], [ -8.46734262, 43.35849263 ], [ -8.46714761, 43.35920419 ], [ -8.46686491, 43.35935275 ], [ -8.46586585, 43.35935567 ], [ -8.46577565, 43.35945 ], [ -8.46595971, 43.35957622 ], [ -8.46606006, 43.35986847 ], [ -8.46569701, 43.36008394 ], [ -8.46511834, 43.3598236 ], [ -8.46494863, 43.3599938 ], [ -8.46501151, 43.36014381 ], [ -8.46461235, 43.36036999 ], [ -8.46405529, 43.36048673 ], [ -8.46328172, 43.36025375 ], [ -8.4628673, 43.36030959 ], [ -8.46279661, 43.36048404 ], [ -8.46230523, 43.3605076 ], [ -8.46206552, 43.36031198 ], [ -8.46183197, 43.36045824 ], [ -8.46138425, 43.36028164 ], [ -8.4610886, 43.3602868 ], [ -8.46061733, 43.35998528 ], [ -8.46038353, 43.36026655 ], [ -8.46034448, 43.36065552 ], [ -8.45996668, 43.36084466 ], [ -8.4597445, 43.36043217 ], [ -8.45949742, 43.360291 ], [ -8.4593639, 43.36031537 ], [ -8.45929964, 43.36056151 ], [ -8.45897863, 43.36055889 ], [ -8.45875245, 43.36065073 ], [ -8.45875264, 43.36051571 ], [ -8.45822901, 43.36018066 ], [ -8.45772876, 43.3601056 ], [ -8.45763654, 43.35990297 ], [ -8.45791362, 43.35969164 ], [ -8.45755213, 43.35937588 ], [ -8.45734371, 43.3596649 ], [ -8.45688072, 43.35986715 ], [ -8.45668879, 43.36006537 ], [ -8.45664048, 43.36062584 ], [ -8.45626024, 43.36078804 ], [ -8.45655328, 43.36089104 ], [ -8.45666685, 43.36105668 ], [ -8.45740177, 43.3614086 ], [ -8.45750628, 43.36161066 ], [ -8.45780413, 43.36176742 ], [ -8.45798222, 43.36210097 ], [ -8.45816631, 43.36222721 ], [ -8.45827971, 43.36252786 ], [ -8.45868232, 43.36275162 ], [ -8.45863781, 43.3629428 ], [ -8.45917354, 43.36286315 ], [ -8.45933088, 43.36337774 ], [ -8.45973047, 43.36343064 ], [ -8.46006741, 43.36374758 ], [ -8.45965817, 43.36413628 ], [ -8.45913316, 43.36419741 ], [ -8.45905845, 43.36432704 ], [ -8.45916297, 43.3645291 ], [ -8.45904291, 43.3648409 ], [ -8.45907961, 43.36497417 ], [ -8.45892011, 43.36539592 ], [ -8.45905749, 43.3655514 ], [ -8.45854733, 43.36605295 ], [ -8.45853208, 43.36643178 ], [ -8.45830088, 43.36660489 ], [ -8.45841671, 43.36693244 ], [ -8.45872124, 43.36702586 ], [ -8.45874363, 43.3674119 ], [ -8.45820263, 43.36770787 ], [ -8.458082, 43.3678757 ], [ -8.45770915, 43.36798356 ], [ -8.45736536, 43.36786497 ], [ -8.45702516, 43.36806131 ], [ -8.45704208, 43.36824957 ], [ -8.45725058, 43.36850967 ], [ -8.45734749, 43.36890112 ], [ -8.45759143, 43.36900646 ], [ -8.4576764, 43.36912843 ], [ -8.45771694, 43.36944157 ], [ -8.45692231, 43.37007375 ], [ -8.45690076, 43.37024584 ], [ -8.45653039, 43.37038058 ], [ -8.4563753, 43.37057706 ], [ -8.45556977, 43.37081367 ], [ -8.45495419, 43.37055507 ], [ -8.4546913, 43.37051361 ], [ -8.45436723, 43.37034005 ], [ -8.45387981, 43.37040841 ], [ -8.45366326, 43.37060782 ], [ -8.453397, 43.37066556 ], [ -8.4531738, 43.37092832 ], [ -8.45270002, 43.37114901 ], [ -8.45229637, 43.37160046 ], [ -8.45196015, 43.37184157 ], [ -8.45175327, 43.37214854 ], [ -8.45150976, 43.37232224 ], [ -8.45142329, 43.37259642 ], [ -8.45114713, 43.37268166 ], [ -8.45091672, 43.37286371 ], [ -8.45047352, 43.3728759 ], [ -8.45024931, 43.37326471 ], [ -8.44980593, 43.37341195 ], [ -8.44957587, 43.37332391 ], [ -8.44924258, 43.37277272 ], [ -8.44879376, 43.37272212 ], [ -8.44853146, 43.37282469 ], [ -8.44827771, 43.37274682 ], [ -8.44798604, 43.37279677 ], [ -8.44771164, 43.37276486 ], [ -8.44725197, 43.37286783 ], [ -8.44690948, 43.37271864 ], [ -8.44698599, 43.37254742 ], [ -8.446444, 43.37225653 ], [ -8.44529851, 43.37178962 ], [ -8.44496512, 43.37156735 ], [ -8.44410025, 43.37087981 ], [ -8.44308494, 43.37048049 ], [ -8.44235064, 43.37038729 ] ] ] ] } },
{ "type": "Feature", "properties": { "CUSEC": "1503010002", "income_mean_household": 37377.0, "income_mean_person": 15254.0, "poverty_fixed_7500eur": 7.9, "poverty_relative_below60pct": 16.8, "affluence_relative_above200pct": 6.6, "child_poverty_relative_below60pct": null, "gini_index": 27.0, "p80p20_ratio": 2.4, "pct_under18": 11.6, "pct_over65": 33.5, "income_source_salary": 53.3, "income_source_pensions": 34.7, "income_source_unemployment": 1.4, "income_source_other_benefits": 3.7, "income_source_other_income": 6.9 }, "geometry": { "type": "MultiPolygon", "coordinates": [ [ [ [ -8.42278067, 43.36034311 ], [ -8.42247964, 43.35990445 ], [ -8.42242967, 43.35982567 ], [ -8.42240995, 43.35977696 ], [ -8.42240227, 43.35975789 ], [ -8.42239649, 43.35969015 ], [ -8.42241029, 43.35958944 ], [ -8.42242956, 43.35949601 ], [ -8.42246708, 43.35940325 ], [ -8.42250648, 43.35933899 ], [ -8.42260893, 43.35918902 ], [ -8.42261759, 43.35917649 ], [ -8.42263811, 43.3591463 ], [ -8.42266846, 43.35908324 ], [ -8.42268658, 43.35900798 ], [ -8.42268504, 43.35893702 ], [ -8.42267476, 43.35887403 ], [ -8.42265876, 43.35882755 ], [ -8.42263196, 43.35878043 ], [ -8.42261795, 43.35876244 ], [ -8.4230416, 43.35859814 ], [ -8.42410047, 43.35812054 ], [ -8.42437398, 43.35802051 ], [ -8.42459046, 43.35809705 ], [ -8.42492584, 43.35826773 ], [ -8.42512823, 43.3584003 ], [ -8.42519832, 43.35847836 ], [ -8.42521278, 43.35848863 ], [ -8.42537069, 43.3586007 ], [ -8.42533613, 43.35863755 ], [ -8.42531267, 43.35866262 ], [ -8.42528328, 43.3586942 ], [ -8.42527279, 43.35870528 ], [ -8.42520973, 43.35877261 ], [ -8.42518261, 43.35880958 ], [ -8.42509927, 43.35895709 ], [ -8.42503398, 43.35906283 ], [ -8.42496374, 43.35915783 ], [ -8.4248589, 43.3592958 ], [ -8.42481099, 43.35934753 ], [ -8.42476969, 43.35938668 ], [ -8.4247383, 43.35941264 ], [ -8.42465348, 43.35948279 ], [ -8.42457741, 43.3595422 ], [ -8.42447326, 43.35961721 ], [ -8.42439954, 43.35966404 ], [ -8.42431498, 43.35971556 ], [ -8.42421962, 43.35976704 ], [ -8.42409824, 43.35982622 ], [ -8.42397495, 43.35988071 ], [ -8.42386471, 43.35992456 ], [ -8.4237859, 43.3599562 ], [ -8.42278964, 43.36035623 ], [ -8.42278067, 43.36034311 ] ] ] ] } },
{ "type": "Feature", "properties": { "CUSEC": "1503010003", "income_mean_household": 36575.0, "income_mean_person": 15588.0, "poverty_fixed_7500eur": 5.8, "poverty_relative_below60pct": 13.9, "affluence_relative_above200pct": 5.6, "child_poverty_relative_below60pct": null, "gini_index": 25.1, "p80p20_ratio": 2.2, "pct_under18": 9.5, "pct_over65": 34.8, "income_source_salary": 50.3, "income_source_pensions": 37.1, "income_source_unemployment": 1.7, "income_source_other_benefits": 3.2, "income_source_other_income": 7.7 }, "geometry": { "type": "MultiPolygon", "coordinates": [ [ [ [ -8.42359107, 43.3609932 ], [ -8.42314833, 43.36072939 ], [ -8.42300047, 43.36064119 ], [ -8.42295532, 43.36059747 ], [ -8.42278964, 43.36035623 ], [ -8.4237859, 43.3599562 ], [ -8.42386471, 43.35992456 ], [ -8.42397495, 43.35988071 ], [ -8.42409824, 43.35982622 ], [ -8.42421962, 43.35976704 ], [ -8.42431498, 43.35971556 ], [ -8.42439954, 43.35966404 ], [ -8.42447326, 43.35961721 ], [ -8.42457741, 43.3595422 ], [ -8.42465348, 43.35948279 ], [ -8.4247383, 43.35941264 ], [ -8.42476969, 43.35938668 ], [ -8.42481099, 43.35934753 ], [ -8.4248589, 43.3592958 ], [ -8.42496374, 43.35915783 ], [ -8.42503398, 43.35906283 ], [ -8.42509927, 43.35895709 ], [ -8.42518261, 43.35880958 ], [ -8.42520973, 43.35877261 ], [ -8.42527279, 43.35870528 ], [ -8.42528328, 43.3586942 ], [ -8.42531267, 43.35866262 ], [ -8.42533613, 43.35863755 ], [ -8.42537069, 43.3586007 ], [ -8.42544384, 43.35865258 ], [ -8.42559507, 43.35873807 ], [ -8.4261333, 43.35903469 ], [ -8.42622495, 43.35910068 ], [ -8.42629226, 43.35916361 ], [ -8.42640143, 43.35928959 ], [ -8.42649006, 43.35940424 ], [ -8.42651342, 43.35950645 ], [ -8.42652294, 43.35957764 ], [ -8.42653157, 43.35975173 ], [ -8.42652591, 43.35981535 ], [ -8.42651, 43.35986769 ], [ -8.42635343, 43.36014947 ], [ -8.42625978, 43.36029316 ], [ -8.42624937, 43.36030816 ], [ -8.42617411, 43.3604163 ], [ -8.42612208, 43.36048607 ], [ -8.42602164, 43.36060363 ], [ -8.42594447, 43.36068229 ], [ -8.42587859, 43.36074292 ], [ -8.42584902, 43.36077007 ], [ -8.42565495, 43.36092116 ], [ -8.42552925, 43.36100611 ], [ -8.42540121, 43.36107982 ], [ -8.42521181, 43.36118119 ], [ -8.42496092, 43.36131011 ], [ -8.42489197, 43.36134237 ], [ -8.4244874, 43.36152737 ], [ -8.42359107, 43.3609932 ] ] ] ] } },
{ "type": "Feature", "properties": { "CUSEC": "1503010004", "income_mean_household": 35262.0, "income_mean_person": 15023.0, "poverty_fixed_7500eur": 7.8, "poverty_relative_below60pct": 17.2, "affluence_relative_above200pct": 6.2, "child_poverty_relative_below60pct": null, "gini_index": 26.1, "p80p20_ratio": 2.4, "pct_under18": 11.9, "pct_over65": 29.6, "income_source_salary": 56.9, "income_source_pensions": 29.7, "income_source_unemployment": 1.4, "income_source_other_benefits": 3.6, "income_source_other_income": 8.5 }, "geometry": { "type": "MultiPolygon", "coordinates": [ [ [ [ -8.42487867, 43.36176049 ], [ -8.42453355, 43.36155486 ], [ -8.4244874, 43.36152737 ], [ -8.42489197, 43.36134237 ], [ -8.42496092, 43.36131011 ], [ -8.42521181, 43.36118119 ], [ -8.42540121, 43.36107982 ], [ -8.42552925, 43.36100611 ], [ -8.42565495, 43.36092116 ], [ -8.42584902, 43.36077007 ], [ -8.42587859, 43.36074292 ], [ -8.42594447, 43.36068229 ], [ -8.42602164, 43.36060363 ], [ -8.42612208, 43.36048607 ], [ -8.42617411, 43.3604163 ], [ -8.42624937, 43.36030816 ], [ -8.42625978, 43.36029316 ], [ -8.42635343, 43.36014947 ], [ -8.42651, 43.35986769 ], [ -8.42652591, 43.35981535 ], [ -8.42653157, 43.35975173 ], [ -8.42652294, 43.35957764 ], [ -8.42651342, 43.35950645 ], [ -8.42649006, 43.35940424 ], [ -8.42659168, 43.35949839 ], [ -8.42672746, 43.35965349 ], [ -8.42680834, 43.3597643 ], [ -8.42689173, 43.35990139 ], [ -8.4269826, 43.3600534 ], [ -8.42711418, 43.36032707 ], [ -8.42714685, 43.36042006 ], [ -8.42717071, 43.36049608 ], [ -8.42720423, 43.36063674 ], [ -8.42722534, 43.36074968 ], [ -8.42723635, 43.3608086 ], [ -8.42725296, 43.3608975 ], [ -8.42726232, 43.36099057 ], [ -8.42726717, 43.36106386 ], [ -8.42725975, 43.36114279 ], [ -8.42724897, 43.36120614 ], [ -8.42723566, 43.36125517 ], [ -8.42720479, 43.36134854 ], [ -8.42715086, 43.36146546 ], [ -8.42709587, 43.36156314 ], [ -8.42702409, 43.36166417 ], [ -8.4269578, 43.36174856 ], [ -8.42689104, 43.36182001 ], [ -8.42682506, 43.36188019 ], [ -8.4267449, 43.36194426 ], [ -8.42665802, 43.36200586 ], [ -8.42656655, 43.36206265 ], [ -8.42647266, 43.36211415 ], [ -8.42638573, 43.36215594 ], [ -8.42627226, 43.36220184 ], [ -8.42617062, 43.36223764 ], [ -8.42606406, 43.36226852 ], [ -8.42594666, 43.36229898 ], [ -8.42584568, 43.36232464 ], [ -8.4258315, 43.36232821 ], [ -8.42487867, 43.36176049 ] ] ] ] } },
{ "type": "Feature", "properties": { "CUSEC": "1503010005", "income_mean_household": 44455.0, "income_mean_person": 18592.0, "poverty_fixed_7500eur": 4.2, "poverty_relative_below60pct": 9.4, "affluence_relative_above200pct": 16.7, "child_poverty_relative_below60pct": 10.8, "gini_index": 27.2, "p80p20_ratio": 2.2, "pct_under18": 20.9, "pct_over65": 13.2, "income_source_salary": 74.1, "income_source_pensions": 11.0, "income_source_unemployment": 0.8, "income_source_other_benefits": 2.6, "income_source_other_income": 11.6 }, "geometry": { "type": "MultiPolygon", "coordinates": [ [ [ [ -8.41689953, 43.35669774 ], [ -8.41689521, 43.35669532 ], [ -8.4168339, 43.35666096 ], [ -8.41658906, 43.35652402 ], [ -8.41655272, 43.35650495 ], [ -8.41651928, 43.35649043 ], [ -8.41647894, 43.35647636 ], [ -8.41643538, 43.35646364 ], [ -8.41639796, 43.35645534 ], [ -8.41617898, 43.35641002 ], [ -8.41556467, 43.35628279 ], [ -8.41549373, 43.35626811 ], [ -8.41542352, 43.35625363 ], [ -8.41538745, 43.35624614 ], [ -8.4152861, 43.35622518 ], [ -8.4150978, 43.35618612 ], [ -8.41474654, 43.35611347 ], [ -8.41385858, 43.35592953 ], [ -8.41378706, 43.35591478 ], [ -8.41368, 43.35589262 ], [ -8.41364089, 43.35588299 ], [ -8.41372106, 43.3557601 ], [ -8.41373744, 43.35573469 ], [ -8.41377705, 43.35565748 ], [ -8.41378272, 43.35564626 ], [ -8.41398041, 43.35526041 ], [ -8.41402934, 43.35516487 ], [ -8.41408972, 43.35504712 ], [ -8.41409827, 43.35503023 ], [ -8.41437496, 43.35446284 ], [ -8.41438854, 43.35443687 ], [ -8.41442412, 43.35436926 ], [ -8.41451056, 43.35420447 ], [ -8.41462081, 43.3539944 ], [ -8.41465682, 43.35393273 ], [ -8.41468999, 43.35387367 ], [ -8.41475995, 43.35375727 ], [ -8.41483167, 43.35363788 ], [ -8.41493555, 43.35347124 ], [ -8.41495935, 43.35343443 ], [ -8.41503728, 43.35331445 ], [ -8.41512328, 43.35318663 ], [ -8.41518293, 43.35310023 ], [ -8.41526557, 43.35297947 ], [ -8.41535286, 43.35285797 ], [ -8.4154153, 43.35277173 ], [ -8.41542702, 43.35275552 ], [ -8.41551741, 43.35263393 ], [ -8.41553677, 43.35260788 ], [ -8.41565084, 43.35245943 ], [ -8.41577776, 43.35230041 ], [ -8.41590034, 43.35215228 ], [ -8.41604347, 43.35198264 ], [ -8.41615271, 43.35185544 ], [ -8.41637581, 43.35160175 ], [ -8.41529144, 43.35103229 ], [ -8.41542183, 43.3508703 ], [ -8.41436487, 43.35027857 ], [ -8.41489102, 43.34989086 ], [ -8.41492949, 43.34986836 ], [ -8.41513276, 43.34979475 ], [ -8.41450222, 43.34917953 ], [ -8.41744746, 43.34695565 ], [ -8.41748196, 43.34697198 ], [ -8.41755246, 43.34700528 ], [ -8.41757675, 43.34701676 ], [ -8.417604, 43.3470297 ], [ -8.41785485, 43.34714831 ], [ -8.4179584, 43.34719619 ], [ -8.41809143, 43.34725764 ], [ -8.41868064, 43.34753475 ], [ -8.41979264, 43.34804817 ], [ -8.41991209, 43.34823295 ], [ -8.41995969, 43.34838299 ], [ -8.42023385, 43.34870146 ], [ -8.42036794, 43.34886898 ], [ -8.42040703, 43.34888603 ], [ -8.42039142, 43.34889151 ], [ -8.42056807, 43.349075 ], [ -8.42067523, 43.34918611 ], [ -8.42069334, 43.34920258 ], [ -8.42071206, 43.34921972 ], [ -8.42085394, 43.34934884 ], [ -8.42092214, 43.34940509 ], [ -8.42099057, 43.34946272 ], [ -8.42099874, 43.34946961 ], [ -8.42111547, 43.34956261 ], [ -8.42121226, 43.34963494 ], [ -8.42129511, 43.34969245 ], [ -8.42132037, 43.34970995 ], [ -8.42142839, 43.34978259 ], [ -8.42156259, 43.34986611 ], [ -8.42161778, 43.34989855 ], [ -8.42169632, 43.34994462 ], [ -8.42187529, 43.35004223 ], [ -8.42201383, 43.35010928 ], [ -8.42213148, 43.35016672 ], [ -8.42236942, 43.35027011 ], [ -8.42261879, 43.35036934 ], [ -8.42282095, 43.35043572 ], [ -8.42295737, 43.35047479 ], [ -8.42310269, 43.35051585 ], [ -8.42323032, 43.35055196 ], [ -8.42324472, 43.35055601 ], [ -8.42343138, 43.35059855 ], [ -8.42368477, 43.35065527 ], [ -8.42396481, 43.35071345 ], [ -8.42424489, 43.3507676 ], [ -8.42452289, 43.35081927 ], [ -8.42485299, 43.3508796 ], [ -8.42518346, 43.35094142 ], [ -8.42555361, 43.35101137 ], [ -8.42590895, 43.35107807 ], [ -8.42619126, 43.35113082 ], [ -8.4264068, 43.3511717 ], [ -8.42673349, 43.35123187 ], [ -8.42707494, 43.35129617 ], [ -8.42739899, 43.35135709 ], [ -8.42773328, 43.35141867 ], [ -8.42777285, 43.35142606 ], [ -8.42803409, 43.35147458 ], [ -8.42831345, 43.35152673 ], [ -8.42856888, 43.35157458 ], [ -8.42884028, 43.35162417 ], [ -8.42914835, 43.35168211 ], [ -8.42946923, 43.35174168 ], [ -8.42954976, 43.35175676 ], [ -8.42986609, 43.35181606 ], [ -8.43024534, 43.35188601 ], [ -8.43058136, 43.35194875 ], [ -8.43090113, 43.35200868 ], [ -8.43109726, 43.35204208 ], [ -8.43126967, 43.35206381 ], [ -8.4313824, 43.3520723 ], [ -8.43145951, 43.35207457 ], [ -8.431528, 43.35207348 ], [ -8.43156784, 43.35207287 ], [ -8.43172742, 43.35207023 ], [ -8.43178558, 43.35215914 ], [ -8.43184689, 43.35242256 ], [ -8.43211547, 43.35315345 ], [ -8.43219392, 43.35334237 ], [ -8.43222444, 43.35340287 ], [ -8.43231668, 43.35350753 ], [ -8.43208375, 43.35361677 ], [ -8.43123207, 43.35401621 ], [ -8.43045099, 43.35438259 ], [ -8.42989627, 43.35464277 ], [ -8.42983613, 43.35467091 ], [ -8.42976226, 43.35470433 ], [ -8.42968941, 43.35473726 ], [ -8.42773343, 43.35562078 ], [ -8.42663241, 43.35611805 ], [ -8.42659725, 43.35613392 ], [ -8.42657531, 43.35614343 ], [ -8.42656414, 43.35614824 ], [ -8.42655298, 43.35615307 ], [ -8.42654188, 43.35615787 ], [ -8.42634496, 43.35624297 ], [ -8.42534891, 43.35667352 ], [ -8.4251841, 43.35674473 ], [ -8.42502363, 43.35681407 ], [ -8.42402533, 43.35724561 ], [ -8.42329619, 43.35756079 ], [ -8.42330346, 43.35756972 ], [ -8.42279172, 43.35778063 ], [ -8.4216519, 43.35656769 ], [ -8.42119248, 43.35639422 ], [ -8.41889182, 43.35599863 ], [ -8.41832186, 43.35604953 ], [ -8.41769352, 43.35625088 ], [ -8.41714827, 43.35650544 ], [ -8.41689953, 43.35669774 ] ] ] ] } },
{ "type": "Feature", "properties": { "CUSEC": "1503010006", "income_mean_household": 46445.0, "income_mean_person": 19834.0, "poverty_fixed_7500eur": 2.8, "poverty_relative_below60pct": 7.0, "affluence_relative_above200pct": 20.2, "child_poverty_relative_below60pct": null, "gini_index": 25.7, "p80p20_ratio": 2.2, "pct_under18": 15.2, "pct_over65": 23.2, "income_source_salary": 64.1, "income_source_pensions": 18.2, "income_source_unemployment": 0.5, "income_source_other_benefits": 3.0, "income_source_other_income": 14.2 }, "geometry": { "type": "MultiPolygon", "coordinates": [ [ [ [ -8.41844287, 43.35756079 ], [ -8.41838921, 43.35753083 ], [ -8.41751259, 43.35704055 ], [ -8.41745707, 43.35700958 ], [ -8.41740053, 43.35697786 ], [ -8.41703471, 43.3567733 ], [ -8.41701436, 43.35676182 ], [ -8.41689953, 43.35669774 ], [ -8.41714827, 43.35650544 ], [ -8.41769352, 43.35625088 ], [ -8.41832186, 43.35604953 ], [ -8.41889182, 43.35599863 ], [ -8.42119248, 43.35639422 ], [ -8.4216519, 43.35656769 ], [ -8.42279172, 43.35778063 ], [ -8.42330346, 43.35756972 ], [ -8.42330854, 43.35757597 ], [ -8.42340586, 43.35769584 ], [ -8.42397706, 43.35788388 ], [ -8.42413055, 43.35793443 ], [ -8.42437398, 43.35802051 ], [ -8.42410047, 43.35812054 ], [ -8.4230416, 43.35859814 ], [ -8.42261795, 43.35876244 ], [ -8.42253005, 43.35864961 ], [ -8.42243944, 43.35853551 ], [ -8.42239102, 43.35847441 ], [ -8.42208226, 43.35808537 ], [ -8.42157713, 43.35830983 ], [ -8.42153769, 43.35832874 ], [ -8.42133995, 43.35842363 ], [ -8.42124648, 43.35846846 ], [ -8.42116851, 43.35850587 ], [ -8.42102036, 43.35857707 ], [ -8.42081049, 43.35866426 ], [ -8.42041711, 43.35882784 ], [ -8.42023704, 43.3589367 ], [ -8.41997418, 43.35904866 ], [ -8.4197334, 43.35871831 ], [ -8.41972571, 43.35870776 ], [ -8.41954666, 43.35846004 ], [ -8.41927052, 43.35807782 ], [ -8.41924326, 43.3580423 ], [ -8.41922068, 43.35801491 ], [ -8.41919683, 43.35799253 ], [ -8.41916794, 43.35796889 ], [ -8.41912865, 43.35794428 ], [ -8.41906605, 43.35790929 ], [ -8.41849922, 43.35759231 ], [ -8.41844287, 43.35756079 ] ] ] ] } }
]
}
